[2026-05-21T22:47:22.741818+00:00] smoke test begin
[2026-05-21T22:47:22.743505+00:00] smoke test PASS
  .env file=PASS (ok)
  config loaded=PASS (ok)
  pystray import=PASS (ok)
  Pillow import=PASS (ok)
  openwakeword import=PASS (ok)
  onnxruntime import=PASS (ok)
  sounddevice import=PASS (ok)
  pyttsx3 import=PASS (ok)
  microphone query=FAIL (No module named 'sounddevice')
[2026-05-21T22:47:22.879868+00:00] startup header
  executable=C:\Users\babi2\AppData\Local\Programs\Python\Python313\python.exe
  version=3.13.0
  cwd=C:\J.A.R.V.I.S\local_jarvis
  env=yes
  mode=smoke
[2026-05-21T22:47:22.929770+00:00] import pystray: FAIL
Traceback (most recent call last):
  File "C:\J.A.R.V.I.S\local_jarvis\core\startup.py", line 145, in probe_optional_imports
    __import__(module)
    ~~~~~~~~~~^^^^^^^^
ModuleNotFoundError: No module named 'pystray'

[2026-05-21T22:47:22.932769+00:00] import Pillow: ok
[2026-05-21T22:47:24.556557+00:00] import openwakeword: ok
[2026-05-21T22:47:24.557429+00:00] import onnxruntime: ok
[2026-05-21T22:47:24.558648+00:00] import sounddevice: FAIL
Traceback (most recent call last):
  File "C:\J.A.R.V.I.S\local_jarvis\core\startup.py", line 145, in probe_optional_imports
    __import__(module)
    ~~~~~~~~~~^^^^^^^^
ModuleNotFoundError: No module named 'sounddevice'

[2026-05-21T22:47:24.560137+00:00] import pyttsx3: FAIL
Traceback (most recent call last):
  File "C:\J.A.R.V.I.S\local_jarvis\core\startup.py", line 145, in probe_optional_imports
    __import__(module)
    ~~~~~~~~~~^^^^^^^^
ModuleNotFoundError: No module named 'pyttsx3'

[2026-05-21T22:47:24.561742+00:00] import PySide6: FAIL
Traceback (most recent call last):
  File "C:\J.A.R.V.I.S\local_jarvis\core\startup.py", line 145, in probe_optional_imports
    __import__(module)
    ~~~~~~~~~~^^^^^^^^
ModuleNotFoundError: No module named 'PySide6'

[2026-05-21T22:47:39.081702+00:00] smoke test begin
[2026-05-21T22:47:39.082937+00:00] smoke test PASS
  .env file=PASS (ok)
  config loaded=PASS (ok)
  pystray import=PASS (ok)
  Pillow import=PASS (ok)
  openwakeword import=PASS (ok)
  onnxruntime import=PASS (ok)
  sounddevice import=PASS (ok)
  pyttsx3 import=PASS (ok)
  microphone query=FAIL (No module named 'sounddevice')
[2026-05-21T22:47:39.140023+00:00] startup header
  executable=C:\Users\babi2\AppData\Local\Programs\Python\Python313\python.exe
  version=3.13.0
  cwd=C:\J.A.R.V.I.S\local_jarvis
  env=yes
  mode=tray+wakeword+speak
[2026-05-21T22:47:39.188232+00:00] import pystray: FAIL
Traceback (most recent call last):
  File "C:\J.A.R.V.I.S\local_jarvis\core\startup.py", line 145, in probe_optional_imports
    __import__(module)
    ~~~~~~~~~~^^^^^^^^
ModuleNotFoundError: No module named 'pystray'

[2026-05-21T22:47:39.189198+00:00] import Pillow: ok
[2026-05-21T22:47:39.190010+00:00] import openwakeword: ok
[2026-05-21T22:47:39.190698+00:00] import onnxruntime: ok
[2026-05-21T22:47:39.191654+00:00] import sounddevice: FAIL
Traceback (most recent call last):
  File "C:\J.A.R.V.I.S\local_jarvis\core\startup.py", line 145, in probe_optional_imports
    __import__(module)
    ~~~~~~~~~~^^^^^^^^
ModuleNotFoundError: No module named 'sounddevice'

[2026-05-21T22:47:39.192811+00:00] import pyttsx3: FAIL
Traceback (most recent call last):
  File "C:\J.A.R.V.I.S\local_jarvis\core\startup.py", line 145, in probe_optional_imports
    __import__(module)
    ~~~~~~~~~~^^^^^^^^
ModuleNotFoundError: No module named 'pyttsx3'

[2026-05-21T22:47:39.193976+00:00] import PySide6: FAIL
Traceback (most recent call last):
  File "C:\J.A.R.V.I.S\local_jarvis\core\startup.py", line 145, in probe_optional_imports
    __import__(module)
    ~~~~~~~~~~^^^^^^^^
ModuleNotFoundError: No module named 'PySide6'

[2026-05-21T22:47:39.242359+00:00] startup header
  executable=C:\Users\babi2\AppData\Local\Programs\Python\Python313\python.exe
  version=3.13.0
  cwd=C:\J.A.R.V.I.S\local_jarvis
  env=yes
  mode=tray+wakeword+speak
[2026-05-21T22:47:39.243290+00:00] startup
  mode=tray
  wake=True
  voice=False
  speak=True
  python=C:\Users\babi2\AppData\Local\Programs\Python\Python313\python.exe
[2026-05-21T22:47:39.244175+00:00] tray: entering main loop
[2026-05-21T22:47:39.245260+00:00] tray: main loop ended
[2026-05-21T22:47:39.555081+00:00] watchdog started
[2026-05-21T22:47:39.559007+00:00] tray icon run() starting
[2026-05-21T22:47:39.565751+00:00] tray keepalive: icon.run() returned early
[2026-05-21T22:50:32.281935+00:00] smoke test begin
[2026-05-21T22:50:32.283458+00:00] smoke test PASS
  .env file=PASS (ok)
  config loaded=PASS (ok)
  pystray import=PASS (ok)
  Pillow import=PASS (ok)
  openwakeword import=PASS (ok)
  onnxruntime import=PASS (ok)
  sounddevice import=PASS (ok)
  pyttsx3 import=PASS (ok)
  microphone query=FAIL (No module named 'sounddevice')
[2026-05-21T22:50:32.288269+00:00] startup header
  executable=C:\Users\babi2\AppData\Local\Programs\Python\Python313\python.exe
  version=3.13.0
  cwd=C:\J.A.R.V.I.S\local_jarvis
  env=yes
  mode=tray+wakeword+speak
[2026-05-21T22:50:32.289243+00:00] startup header
  executable=C:\Users\babi2\AppData\Local\Programs\Python\Python313\python.exe
  version=3.13.0
  cwd=C:\J.A.R.V.I.S\local_jarvis
  env=yes
  mode=tray+wakeword+speak
[2026-05-21T22:50:32.290147+00:00] startup
  mode=tray
  wake=True
  voice=False
  speak=True
  python=C:\Users\babi2\AppData\Local\Programs\Python\Python313\python.exe
[2026-05-21T22:50:32.290881+00:00] tray: entering main loop
[2026-05-21T22:50:32.292245+00:00] tray: main loop ended
[2026-05-21T22:50:32.621607+00:00] watchdog started
[2026-05-21T22:50:32.624980+00:00] tray icon run() starting
[2026-05-21T22:50:32.644875+00:00] tray keepalive: icon.run() returned early
[2026-05-21T22:52:48.739046+00:00] startup header
  executable=C:\Users\babi2\AppData\Local\Programs\Python\Python313\python.exe
  version=3.13.0
  cwd=C:\J.A.R.V.I.S\local_jarvis
  env=yes
  mode=tray+wakeword+speak
[2026-05-21T22:52:48.740443+00:00] startup header
  executable=C:\Users\babi2\AppData\Local\Programs\Python\Python313\python.exe
  version=3.13.0
  cwd=C:\J.A.R.V.I.S\local_jarvis
  env=yes
  mode=tray+wakeword+speak
[2026-05-21T22:52:48.741460+00:00] startup
  mode=tray
  wake=True
  voice=False
  speak=True
  python=C:\Users\babi2\AppData\Local\Programs\Python\Python313\python.exe
[2026-05-21T22:52:48.742174+00:00] tray: entering main loop
[2026-05-21T22:52:48.743265+00:00] tray: main loop ended
[2026-05-21T22:52:53.580594+00:00] startup header
  executable=C:\Users\babi2\AppData\Local\Programs\Python\Python313\python.exe
  version=3.13.0
  cwd=C:\J.A.R.V.I.S\local_jarvis
  env=yes
  mode=smoke
[2026-05-21T22:52:53.631085+00:00] smoke test begin
[2026-05-21T22:52:55.552976+00:00] smoke test PASS
  .env file=PASS (ok)
  config loaded=PASS (ok)
  pystray import=FAIL (ModuleNotFoundError: No module named 'pystray')
  Pillow import=PASS (ok)
  openwakeword import=PASS (ok)
  onnxruntime import=PASS (ok)
  sounddevice import=FAIL (ModuleNotFoundError: No module named 'sounddevice')
  pyttsx3 import=FAIL (ModuleNotFoundError: No module named 'pyttsx3')
  microphone query=FAIL (skipped (sounddevice not available))
[2026-05-21T22:52:55.554037+00:00] import pystray: FAIL
Traceback (most recent call last):
  File "C:\J.A.R.V.I.S\local_jarvis\core\startup.py", line 145, in probe_optional_imports
    __import__(module)
    ~~~~~~~~~~^^^^^^^^
ModuleNotFoundError: No module named 'pystray'

[2026-05-21T22:52:55.555371+00:00] import Pillow: ok
[2026-05-21T22:52:55.556166+00:00] import openwakeword: ok
[2026-05-21T22:52:55.556894+00:00] import onnxruntime: ok
[2026-05-21T22:52:55.557843+00:00] import sounddevice: FAIL
Traceback (most recent call last):
  File "C:\J.A.R.V.I.S\local_jarvis\core\startup.py", line 145, in probe_optional_imports
    __import__(module)
    ~~~~~~~~~~^^^^^^^^
ModuleNotFoundError: No module named 'sounddevice'

[2026-05-21T22:52:55.559174+00:00] import pyttsx3: FAIL
Traceback (most recent call last):
  File "C:\J.A.R.V.I.S\local_jarvis\core\startup.py", line 145, in probe_optional_imports
    __import__(module)
    ~~~~~~~~~~^^^^^^^^
ModuleNotFoundError: No module named 'pyttsx3'

[2026-05-21T22:52:55.560454+00:00] import PySide6: FAIL
Traceback (most recent call last):
  File "C:\J.A.R.V.I.S\local_jarvis\core\startup.py", line 145, in probe_optional_imports
    __import__(module)
    ~~~~~~~~~~^^^^^^^^
ModuleNotFoundError: No module named 'PySide6'

[2026-05-21T22:52:55.727461+00:00] smoke test begin
[2026-05-21T22:52:55.728799+00:00] smoke test PASS
  .env file=PASS (ok)
  config loaded=PASS (ok)
  pystray import=PASS (ok)
  Pillow import=PASS (ok)
  openwakeword import=PASS (ok)
  onnxruntime import=PASS (ok)
  sounddevice import=PASS (ok)
  pyttsx3 import=PASS (ok)
  microphone query=FAIL (No module named 'sounddevice')
[2026-05-21T22:52:55.734479+00:00] startup header
  executable=C:\Users\babi2\AppData\Local\Programs\Python\Python313\python.exe
  version=3.13.0
  cwd=C:\J.A.R.V.I.S\local_jarvis
  env=yes
  mode=tray+wakeword+speak
[2026-05-21T22:52:55.735405+00:00] startup header
  executable=C:\Users\babi2\AppData\Local\Programs\Python\Python313\python.exe
  version=3.13.0
  cwd=C:\J.A.R.V.I.S\local_jarvis
  env=yes
  mode=tray+wakeword+speak
[2026-05-21T22:52:55.736281+00:00] startup
  mode=tray
  wake=True
  voice=False
  speak=True
  python=C:\Users\babi2\AppData\Local\Programs\Python\Python313\python.exe
[2026-05-21T22:52:55.737041+00:00] tray: entering main loop
[2026-05-21T22:52:55.738350+00:00] tray: main loop ended
[2026-05-21T22:52:55.746449+00:00] watchdog started
[2026-05-21T22:52:55.749553+00:00] tray icon run() starting
[2026-05-21T22:52:55.755525+00:00] tray keepalive: icon.run() returned early
[2026-05-21T22:56:15.511644+00:00] smoke test begin
[2026-05-21T22:56:15.512920+00:00] smoke test PASS
  .env file=PASS (ok)
  config loaded=PASS (ok)
  pystray import=PASS (ok)
  Pillow import=PASS (ok)
  openwakeword import=PASS (ok)
  onnxruntime import=PASS (ok)
  sounddevice import=PASS (ok)
  pyttsx3 import=PASS (ok)
  microphone query=FAIL (No module named 'sounddevice')
[2026-05-21T22:56:15.517946+00:00] startup header
  executable=C:\Users\babi2\AppData\Local\Programs\Python\Python313\python.exe
  version=3.13.0
  cwd=C:\J.A.R.V.I.S\local_jarvis
  env=yes
  mode=tray+wakeword+speak
[2026-05-21T22:56:15.518932+00:00] startup header
  executable=C:\Users\babi2\AppData\Local\Programs\Python\Python313\python.exe
  version=3.13.0
  cwd=C:\J.A.R.V.I.S\local_jarvis
  env=yes
  mode=tray+wakeword+speak
[2026-05-21T22:56:15.519932+00:00] startup
  mode=tray
  wake=True
  voice=False
  speak=True
  python=C:\Users\babi2\AppData\Local\Programs\Python\Python313\python.exe
[2026-05-21T22:56:15.520702+00:00] tray: entering main loop
[2026-05-21T22:56:15.521958+00:00] tray: main loop ended
[2026-05-21T22:56:15.529617+00:00] watchdog started
[2026-05-21T22:56:15.532683+00:00] tray icon run() starting
[2026-05-21T22:56:15.538658+00:00] tray run() ended
[2026-05-21T22:56:15.549296+00:00] watchdog started
[2026-05-21T22:56:15.552014+00:00] tray icon run() starting
[2026-05-21T22:56:15.554148+00:00] tray run() ended
[2026-05-21T22:56:15.556616+00:00] startup header
  executable=C:\Users\babi2\AppData\Local\Programs\Python\Python313\python.exe
  version=3.13.0
  cwd=C:\J.A.R.V.I.S\local_jarvis
  env=yes
  mode=smoke
[2026-05-21T22:56:15.560096+00:00] startup header
  executable=C:\Users\babi2\AppData\Local\Programs\Python\Python313\python.exe
  version=3.13.0
  cwd=C:\J.A.R.V.I.S\local_jarvis
  env=yes
  mode=tray+debug-startup
[2026-05-21T22:56:15.561189+00:00] startup header
  executable=C:\Users\babi2\AppData\Local\Programs\Python\Python313\python.exe
  version=3.13.0
  cwd=C:\J.A.R.V.I.S\local_jarvis
  env=yes
  mode=tray+debug-startup
[2026-05-21T22:56:15.562057+00:00] startup
  mode=tray
  wake=False
  voice=False
  speak=False
  python=C:\Users\babi2\AppData\Local\Programs\Python\Python313\python.exe
[2026-05-21T22:56:15.562949+00:00] tray: entering main loop
[2026-05-21T22:56:15.564975+00:00] tray: main loop ended
[2026-05-21T22:56:20.247457+00:00] startup header
  executable=C:\Users\babi2\AppData\Local\Programs\Python\Python313\python.exe
  version=3.13.0
  cwd=C:\J.A.R.V.I.S\local_jarvis
  env=yes
  mode=safe-mode
[2026-05-21T22:56:20.297766+00:00] safe-mode start
[2026-05-21T22:56:20.670190+00:00] startup header
  executable=C:\Users\babi2\AppData\Local\Programs\Python\Python313\python.exe
  version=3.13.0
  cwd=C:\J.A.R.V.I.S\local_jarvis
  env=yes
  mode=safe-mode
[2026-05-21T22:56:20.671086+00:00] safe-mode entering text loop
[2026-05-21T22:56:23.054628+00:00] smoke test begin
[2026-05-21T22:56:23.056510+00:00] smoke test PASS
  .env file=PASS (ok)
  config loaded=PASS (ok)
  pystray import=PASS (ok)
  Pillow import=PASS (ok)
  openwakeword import=PASS (ok)
  onnxruntime import=PASS (ok)
  sounddevice import=PASS (ok)
  pyttsx3 import=PASS (ok)
  microphone query=FAIL (No module named 'sounddevice')
[2026-05-21T22:56:23.062264+00:00] startup header
  executable=C:\Users\babi2\AppData\Local\Programs\Python\Python313\python.exe
  version=3.13.0
  cwd=C:\J.A.R.V.I.S\local_jarvis
  env=yes
  mode=tray+wakeword+speak
[2026-05-21T22:56:23.063570+00:00] startup header
  executable=C:\Users\babi2\AppData\Local\Programs\Python\Python313\python.exe
  version=3.13.0
  cwd=C:\J.A.R.V.I.S\local_jarvis
  env=yes
  mode=tray+wakeword+speak
[2026-05-21T22:56:23.064574+00:00] startup
  mode=tray
  wake=True
  voice=False
  speak=True
  python=C:\Users\babi2\AppData\Local\Programs\Python\Python313\python.exe
[2026-05-21T22:56:23.065640+00:00] tray: entering main loop
[2026-05-21T22:56:23.067432+00:00] tray: main loop ended
[2026-05-21T22:56:23.072369+00:00] watchdog started
[2026-05-21T22:56:23.073518+00:00] tray icon run() starting
[2026-05-21T22:56:23.075007+00:00] tray run() ended
[2026-05-21T22:56:23.082134+00:00] watchdog started
[2026-05-21T22:56:23.083093+00:00] tray icon run() starting
[2026-05-21T22:56:23.084782+00:00] tray run() ended
[2026-05-21T22:56:23.087374+00:00] startup header
  executable=C:\Users\babi2\AppData\Local\Programs\Python\Python313\python.exe
  version=3.13.0
  cwd=C:\J.A.R.V.I.S\local_jarvis
  env=yes
  mode=smoke
[2026-05-21T22:56:23.091775+00:00] startup header
  executable=C:\Users\babi2\AppData\Local\Programs\Python\Python313\python.exe
  version=3.13.0
  cwd=C:\J.A.R.V.I.S\local_jarvis
  env=yes
  mode=tray+debug-startup
[2026-05-21T22:56:23.092950+00:00] startup header
  executable=C:\Users\babi2\AppData\Local\Programs\Python\Python313\python.exe
  version=3.13.0
  cwd=C:\J.A.R.V.I.S\local_jarvis
  env=yes
  mode=tray+debug-startup
[2026-05-21T22:56:23.094074+00:00] startup
  mode=tray
  wake=False
  voice=False
  speak=False
  python=C:\Users\babi2\AppData\Local\Programs\Python\Python313\python.exe
[2026-05-21T22:56:23.095221+00:00] tray: entering main loop
[2026-05-21T22:56:23.101634+00:00] tray: main loop ended
[2026-05-21T23:00:47.830746+00:00] startup header
  executable=C:\Users\babi2\AppData\Local\Programs\Python\Python313\python.exe
  version=3.13.0
  cwd=C:\J.A.R.V.I.S\local_jarvis
  env=yes
  mode=smoke
[2026-05-21T23:00:47.880914+00:00] smoke test begin
[2026-05-21T23:00:49.785803+00:00] smoke test PASS
  .env file=PASS (ok)
  config loaded=PASS (ok)
  pystray import=FAIL (ModuleNotFoundError: No module named 'pystray')
  Pillow import=PASS (ok)
  openwakeword import=PASS (ok)
  onnxruntime import=PASS (ok)
  sounddevice import=FAIL (ModuleNotFoundError: No module named 'sounddevice')
  pyttsx3 import=FAIL (ModuleNotFoundError: No module named 'pyttsx3')
  microphone query=FAIL (skipped (sounddevice not available))
[2026-05-21T23:00:49.786881+00:00] import pystray: FAIL
Traceback (most recent call last):
  File "C:\J.A.R.V.I.S\local_jarvis\core\startup.py", line 145, in probe_optional_imports
    __import__(module)
    ~~~~~~~~~~^^^^^^^^
ModuleNotFoundError: No module named 'pystray'

[2026-05-21T23:00:49.788268+00:00] import Pillow: ok
[2026-05-21T23:00:49.789013+00:00] import openwakeword: ok
[2026-05-21T23:00:49.789747+00:00] import onnxruntime: ok
[2026-05-21T23:00:49.790727+00:00] import sounddevice: FAIL
Traceback (most recent call last):
  File "C:\J.A.R.V.I.S\local_jarvis\core\startup.py", line 145, in probe_optional_imports
    __import__(module)
    ~~~~~~~~~~^^^^^^^^
ModuleNotFoundError: No module named 'sounddevice'

[2026-05-21T23:00:49.791938+00:00] import pyttsx3: FAIL
Traceback (most recent call last):
  File "C:\J.A.R.V.I.S\local_jarvis\core\startup.py", line 145, in probe_optional_imports
    __import__(module)
    ~~~~~~~~~~^^^^^^^^
ModuleNotFoundError: No module named 'pyttsx3'

[2026-05-21T23:00:49.793046+00:00] import PySide6: FAIL
Traceback (most recent call last):
  File "C:\J.A.R.V.I.S\local_jarvis\core\startup.py", line 145, in probe_optional_imports
    __import__(module)
    ~~~~~~~~~~^^^^^^^^
ModuleNotFoundError: No module named 'PySide6'

[2026-05-21T23:01:01.363888+00:00] startup header
  executable=C:\Users\babi2\AppData\Local\Programs\Python\Python313\python.exe
  version=3.13.0
  cwd=C:\J.A.R.V.I.S\local_jarvis
  env=yes
  mode=tray+voice+wakeword+speak+debug-startup
[2026-05-21T23:01:01.414735+00:00] import pystray: FAIL
Traceback (most recent call last):
  File "C:\J.A.R.V.I.S\local_jarvis\core\startup.py", line 145, in probe_optional_imports
    __import__(module)
    ~~~~~~~~~~^^^^^^^^
ModuleNotFoundError: No module named 'pystray'

[2026-05-21T23:01:01.423026+00:00] import Pillow: ok
[2026-05-21T23:01:03.165576+00:00] import openwakeword: ok
[2026-05-21T23:01:03.166418+00:00] import onnxruntime: ok
[2026-05-21T23:01:03.167398+00:00] import sounddevice: FAIL
Traceback (most recent call last):
  File "C:\J.A.R.V.I.S\local_jarvis\core\startup.py", line 145, in probe_optional_imports
    __import__(module)
    ~~~~~~~~~~^^^^^^^^
ModuleNotFoundError: No module named 'sounddevice'

[2026-05-21T23:01:03.168806+00:00] import pyttsx3: FAIL
Traceback (most recent call last):
  File "C:\J.A.R.V.I.S\local_jarvis\core\startup.py", line 145, in probe_optional_imports
    __import__(module)
    ~~~~~~~~~~^^^^^^^^
ModuleNotFoundError: No module named 'pyttsx3'

[2026-05-21T23:01:03.170070+00:00] import PySide6: FAIL
Traceback (most recent call last):
  File "C:\J.A.R.V.I.S\local_jarvis\core\startup.py", line 145, in probe_optional_imports
    __import__(module)
    ~~~~~~~~~~^^^^^^^^
ModuleNotFoundError: No module named 'PySide6'

[2026-05-21T23:01:03.411815+00:00] startup header
  executable=C:\Users\babi2\AppData\Local\Programs\Python\Python313\python.exe
  version=3.13.0
  cwd=C:\J.A.R.V.I.S\local_jarvis
  env=yes
  mode=tray+voice+wakeword+speak+debug-startup
[2026-05-21T23:01:03.412873+00:00] startup
  mode=tray
  wake=True
  voice=True
  speak=True
  python=C:\Users\babi2\AppData\Local\Programs\Python\Python313\python.exe
[2026-05-21T23:01:03.415493+00:00] tray: entering main loop
[2026-05-21T23:01:03.418409+00:00] Startup failed: pystray is not installed: No module named 'pystray'. Run: pip install pystray Pillow
Traceback (most recent call last):
  File "C:\J.A.R.V.I.S\local_jarvis\ui\tray_app.py", line 316, in start
    import pystray
ModuleNotFoundError: No module named 'pystray'

The above exception was the direct cause of the following exception:

Traceback (most recent call last):
  File "C:\J.A.R.V.I.S\local_jarvis\main.py", line 192, in main
    tray_app.start(debug_startup=args.debug_startup)
    ~~~~~~~~~~~~~~^^^^^^^^^^^^^^^^^^^^^^^^^^^^^^^^^^
  File "C:\J.A.R.V.I.S\local_jarvis\ui\tray_app.py", line 318, in start
    raise StartupError(
        f"pystray is not installed: {exc}. Run: pip install pystray Pillow"
    ) from exc
core.startup.StartupError: pystray is not installed: No module named 'pystray'. Run: pip install pystray Pillow

[2026-05-21T23:03:51.669952+00:00] startup header
  executable=C:\Users\babi2\AppData\Local\Programs\Python\Python313\python.exe
  version=3.13.0
  cwd=C:\J.A.R.V.I.S\local_jarvis
  env=yes
  mode=smoke
[2026-05-21T23:03:51.721053+00:00] smoke test begin
[2026-05-21T23:03:53.823365+00:00] smoke test PASS
  .env file=PASS (ok)
  config loaded=PASS (ok)
  pystray import=PASS (ok)
  Pillow import=PASS (ok)
  openwakeword import=PASS (ok)
  onnxruntime import=PASS (ok)
  sounddevice import=PASS (ok)
  pyttsx3 import=PASS (ok)
  microphone query=PASS (17 input device(s))
[2026-05-21T23:03:53.824217+00:00] import pystray: ok
[2026-05-21T23:03:53.824936+00:00] import Pillow: ok
[2026-05-21T23:03:53.825602+00:00] import openwakeword: ok
[2026-05-21T23:03:53.826303+00:00] import onnxruntime: ok
[2026-05-21T23:03:53.826984+00:00] import sounddevice: ok
[2026-05-21T23:03:53.827645+00:00] import pyttsx3: ok
[2026-05-21T23:03:53.828695+00:00] import PySide6: FAIL
Traceback (most recent call last):
  File "C:\J.A.R.V.I.S\local_jarvis\core\startup.py", line 145, in probe_optional_imports
    __import__(module)
    ~~~~~~~~~~^^^^^^^^
ModuleNotFoundError: No module named 'PySide6'

[2026-05-21T23:03:59.778955+00:00] startup header
  executable=C:\Users\babi2\AppData\Local\Programs\Python\Python313\python.exe
  version=3.13.0
  cwd=C:\J.A.R.V.I.S\local_jarvis
  env=yes
  mode=tray+voice+wakeword+speak+debug-startup
[2026-05-21T23:03:59.866515+00:00] import pystray: ok
[2026-05-21T23:03:59.869036+00:00] import Pillow: ok
[2026-05-21T23:04:01.590194+00:00] import openwakeword: ok
[2026-05-21T23:04:01.591029+00:00] import onnxruntime: ok
[2026-05-21T23:04:01.749530+00:00] import sounddevice: ok
[2026-05-21T23:04:01.752587+00:00] import pyttsx3: ok
[2026-05-21T23:04:01.753768+00:00] import PySide6: FAIL
Traceback (most recent call last):
  File "C:\J.A.R.V.I.S\local_jarvis\core\startup.py", line 145, in probe_optional_imports
    __import__(module)
    ~~~~~~~~~~^^^^^^^^
ModuleNotFoundError: No module named 'PySide6'

[2026-05-21T23:04:02.023078+00:00] startup header
  executable=C:\Users\babi2\AppData\Local\Programs\Python\Python313\python.exe
  version=3.13.0
  cwd=C:\J.A.R.V.I.S\local_jarvis
  env=yes
  mode=tray+voice+wakeword+speak+debug-startup
[2026-05-21T23:04:02.024061+00:00] startup
  mode=tray
  wake=True
  voice=True
  speak=True
  python=C:\Users\babi2\AppData\Local\Programs\Python\Python313\python.exe
[2026-05-21T23:04:02.026538+00:00] tray: entering main loop
[2026-05-21T23:04:02.131352+00:00] watchdog started
[2026-05-21T23:04:02.135457+00:00] tray icon run() starting
[2026-05-21T23:07:29.215799+00:00] smoke test begin
[2026-05-21T23:07:29.217983+00:00] smoke test PASS
  .env file=PASS (ok)
  config loaded=PASS (ok)
  pystray import=PASS (ok)
  Pillow import=PASS (ok)
  openwakeword import=PASS (ok)
  onnxruntime import=PASS (ok)
  sounddevice import=PASS (ok)
  pyttsx3 import=PASS (ok)
  wake word model file=FAIL (Wake word model not found. Download/provide WAKE_WORD_MODEL_PATH.; searched 2 path(s))
  microphone query=PASS (17 input device(s))
[2026-05-21T23:07:29.221300+00:00] startup header
  executable=C:\Users\babi2\AppData\Local\Programs\Python\Python313\python.exe
  version=3.13.0
  cwd=C:\J.A.R.V.I.S\local_jarvis
  env=yes
  mode=tray+wakeword+speak
[2026-05-21T23:07:29.222283+00:00] startup header
  executable=C:\Users\babi2\AppData\Local\Programs\Python\Python313\python.exe
  version=3.13.0
  cwd=C:\J.A.R.V.I.S\local_jarvis
  env=yes
  mode=tray+wakeword+speak
[2026-05-21T23:07:29.223012+00:00] startup
  mode=tray
  wake=True
  voice=False
  speak=True
  python=C:\Users\babi2\AppData\Local\Programs\Python\Python313\python.exe
[2026-05-21T23:07:29.223930+00:00] tray: entering main loop
[2026-05-21T23:07:29.224935+00:00] tray: main loop ended
[2026-05-21T23:07:29.229337+00:00] watchdog started
[2026-05-21T23:07:29.230439+00:00] tray icon run() starting
[2026-05-21T23:07:29.231784+00:00] tray run() ended
[2026-05-21T23:07:29.239913+00:00] watchdog started
[2026-05-21T23:07:29.240961+00:00] tray icon run() starting
[2026-05-21T23:07:29.242362+00:00] tray run() ended
[2026-05-21T23:07:29.245240+00:00] startup header
  executable=C:\Users\babi2\AppData\Local\Programs\Python\Python313\python.exe
  version=3.13.0
  cwd=C:\J.A.R.V.I.S\local_jarvis
  env=yes
  mode=smoke
[2026-05-21T23:07:29.249206+00:00] startup header
  executable=C:\Users\babi2\AppData\Local\Programs\Python\Python313\python.exe
  version=3.13.0
  cwd=C:\J.A.R.V.I.S\local_jarvis
  env=yes
  mode=tray+debug-startup
[2026-05-21T23:07:29.250520+00:00] startup header
  executable=C:\Users\babi2\AppData\Local\Programs\Python\Python313\python.exe
  version=3.13.0
  cwd=C:\J.A.R.V.I.S\local_jarvis
  env=yes
  mode=tray+debug-startup
[2026-05-21T23:07:29.251786+00:00] startup
  mode=tray
  wake=False
  voice=False
  speak=False
  python=C:\Users\babi2\AppData\Local\Programs\Python\Python313\python.exe
[2026-05-21T23:07:29.252663+00:00] tray: entering main loop
[2026-05-21T23:07:29.258932+00:00] tray: main loop ended
[2026-05-21T23:10:50.851039+00:00] tray keepalive: icon.run() returned early
[2026-05-21T23:11:45.293988+00:00] tray run() ended
[2026-05-21T23:11:45.296307+00:00] unhandled exception in __main__
Traceback (most recent call last):
  File "C:\J.A.R.V.I.S\local_jarvis\main.py", line 243, in <module>
    append_startup_log(msg, exc=exc)
                ^^^^^^
  File "C:\J.A.R.V.I.S\local_jarvis\main.py", line 192, in main
    print("Say 'Jarvis' to activate listening.", flush=True)
    ^^^^^^^^^^^^^^^^^^^^^^^^^^^^^^^^^^^^^^^^
  File "C:\J.A.R.V.I.S\local_jarvis\ui\tray_app.py", line 390, in start
    flush=True,
KeyboardInterrupt

[2026-05-21T23:12:07.138722+00:00] startup header
  executable=C:\Users\babi2\AppData\Local\Programs\Python\Python313\python.exe
  version=3.13.0
  cwd=C:\J.A.R.V.I.S\local_jarvis
  env=yes
  mode=smoke
[2026-05-21T23:12:07.190771+00:00] smoke test begin
[2026-05-21T23:12:09.187161+00:00] smoke test PASS
  .env file=PASS (ok)
  config loaded=PASS (ok)
  pystray import=PASS (ok)
  Pillow import=PASS (ok)
  openwakeword import=PASS (ok)
  onnxruntime import=PASS (ok)
  sounddevice import=PASS (ok)
  pyttsx3 import=PASS (ok)
  wake word model file=PASS (C:\Users\babi2\AppData\Local\Programs\Python\Python313\Lib\site-packages\openwakeword\resources\models\hey_jarvis_v0.1.onnx)
  microphone query=PASS (17 input device(s))
[2026-05-21T23:12:09.187985+00:00] import pystray: ok
[2026-05-21T23:12:09.188644+00:00] import Pillow: ok
[2026-05-21T23:12:09.189336+00:00] import openwakeword: ok
[2026-05-21T23:12:09.190051+00:00] import onnxruntime: ok
[2026-05-21T23:12:09.190704+00:00] import sounddevice: ok
[2026-05-21T23:12:09.191383+00:00] import pyttsx3: ok
[2026-05-21T23:12:09.192410+00:00] import PySide6: FAIL
Traceback (most recent call last):
  File "C:\J.A.R.V.I.S\local_jarvis\core\startup.py", line 145, in probe_optional_imports
    __import__(module)
    ~~~~~~~~~~^^^^^^^^
ModuleNotFoundError: No module named 'PySide6'

[2026-05-21T23:12:18.338271+00:00] startup header
  executable=C:\Users\babi2\AppData\Local\Programs\Python\Python313\python.exe
  version=3.13.0
  cwd=C:\J.A.R.V.I.S\local_jarvis
  env=yes
  mode=tray+voice+wakeword+speak+debug-startup
[2026-05-21T23:12:18.425304+00:00] import pystray: ok
[2026-05-21T23:12:18.427809+00:00] import Pillow: ok
[2026-05-21T23:12:20.149971+00:00] import openwakeword: ok
[2026-05-21T23:12:20.150796+00:00] import onnxruntime: ok
[2026-05-21T23:12:20.305486+00:00] import sounddevice: ok
[2026-05-21T23:12:20.308483+00:00] import pyttsx3: ok
[2026-05-21T23:12:20.309682+00:00] import PySide6: FAIL
Traceback (most recent call last):
  File "C:\J.A.R.V.I.S\local_jarvis\core\startup.py", line 145, in probe_optional_imports
    __import__(module)
    ~~~~~~~~~~^^^^^^^^
ModuleNotFoundError: No module named 'PySide6'

[2026-05-21T23:12:20.590966+00:00] startup header
  executable=C:\Users\babi2\AppData\Local\Programs\Python\Python313\python.exe
  version=3.13.0
  cwd=C:\J.A.R.V.I.S\local_jarvis
  env=yes
  mode=tray+voice+wakeword+speak+debug-startup
[2026-05-21T23:12:20.592093+00:00] startup
  mode=tray
  wake=True
  voice=True
  speak=True
  python=C:\Users\babi2\AppData\Local\Programs\Python\Python313\python.exe
[2026-05-21T23:12:20.598559+00:00] tray: entering main loop
[2026-05-21T23:12:20.661714+00:00] watchdog started
[2026-05-21T23:12:20.711937+00:00] tray icon run() starting
[2026-05-21T23:13:44.006458+00:00] tray keepalive: icon.run() returned early
[2026-05-21T23:13:50.132157+00:00] tray run() ended
[2026-05-21T23:13:50.134321+00:00] unhandled exception in __main__
Traceback (most recent call last):
  File "C:\J.A.R.V.I.S\local_jarvis\main.py", line 258, in <module>
    exit_code = main()
  File "C:\J.A.R.V.I.S\local_jarvis\main.py", line 207, in main
    tray_app.start(debug_startup=args.debug_startup)
    ~~~~~~~~~~~~~~^^^^^^^^^^^^^^^^^^^^^^^^^^^^^^^^^^
  File "C:\J.A.R.V.I.S\local_jarvis\ui\tray_app.py", line 396, in start
    time.sleep(1.0)
    ~~~~~~~~~~^^^^^
KeyboardInterrupt

[2026-05-21T23:16:19.820998+00:00] startup header
  executable=C:\Users\babi2\AppData\Local\Programs\Python\Python313\python.exe
  version=3.13.0
  cwd=C:\J.A.R.V.I.S\local_jarvis
  env=yes
  mode=tray+voice+wakeword+speak+debug-startup
[2026-05-21T23:16:19.908369+00:00] import pystray: ok
[2026-05-21T23:16:19.911014+00:00] import Pillow: ok
[2026-05-21T23:16:21.647031+00:00] import openwakeword: ok
[2026-05-21T23:16:21.647874+00:00] import onnxruntime: ok
[2026-05-21T23:16:21.846162+00:00] import sounddevice: ok
[2026-05-21T23:16:21.849216+00:00] import pyttsx3: ok
[2026-05-21T23:16:21.850373+00:00] import PySide6: FAIL
Traceback (most recent call last):
  File "C:\J.A.R.V.I.S\local_jarvis\core\startup.py", line 145, in probe_optional_imports
    __import__(module)
    ~~~~~~~~~~^^^^^^^^
ModuleNotFoundError: No module named 'PySide6'

[2026-05-21T23:16:22.150299+00:00] startup header
  executable=C:\Users\babi2\AppData\Local\Programs\Python\Python313\python.exe
  version=3.13.0
  cwd=C:\J.A.R.V.I.S\local_jarvis
  env=yes
  mode=tray+voice+wakeword+speak+debug-startup
[2026-05-21T23:16:22.151452+00:00] startup
  mode=tray
  wake=True
  voice=True
  speak=True
  python=C:\Users\babi2\AppData\Local\Programs\Python\Python313\python.exe
[2026-05-21T23:16:22.157830+00:00] tray: entering main loop
[2026-05-21T23:16:22.200590+00:00] watchdog started
[2026-05-21T23:16:22.218653+00:00] tray icon run() starting
[2026-05-21T23:19:14.840094+00:00] tray keepalive: icon.run() returned early
[2026-05-21T23:21:40.006617+00:00] smoke test begin
[2026-05-21T23:21:40.009002+00:00] smoke test PASS
  .env file=PASS (ok)
  config loaded=PASS (ok)
  pystray import=PASS (ok)
  Pillow import=PASS (ok)
  openwakeword import=PASS (ok)
  onnxruntime import=PASS (ok)
  sounddevice import=PASS (ok)
  pyttsx3 import=PASS (ok)
  wake word model file=PASS (C:\Users\babi2\AppData\Local\Programs\Python\Python313\Lib\site-packages\openwakeword\resources\models\hey_jarvis_v0.1.onnx)
  microphone query=PASS (17 input device(s))
[2026-05-21T23:21:40.012671+00:00] startup header
  executable=C:\Users\babi2\AppData\Local\Programs\Python\Python313\python.exe
  version=3.13.0
  cwd=C:\J.A.R.V.I.S\local_jarvis
  env=yes
  mode=tray+wakeword+speak
[2026-05-21T23:21:40.013876+00:00] startup header
  executable=C:\Users\babi2\AppData\Local\Programs\Python\Python313\python.exe
  version=3.13.0
  cwd=C:\J.A.R.V.I.S\local_jarvis
  env=yes
  mode=tray+wakeword+speak
[2026-05-21T23:21:40.015147+00:00] startup
  mode=tray
  wake=True
  voice=False
  speak=True
  python=C:\Users\babi2\AppData\Local\Programs\Python\Python313\python.exe
[2026-05-21T23:21:40.017461+00:00] tray: entering main loop
[2026-05-21T23:21:40.018775+00:00] tray: main loop ended
[2026-05-21T23:21:40.024202+00:00] watchdog started
[2026-05-21T23:21:40.025217+00:00] tray icon run() starting
[2026-05-21T23:21:40.026648+00:00] tray run() ended
[2026-05-21T23:21:40.034460+00:00] watchdog started
[2026-05-21T23:21:40.035568+00:00] tray icon run() starting
[2026-05-21T23:21:40.037009+00:00] tray run() ended
[2026-05-21T23:21:40.040197+00:00] startup header
  executable=C:\Users\babi2\AppData\Local\Programs\Python\Python313\python.exe
  version=3.13.0
  cwd=C:\J.A.R.V.I.S\local_jarvis
  env=yes
  mode=smoke
[2026-05-21T23:21:40.044657+00:00] startup header
  executable=C:\Users\babi2\AppData\Local\Programs\Python\Python313\python.exe
  version=3.13.0
  cwd=C:\J.A.R.V.I.S\local_jarvis
  env=yes
  mode=tray+debug-startup
[2026-05-21T23:21:40.046067+00:00] startup header
  executable=C:\Users\babi2\AppData\Local\Programs\Python\Python313\python.exe
  version=3.13.0
  cwd=C:\J.A.R.V.I.S\local_jarvis
  env=yes
  mode=tray+debug-startup
[2026-05-21T23:21:40.047288+00:00] startup
  mode=tray
  wake=False
  voice=False
  speak=False
  python=C:\Users\babi2\AppData\Local\Programs\Python\Python313\python.exe
[2026-05-21T23:21:40.048294+00:00] tray: entering main loop
[2026-05-21T23:21:40.055185+00:00] tray: main loop ended
[2026-05-21T23:24:15.089391+00:00] smoke test begin
[2026-05-21T23:24:15.092102+00:00] smoke test PASS
  .env file=PASS (ok)
  config loaded=PASS (ok)
  pystray import=PASS (ok)
  Pillow import=PASS (ok)
  openwakeword import=PASS (ok)
  onnxruntime import=PASS (ok)
  sounddevice import=PASS (ok)
  pyttsx3 import=PASS (ok)
  wake word model file=PASS (C:\Users\babi2\AppData\Local\Programs\Python\Python313\Lib\site-packages\openwakeword\resources\models\hey_jarvis_v0.1.onnx)
  microphone query=PASS (17 input device(s))
[2026-05-21T23:24:15.096535+00:00] startup header
  executable=C:\Users\babi2\AppData\Local\Programs\Python\Python313\python.exe
  version=3.13.0
  cwd=C:\J.A.R.V.I.S\local_jarvis
  env=yes
  mode=tray+wakeword+speak
[2026-05-21T23:24:15.097890+00:00] startup header
  executable=C:\Users\babi2\AppData\Local\Programs\Python\Python313\python.exe
  version=3.13.0
  cwd=C:\J.A.R.V.I.S\local_jarvis
  env=yes
  mode=tray+wakeword+speak
[2026-05-21T23:24:15.099086+00:00] startup
  mode=tray
  wake=True
  voice=False
  speak=True
  python=C:\Users\babi2\AppData\Local\Programs\Python\Python313\python.exe
[2026-05-21T23:24:15.101428+00:00] tray: entering main loop
[2026-05-21T23:24:15.102769+00:00] tray: main loop ended
[2026-05-21T23:24:15.108251+00:00] watchdog started
[2026-05-21T23:24:15.109258+00:00] tray icon run() starting
[2026-05-21T23:24:15.110922+00:00] tray run() ended
[2026-05-21T23:24:15.118475+00:00] watchdog started
[2026-05-21T23:24:15.119539+00:00] tray icon run() starting
[2026-05-21T23:24:15.120787+00:00] tray run() ended
[2026-05-21T23:24:15.124201+00:00] startup header
  executable=C:\Users\babi2\AppData\Local\Programs\Python\Python313\python.exe
  version=3.13.0
  cwd=C:\J.A.R.V.I.S\local_jarvis
  env=yes
  mode=smoke
[2026-05-21T23:24:15.129116+00:00] startup header
  executable=C:\Users\babi2\AppData\Local\Programs\Python\Python313\python.exe
  version=3.13.0
  cwd=C:\J.A.R.V.I.S\local_jarvis
  env=yes
  mode=tray+debug-startup
[2026-05-21T23:24:15.130474+00:00] startup header
  executable=C:\Users\babi2\AppData\Local\Programs\Python\Python313\python.exe
  version=3.13.0
  cwd=C:\J.A.R.V.I.S\local_jarvis
  env=yes
  mode=tray+debug-startup
[2026-05-21T23:24:15.131498+00:00] startup
  mode=tray
  wake=False
  voice=False
  speak=False
  python=C:\Users\babi2\AppData\Local\Programs\Python\Python313\python.exe
[2026-05-21T23:24:15.132326+00:00] tray: entering main loop
[2026-05-21T23:24:15.138800+00:00] tray: main loop ended
[2026-05-21T23:26:18.408679+00:00] tray run() ended
[2026-05-21T23:26:18.410804+00:00] unhandled exception in __main__
Traceback (most recent call last):
  File "C:\J.A.R.V.I.S\local_jarvis\main.py", line 258, in <module>
  File "C:\J.A.R.V.I.S\local_jarvis\main.py", line 207, in main
  File "C:\J.A.R.V.I.S\local_jarvis\ui\tray_app.py", line 396, in start
    time.sleep(1.0)
    ~~~~~~~~~~^^^^^
KeyboardInterrupt

[2026-05-21T23:26:31.422086+00:00] startup header
  executable=C:\Users\babi2\AppData\Local\Programs\Python\Python313\python.exe
  version=3.13.0
  cwd=C:\J.A.R.V.I.S\local_jarvis
  env=yes
  mode=tray+voice+wakeword+speak
[2026-05-21T23:26:31.514337+00:00] import pystray: ok
[2026-05-21T23:26:31.517025+00:00] import Pillow: ok
[2026-05-21T23:26:33.400385+00:00] import openwakeword: ok
[2026-05-21T23:26:33.401545+00:00] import onnxruntime: ok
[2026-05-21T23:26:33.623364+00:00] import sounddevice: ok
[2026-05-21T23:26:33.627074+00:00] import pyttsx3: ok
[2026-05-21T23:26:33.628248+00:00] import PySide6: FAIL
Traceback (most recent call last):
  File "C:\J.A.R.V.I.S\local_jarvis\core\startup.py", line 145, in probe_optional_imports
    __import__(module)
    ~~~~~~~~~~^^^^^^^^
ModuleNotFoundError: No module named 'PySide6'

[2026-05-21T23:26:33.919752+00:00] startup header
  executable=C:\Users\babi2\AppData\Local\Programs\Python\Python313\python.exe
  version=3.13.0
  cwd=C:\J.A.R.V.I.S\local_jarvis
  env=yes
  mode=tray+voice+wakeword+speak
[2026-05-21T23:26:33.920802+00:00] startup
  mode=tray
  wake=True
  voice=True
  speak=True
  python=C:\Users\babi2\AppData\Local\Programs\Python\Python313\python.exe
[2026-05-21T23:26:33.926341+00:00] tray: entering main loop
[2026-05-21T23:26:34.005975+00:00] watchdog started
[2026-05-21T23:26:34.010936+00:00] tray icon run() starting
[2026-05-21T23:29:14.422914+00:00] startup header
  executable=C:\Users\babi2\AppData\Local\Programs\Python\Python313\python.exe
  version=3.13.0
  cwd=C:\J.A.R.V.I.S\local_jarvis
  env=yes
  mode=tray+voice+wakeword+speak+debug-startup
[2026-05-21T23:29:14.513352+00:00] import pystray: ok
[2026-05-21T23:29:14.515910+00:00] import Pillow: ok
[2026-05-21T23:29:16.285748+00:00] import openwakeword: ok
[2026-05-21T23:29:16.286598+00:00] import onnxruntime: ok
[2026-05-21T23:29:16.485177+00:00] import sounddevice: ok
[2026-05-21T23:29:16.488378+00:00] import pyttsx3: ok
[2026-05-21T23:29:16.489607+00:00] import PySide6: FAIL
Traceback (most recent call last):
  File "C:\J.A.R.V.I.S\local_jarvis\core\startup.py", line 145, in probe_optional_imports
    __import__(module)
    ~~~~~~~~~~^^^^^^^^
ModuleNotFoundError: No module named 'PySide6'

[2026-05-21T23:29:16.773976+00:00] startup header
  executable=C:\Users\babi2\AppData\Local\Programs\Python\Python313\python.exe
  version=3.13.0
  cwd=C:\J.A.R.V.I.S\local_jarvis
  env=yes
  mode=tray+voice+wakeword+speak+debug-startup
[2026-05-21T23:29:16.775032+00:00] startup
  mode=tray
  wake=True
  voice=True
  speak=True
  python=C:\Users\babi2\AppData\Local\Programs\Python\Python313\python.exe
[2026-05-21T23:29:16.781213+00:00] tray: entering main loop
[2026-05-21T23:29:16.838665+00:00] watchdog started
[2026-05-21T23:29:16.842922+00:00] tray icon run() starting
[2026-05-21T23:36:39.653516+00:00] smoke test begin
[2026-05-21T23:36:39.655955+00:00] smoke test PASS
  .env file=PASS (ok)
  config loaded=PASS (ok)
  pystray import=PASS (ok)
  Pillow import=PASS (ok)
  openwakeword import=PASS (ok)
  onnxruntime import=PASS (ok)
  sounddevice import=PASS (ok)
  pyttsx3 import=PASS (ok)
  wake word model file=PASS (C:\Users\babi2\AppData\Local\Programs\Python\Python313\Lib\site-packages\openwakeword\resources\models\hey_jarvis_v0.1.onnx)
  microphone query=PASS (17 input device(s))
[2026-05-21T23:36:39.660238+00:00] startup header
  executable=C:\Users\babi2\AppData\Local\Programs\Python\Python313\python.exe
  version=3.13.0
  cwd=C:\J.A.R.V.I.S\local_jarvis
  env=yes
  mode=tray+wakeword+speak
[2026-05-21T23:36:39.661526+00:00] startup header
  executable=C:\Users\babi2\AppData\Local\Programs\Python\Python313\python.exe
  version=3.13.0
  cwd=C:\J.A.R.V.I.S\local_jarvis
  env=yes
  mode=tray+wakeword+speak
[2026-05-21T23:36:39.662730+00:00] startup
  mode=tray
  wake=True
  voice=False
  speak=True
  python=C:\Users\babi2\AppData\Local\Programs\Python\Python313\python.exe
[2026-05-21T23:36:39.664983+00:00] tray: entering main loop
[2026-05-21T23:36:39.666434+00:00] tray: main loop ended
[2026-05-21T23:36:39.671516+00:00] watchdog started
[2026-05-21T23:36:39.672886+00:00] tray icon run() starting
[2026-05-21T23:36:39.674494+00:00] tray run() ended
[2026-05-21T23:36:39.682283+00:00] watchdog started
[2026-05-21T23:36:39.683290+00:00] tray icon run() starting
[2026-05-21T23:36:39.684547+00:00] tray run() ended
[2026-05-21T23:36:39.688114+00:00] startup header
  executable=C:\Users\babi2\AppData\Local\Programs\Python\Python313\python.exe
  version=3.13.0
  cwd=C:\J.A.R.V.I.S\local_jarvis
  env=yes
  mode=smoke
[2026-05-21T23:36:39.692495+00:00] startup header
  executable=C:\Users\babi2\AppData\Local\Programs\Python\Python313\python.exe
  version=3.13.0
  cwd=C:\J.A.R.V.I.S\local_jarvis
  env=yes
  mode=tray+debug-startup
[2026-05-21T23:36:39.693795+00:00] startup header
  executable=C:\Users\babi2\AppData\Local\Programs\Python\Python313\python.exe
  version=3.13.0
  cwd=C:\J.A.R.V.I.S\local_jarvis
  env=yes
  mode=tray+debug-startup
[2026-05-21T23:36:39.694913+00:00] startup
  mode=tray
  wake=False
  voice=False
  speak=False
  python=C:\Users\babi2\AppData\Local\Programs\Python\Python313\python.exe
[2026-05-21T23:36:39.695930+00:00] tray: entering main loop
[2026-05-21T23:36:39.702678+00:00] tray: main loop ended
[2026-05-22T07:21:27.242056+00:00] smoke test begin
[2026-05-22T07:21:27.244505+00:00] smoke test PASS
  .env file=PASS (ok)
  config loaded=PASS (ok)
  pystray import=PASS (ok)
  Pillow import=PASS (ok)
  openwakeword import=PASS (ok)
  onnxruntime import=PASS (ok)
  sounddevice import=PASS (ok)
  pyttsx3 import=PASS (ok)
  wake word model file=PASS (C:\Users\babi2\AppData\Local\Programs\Python\Python313\Lib\site-packages\openwakeword\resources\models\hey_jarvis_v0.1.onnx)
  microphone query=PASS (17 input device(s))
[2026-05-22T07:21:27.247958+00:00] startup header
  executable=C:\Users\babi2\AppData\Local\Programs\Python\Python313\python.exe
  version=3.13.0
  cwd=C:\J.A.R.V.I.S\local_jarvis
  env=yes
  mode=tray+wakeword+speak
[2026-05-22T07:21:27.249052+00:00] startup header
  executable=C:\Users\babi2\AppData\Local\Programs\Python\Python313\python.exe
  version=3.13.0
  cwd=C:\J.A.R.V.I.S\local_jarvis
  env=yes
  mode=tray+wakeword+speak
[2026-05-22T07:21:27.250009+00:00] startup
  mode=tray
  wake=True
  voice=False
  speak=True
  python=C:\Users\babi2\AppData\Local\Programs\Python\Python313\python.exe
[2026-05-22T07:21:27.251963+00:00] tray: entering main loop
[2026-05-22T07:21:27.253178+00:00] tray: main loop ended
[2026-05-22T07:21:27.257617+00:00] watchdog started
[2026-05-22T07:21:27.258624+00:00] tray icon run() starting
[2026-05-22T07:21:27.259980+00:00] tray run() ended
[2026-05-22T07:21:27.269837+00:00] watchdog started
[2026-05-22T07:21:27.270692+00:00] tray icon run() starting
[2026-05-22T07:21:27.271815+00:00] tray run() ended
[2026-05-22T07:21:27.274673+00:00] startup header
  executable=C:\Users\babi2\AppData\Local\Programs\Python\Python313\python.exe
  version=3.13.0
  cwd=C:\J.A.R.V.I.S\local_jarvis
  env=yes
  mode=smoke
[2026-05-22T07:21:27.278205+00:00] startup header
  executable=C:\Users\babi2\AppData\Local\Programs\Python\Python313\python.exe
  version=3.13.0
  cwd=C:\J.A.R.V.I.S\local_jarvis
  env=yes
  mode=tray+debug-startup
[2026-05-22T07:21:27.279130+00:00] startup header
  executable=C:\Users\babi2\AppData\Local\Programs\Python\Python313\python.exe
  version=3.13.0
  cwd=C:\J.A.R.V.I.S\local_jarvis
  env=yes
  mode=tray+debug-startup
[2026-05-22T07:21:27.280036+00:00] startup
  mode=tray
  wake=False
  voice=False
  speak=False
  python=C:\Users\babi2\AppData\Local\Programs\Python\Python313\python.exe
[2026-05-22T07:21:27.280995+00:00] tray: entering main loop
[2026-05-22T07:21:27.286381+00:00] tray: main loop ended
[2026-05-22T07:23:54.088853+00:00] smoke test begin
[2026-05-22T07:23:54.091116+00:00] smoke test PASS
  .env file=PASS (ok)
  config loaded=PASS (ok)
  pystray import=PASS (ok)
  Pillow import=PASS (ok)
  openwakeword import=PASS (ok)
  onnxruntime import=PASS (ok)
  sounddevice import=PASS (ok)
  pyttsx3 import=PASS (ok)
  wake word model file=PASS (C:\Users\babi2\AppData\Local\Programs\Python\Python313\Lib\site-packages\openwakeword\resources\models\hey_jarvis_v0.1.onnx)
  microphone query=PASS (17 input device(s))
[2026-05-22T07:23:54.094673+00:00] startup header
  executable=C:\Users\babi2\AppData\Local\Programs\Python\Python313\python.exe
  version=3.13.0
  cwd=C:\J.A.R.V.I.S\local_jarvis
  env=yes
  mode=tray+wakeword+speak
[2026-05-22T07:23:54.095616+00:00] startup header
  executable=C:\Users\babi2\AppData\Local\Programs\Python\Python313\python.exe
  version=3.13.0
  cwd=C:\J.A.R.V.I.S\local_jarvis
  env=yes
  mode=tray+wakeword+speak
[2026-05-22T07:23:54.096294+00:00] startup
  mode=tray
  wake=True
  voice=False
  speak=True
  python=C:\Users\babi2\AppData\Local\Programs\Python\Python313\python.exe
[2026-05-22T07:23:54.097687+00:00] tray: entering main loop
[2026-05-22T07:23:54.099039+00:00] tray: main loop ended
[2026-05-22T07:23:54.103139+00:00] watchdog started
[2026-05-22T07:23:54.104164+00:00] tray icon run() starting
[2026-05-22T07:23:54.105304+00:00] tray run() ended
[2026-05-22T07:23:54.111754+00:00] watchdog started
[2026-05-22T07:23:54.112563+00:00] tray icon run() starting
[2026-05-22T07:23:54.113688+00:00] tray run() ended
[2026-05-22T07:23:54.116532+00:00] startup header
  executable=C:\Users\babi2\AppData\Local\Programs\Python\Python313\python.exe
  version=3.13.0
  cwd=C:\J.A.R.V.I.S\local_jarvis
  env=yes
  mode=smoke
[2026-05-22T07:23:54.120116+00:00] startup header
  executable=C:\Users\babi2\AppData\Local\Programs\Python\Python313\python.exe
  version=3.13.0
  cwd=C:\J.A.R.V.I.S\local_jarvis
  env=yes
  mode=tray+debug-startup
[2026-05-22T07:23:54.121101+00:00] startup header
  executable=C:\Users\babi2\AppData\Local\Programs\Python\Python313\python.exe
  version=3.13.0
  cwd=C:\J.A.R.V.I.S\local_jarvis
  env=yes
  mode=tray+debug-startup
[2026-05-22T07:23:54.122002+00:00] startup
  mode=tray
  wake=False
  voice=False
  speak=False
  python=C:\Users\babi2\AppData\Local\Programs\Python\Python313\python.exe
[2026-05-22T07:23:54.122809+00:00] tray: entering main loop
[2026-05-22T07:23:54.128030+00:00] tray: main loop ended
[2026-05-22T07:26:36.497124+00:00] startup header
  executable=C:\Users\babi2\AppData\Local\Programs\Python\Python313\python.exe
  version=3.13.0
  cwd=C:\J.A.R.V.I.S\local_jarvis
  env=yes
  mode=tray+voice+wakeword+speak+debug-startup
[2026-05-22T07:26:36.578736+00:00] import pystray: ok
[2026-05-22T07:26:36.580985+00:00] import Pillow: ok
[2026-05-22T07:26:38.304160+00:00] import openwakeword: ok
[2026-05-22T07:26:38.304970+00:00] import onnxruntime: ok
[2026-05-22T07:26:38.487150+00:00] import sounddevice: ok
[2026-05-22T07:26:38.490156+00:00] import pyttsx3: ok
[2026-05-22T07:26:38.491329+00:00] import PySide6: FAIL
Traceback (most recent call last):
  File "C:\J.A.R.V.I.S\local_jarvis\core\startup.py", line 145, in probe_optional_imports
    __import__(module)
    ~~~~~~~~~~^^^^^^^^
ModuleNotFoundError: No module named 'PySide6'

[2026-05-22T07:26:38.756650+00:00] startup header
  executable=C:\Users\babi2\AppData\Local\Programs\Python\Python313\python.exe
  version=3.13.0
  cwd=C:\J.A.R.V.I.S\local_jarvis
  env=yes
  mode=tray+voice+wakeword+speak+debug-startup
[2026-05-22T07:26:38.757631+00:00] startup
  mode=tray
  wake=True
  voice=True
  speak=True
  python=C:\Users\babi2\AppData\Local\Programs\Python\Python313\python.exe
[2026-05-22T07:26:38.763621+00:00] tray: entering main loop
[2026-05-22T07:26:38.819554+00:00] watchdog started
[2026-05-22T07:26:38.854568+00:00] tray icon run() starting
[2026-05-22T07:31:48.954924+00:00] smoke test begin
[2026-05-22T07:31:48.957326+00:00] smoke test PASS
  .env file=PASS (ok)
  config loaded=PASS (ok)
  pystray import=PASS (ok)
  Pillow import=PASS (ok)
  openwakeword import=PASS (ok)
  onnxruntime import=PASS (ok)
  sounddevice import=PASS (ok)
  pyttsx3 import=PASS (ok)
  wake word model file=PASS (C:\Users\babi2\AppData\Local\Programs\Python\Python313\Lib\site-packages\openwakeword\resources\models\hey_jarvis_v0.1.onnx)
  microphone query=PASS (17 input device(s))
[2026-05-22T07:31:48.961036+00:00] startup header
  executable=C:\Users\babi2\AppData\Local\Programs\Python\Python313\python.exe
  version=3.13.0
  cwd=C:\J.A.R.V.I.S\local_jarvis
  env=yes
  mode=tray+wakeword+speak
[2026-05-22T07:31:48.962298+00:00] startup header
  executable=C:\Users\babi2\AppData\Local\Programs\Python\Python313\python.exe
  version=3.13.0
  cwd=C:\J.A.R.V.I.S\local_jarvis
  env=yes
  mode=tray+wakeword+speak
[2026-05-22T07:31:48.963203+00:00] startup
  mode=tray
  wake=True
  voice=False
  speak=True
  python=C:\Users\babi2\AppData\Local\Programs\Python\Python313\python.exe
[2026-05-22T07:31:48.965069+00:00] tray: entering main loop
[2026-05-22T07:31:48.966171+00:00] tray: main loop ended
[2026-05-22T07:31:48.970791+00:00] watchdog started
[2026-05-22T07:31:48.971719+00:00] tray icon run() starting
[2026-05-22T07:31:48.973040+00:00] tray run() ended
[2026-05-22T07:31:48.980546+00:00] watchdog started
[2026-05-22T07:31:48.981571+00:00] tray icon run() starting
[2026-05-22T07:31:48.982891+00:00] tray run() ended
[2026-05-22T07:31:48.985829+00:00] startup header
  executable=C:\Users\babi2\AppData\Local\Programs\Python\Python313\python.exe
  version=3.13.0
  cwd=C:\J.A.R.V.I.S\local_jarvis
  env=yes
  mode=smoke
[2026-05-22T07:31:48.989276+00:00] startup header
  executable=C:\Users\babi2\AppData\Local\Programs\Python\Python313\python.exe
  version=3.13.0
  cwd=C:\J.A.R.V.I.S\local_jarvis
  env=yes
  mode=tray+debug-startup
[2026-05-22T07:31:48.990338+00:00] startup header
  executable=C:\Users\babi2\AppData\Local\Programs\Python\Python313\python.exe
  version=3.13.0
  cwd=C:\J.A.R.V.I.S\local_jarvis
  env=yes
  mode=tray+debug-startup
[2026-05-22T07:31:48.991254+00:00] startup
  mode=tray
  wake=False
  voice=False
  speak=False
  python=C:\Users\babi2\AppData\Local\Programs\Python\Python313\python.exe
[2026-05-22T07:31:48.992086+00:00] tray: entering main loop
[2026-05-22T07:31:48.997607+00:00] tray: main loop ended
[2026-05-22T07:34:51.909076+00:00] smoke test begin
[2026-05-22T07:34:51.911033+00:00] smoke test PASS
  .env file=PASS (ok)
  config loaded=PASS (ok)
  pystray import=PASS (ok)
  Pillow import=PASS (ok)
  openwakeword import=PASS (ok)
  onnxruntime import=PASS (ok)
  sounddevice import=PASS (ok)
  pyttsx3 import=PASS (ok)
  wake word model file=PASS (C:\Users\babi2\AppData\Local\Programs\Python\Python313\Lib\site-packages\openwakeword\resources\models\hey_jarvis_v0.1.onnx)
  microphone query=PASS (17 input device(s))
[2026-05-22T07:34:51.914508+00:00] startup header
  executable=C:\Users\babi2\AppData\Local\Programs\Python\Python313\python.exe
  version=3.13.0
  cwd=C:\J.A.R.V.I.S\local_jarvis
  env=yes
  mode=tray+wakeword+speak
[2026-05-22T07:34:51.915525+00:00] startup header
  executable=C:\Users\babi2\AppData\Local\Programs\Python\Python313\python.exe
  version=3.13.0
  cwd=C:\J.A.R.V.I.S\local_jarvis
  env=yes
  mode=tray+wakeword+speak
[2026-05-22T07:34:51.916665+00:00] startup
  mode=tray
  wake=True
  voice=False
  speak=True
  python=C:\Users\babi2\AppData\Local\Programs\Python\Python313\python.exe
[2026-05-22T07:34:51.918666+00:00] tray: entering main loop
[2026-05-22T07:34:51.919945+00:00] tray: main loop ended
[2026-05-22T07:34:51.925244+00:00] watchdog started
[2026-05-22T07:34:51.926191+00:00] tray icon run() starting
[2026-05-22T07:34:51.927646+00:00] tray run() ended
[2026-05-22T07:34:51.935734+00:00] watchdog started
[2026-05-22T07:34:51.936738+00:00] tray icon run() starting
[2026-05-22T07:34:51.938066+00:00] tray run() ended
[2026-05-22T07:34:51.940829+00:00] startup header
  executable=C:\Users\babi2\AppData\Local\Programs\Python\Python313\python.exe
  version=3.13.0
  cwd=C:\J.A.R.V.I.S\local_jarvis
  env=yes
  mode=smoke
[2026-05-22T07:34:51.944264+00:00] startup header
  executable=C:\Users\babi2\AppData\Local\Programs\Python\Python313\python.exe
  version=3.13.0
  cwd=C:\J.A.R.V.I.S\local_jarvis
  env=yes
  mode=tray+debug-startup
[2026-05-22T07:34:51.945414+00:00] startup header
  executable=C:\Users\babi2\AppData\Local\Programs\Python\Python313\python.exe
  version=3.13.0
  cwd=C:\J.A.R.V.I.S\local_jarvis
  env=yes
  mode=tray+debug-startup
[2026-05-22T07:34:51.946409+00:00] startup
  mode=tray
  wake=False
  voice=False
  speak=False
  python=C:\Users\babi2\AppData\Local\Programs\Python\Python313\python.exe
[2026-05-22T07:34:51.947195+00:00] tray: entering main loop
[2026-05-22T07:34:51.953329+00:00] tray: main loop ended
[2026-05-22T07:44:53.134914+00:00] startup header
  executable=C:\Users\babi2\AppData\Local\Programs\Python\Python313\python.exe
  version=3.13.0
  cwd=C:\J.A.R.V.I.S\local_jarvis
  env=yes
  mode=smoke
[2026-05-22T07:44:53.185290+00:00] smoke test begin
[2026-05-22T07:44:55.145523+00:00] smoke test PASS
  .env file=PASS (ok)
  config loaded=PASS (ok)
  pystray import=PASS (ok)
  Pillow import=PASS (ok)
  openwakeword import=PASS (ok)
  onnxruntime import=PASS (ok)
  sounddevice import=PASS (ok)
  pyttsx3 import=PASS (ok)
  wake word model file=PASS (C:\Users\babi2\AppData\Local\Programs\Python\Python313\Lib\site-packages\openwakeword\resources\models\hey_jarvis_v0.1.onnx)
  microphone query=PASS (17 input device(s))
[2026-05-22T07:44:55.146399+00:00] import pystray: ok
[2026-05-22T07:44:55.147062+00:00] import Pillow: ok
[2026-05-22T07:44:55.147703+00:00] import openwakeword: ok
[2026-05-22T07:44:55.148473+00:00] import onnxruntime: ok
[2026-05-22T07:44:55.149363+00:00] import sounddevice: ok
[2026-05-22T07:44:55.150037+00:00] import pyttsx3: ok
[2026-05-22T07:44:55.270907+00:00] import PySide6: ok
[2026-05-22T07:45:47.222890+00:00] startup header
  executable=C:\Users\babi2\AppData\Local\Programs\Python\Python313\python.exe
  version=3.13.0
  cwd=C:\J.A.R.V.I.S\local_jarvis
  env=yes
  mode=tray+voice+wakeword+speak+debug-startup
[2026-05-22T07:45:47.303863+00:00] import pystray: ok
[2026-05-22T07:45:47.306315+00:00] import Pillow: ok
[2026-05-22T07:45:48.910714+00:00] import openwakeword: ok
[2026-05-22T07:45:48.911553+00:00] import onnxruntime: ok
[2026-05-22T07:45:49.104950+00:00] import sounddevice: ok
[2026-05-22T07:45:49.107833+00:00] import pyttsx3: ok
[2026-05-22T07:45:49.149753+00:00] import PySide6: ok
[2026-05-22T07:45:50.699690+00:00] startup header
  executable=C:\Users\babi2\AppData\Local\Programs\Python\Python313\python.exe
  version=3.13.0
  cwd=C:\J.A.R.V.I.S\local_jarvis
  env=yes
  mode=tray+voice+wakeword+speak+debug-startup
[2026-05-22T07:45:50.700700+00:00] startup
  mode=tray
  wake=True
  voice=True
  speak=True
  python=C:\Users\babi2\AppData\Local\Programs\Python\Python313\python.exe
[2026-05-22T07:45:50.719272+00:00] tray: entering main loop
[2026-05-22T07:45:50.805919+00:00] watchdog started
[2026-05-22T07:45:50.828686+00:00] tray icon run() starting
[2026-05-22T07:51:27.503883+00:00] smoke test begin
[2026-05-22T07:51:27.505895+00:00] smoke test PASS
  .env file=PASS (ok)
  config loaded=PASS (ok)
  pystray import=PASS (ok)
  Pillow import=PASS (ok)
  PySide6 import=PASS (ok)
  openwakeword import=PASS (ok)
  onnxruntime import=PASS (ok)
  sounddevice import=PASS (ok)
  pyttsx3 import=PASS (ok)
  wake word model file=PASS (C:\Users\babi2\AppData\Local\Programs\Python\Python313\Lib\site-packages\openwakeword\resources\models\hey_jarvis_v0.1.onnx)
  microphone query=PASS (17 input device(s))
  overlay config=PASS (OVERLAY_ENABLED=False theme=jarvis_blue opacity=0.88)
[2026-05-22T07:51:27.509264+00:00] startup header
  executable=C:\Users\babi2\AppData\Local\Programs\Python\Python313\python.exe
  version=3.13.0
  cwd=C:\J.A.R.V.I.S\local_jarvis
  env=yes
  mode=tray+wakeword+speak
[2026-05-22T07:51:27.510926+00:00] startup header
  executable=C:\Users\babi2\AppData\Local\Programs\Python\Python313\python.exe
  version=3.13.0
  cwd=C:\J.A.R.V.I.S\local_jarvis
  env=yes
  mode=tray+wakeword+speak
[2026-05-22T07:51:27.512008+00:00] startup
  mode=tray
  wake=True
  voice=False
  speak=True
  python=C:\Users\babi2\AppData\Local\Programs\Python\Python313\python.exe
[2026-05-22T07:51:27.514077+00:00] tray: entering main loop
[2026-05-22T07:51:27.515170+00:00] tray: main loop ended
[2026-05-22T07:51:27.519627+00:00] watchdog started
[2026-05-22T07:51:27.521193+00:00] tray icon run() starting
[2026-05-22T07:51:27.522512+00:00] tray run() ended
[2026-05-22T07:51:27.529742+00:00] watchdog started
[2026-05-22T07:51:27.530587+00:00] tray icon run() starting
[2026-05-22T07:51:27.531663+00:00] tray run() ended
[2026-05-22T07:51:27.534557+00:00] startup header
  executable=C:\Users\babi2\AppData\Local\Programs\Python\Python313\python.exe
  version=3.13.0
  cwd=C:\J.A.R.V.I.S\local_jarvis
  env=yes
  mode=smoke
[2026-05-22T07:51:27.538470+00:00] startup header
  executable=C:\Users\babi2\AppData\Local\Programs\Python\Python313\python.exe
  version=3.13.0
  cwd=C:\J.A.R.V.I.S\local_jarvis
  env=yes
  mode=tray+wakeword(env)+debug-startup
[2026-05-22T07:51:27.539535+00:00] startup header
  executable=C:\Users\babi2\AppData\Local\Programs\Python\Python313\python.exe
  version=3.13.0
  cwd=C:\J.A.R.V.I.S\local_jarvis
  env=yes
  mode=tray+wakeword(env)+debug-startup
[2026-05-22T07:51:27.540489+00:00] startup
  mode=tray
  wake=True
  voice=False
  speak=False
  python=C:\Users\babi2\AppData\Local\Programs\Python\Python313\python.exe
[2026-05-22T07:51:27.543109+00:00] tray: entering main loop
[2026-05-22T07:51:27.547689+00:00] tray: main loop ended
[2026-05-22T07:53:50.809074+00:00] smoke test begin
[2026-05-22T07:53:50.811061+00:00] smoke test PASS
  .env file=PASS (ok)
  config loaded=PASS (ok)
  pystray import=PASS (ok)
  Pillow import=PASS (ok)
  PySide6 import=PASS (ok)
  openwakeword import=PASS (ok)
  onnxruntime import=PASS (ok)
  sounddevice import=PASS (ok)
  pyttsx3 import=PASS (ok)
  wake word model file=PASS (C:\Users\babi2\AppData\Local\Programs\Python\Python313\Lib\site-packages\openwakeword\resources\models\hey_jarvis_v0.1.onnx)
  microphone query=PASS (17 input device(s))
  overlay config=PASS (OVERLAY_ENABLED=False theme=jarvis_blue opacity=0.88)
[2026-05-22T07:53:50.814049+00:00] startup header
  executable=C:\Users\babi2\AppData\Local\Programs\Python\Python313\python.exe
  version=3.13.0
  cwd=C:\J.A.R.V.I.S\local_jarvis
  env=yes
  mode=tray+wakeword+speak
[2026-05-22T07:53:50.815703+00:00] startup header
  executable=C:\Users\babi2\AppData\Local\Programs\Python\Python313\python.exe
  version=3.13.0
  cwd=C:\J.A.R.V.I.S\local_jarvis
  env=yes
  mode=tray+wakeword+speak
[2026-05-22T07:53:50.816796+00:00] startup
  mode=tray
  wake=True
  voice=False
  speak=True
  python=C:\Users\babi2\AppData\Local\Programs\Python\Python313\python.exe
[2026-05-22T07:53:50.818918+00:00] tray: entering main loop
[2026-05-22T07:53:50.820002+00:00] tray: main loop ended
[2026-05-22T07:53:50.824425+00:00] watchdog started
[2026-05-22T07:53:50.825533+00:00] tray icon run() starting
[2026-05-22T07:53:50.826861+00:00] tray run() ended
[2026-05-22T07:53:50.834307+00:00] watchdog started
[2026-05-22T07:53:50.835163+00:00] tray icon run() starting
[2026-05-22T07:53:50.836307+00:00] tray run() ended
[2026-05-22T07:53:50.839269+00:00] startup header
  executable=C:\Users\babi2\AppData\Local\Programs\Python\Python313\python.exe
  version=3.13.0
  cwd=C:\J.A.R.V.I.S\local_jarvis
  env=yes
  mode=smoke
[2026-05-22T07:53:50.843089+00:00] startup header
  executable=C:\Users\babi2\AppData\Local\Programs\Python\Python313\python.exe
  version=3.13.0
  cwd=C:\J.A.R.V.I.S\local_jarvis
  env=yes
  mode=tray+wakeword(env)+debug-startup
[2026-05-22T07:53:50.844150+00:00] startup header
  executable=C:\Users\babi2\AppData\Local\Programs\Python\Python313\python.exe
  version=3.13.0
  cwd=C:\J.A.R.V.I.S\local_jarvis
  env=yes
  mode=tray+wakeword(env)+debug-startup
[2026-05-22T07:53:50.845250+00:00] startup
  mode=tray
  wake=True
  voice=False
  speak=False
  python=C:\Users\babi2\AppData\Local\Programs\Python\Python313\python.exe
[2026-05-22T07:53:50.848791+00:00] tray: entering main loop
[2026-05-22T07:53:50.853578+00:00] tray: main loop ended
[2026-05-22T07:59:47.450972+00:00] smoke test begin
[2026-05-22T07:59:47.452928+00:00] smoke test PASS
  .env file=PASS (ok)
  config loaded=PASS (ok)
  pystray import=PASS (ok)
  Pillow import=PASS (ok)
  PySide6 import=PASS (ok)
  openwakeword import=PASS (ok)
  onnxruntime import=PASS (ok)
  sounddevice import=PASS (ok)
  pyttsx3 import=PASS (ok)
  wake word model file=PASS (C:\Users\babi2\AppData\Local\Programs\Python\Python313\Lib\site-packages\openwakeword\resources\models\hey_jarvis_v0.1.onnx)
  microphone query=PASS (17 input device(s))
  overlay config=PASS (OVERLAY_ENABLED=False theme=jarvis_blue opacity=0.88)
[2026-05-22T07:59:47.456457+00:00] startup header
  executable=C:\Users\babi2\AppData\Local\Programs\Python\Python313\python.exe
  version=3.13.0
  cwd=C:\J.A.R.V.I.S\local_jarvis
  env=yes
  mode=tray+wakeword+speak
[2026-05-22T07:59:47.458423+00:00] startup header
  executable=C:\Users\babi2\AppData\Local\Programs\Python\Python313\python.exe
  version=3.13.0
  cwd=C:\J.A.R.V.I.S\local_jarvis
  env=yes
  mode=tray+wakeword+speak
[2026-05-22T07:59:47.459261+00:00] startup
  mode=tray
  wake=True
  voice=False
  speak=True
  python=C:\Users\babi2\AppData\Local\Programs\Python\Python313\python.exe
[2026-05-22T07:59:47.461424+00:00] tray: entering main loop
[2026-05-22T07:59:47.462732+00:00] tray: main loop ended
[2026-05-22T07:59:47.467321+00:00] watchdog started
[2026-05-22T07:59:47.468177+00:00] tray icon run() starting
[2026-05-22T07:59:47.469363+00:00] tray run() ended
[2026-05-22T07:59:47.476287+00:00] watchdog started
[2026-05-22T07:59:47.477175+00:00] tray icon run() starting
[2026-05-22T07:59:47.478453+00:00] tray run() ended
[2026-05-22T07:59:47.481232+00:00] startup header
  executable=C:\Users\babi2\AppData\Local\Programs\Python\Python313\python.exe
  version=3.13.0
  cwd=C:\J.A.R.V.I.S\local_jarvis
  env=yes
  mode=smoke
[2026-05-22T07:59:47.484817+00:00] startup header
  executable=C:\Users\babi2\AppData\Local\Programs\Python\Python313\python.exe
  version=3.13.0
  cwd=C:\J.A.R.V.I.S\local_jarvis
  env=yes
  mode=tray+wakeword(env)+debug-startup
[2026-05-22T07:59:47.485886+00:00] startup header
  executable=C:\Users\babi2\AppData\Local\Programs\Python\Python313\python.exe
  version=3.13.0
  cwd=C:\J.A.R.V.I.S\local_jarvis
  env=yes
  mode=tray+wakeword(env)+debug-startup
[2026-05-22T07:59:47.487316+00:00] startup
  mode=tray
  wake=True
  voice=False
  speak=False
  python=C:\Users\babi2\AppData\Local\Programs\Python\Python313\python.exe
[2026-05-22T07:59:47.489905+00:00] tray: entering main loop
[2026-05-22T07:59:47.494495+00:00] tray: main loop ended
[2026-05-22T08:32:23.644107+00:00] smoke test begin
[2026-05-22T08:32:23.646205+00:00] smoke test PASS
  .env file=PASS (ok)
  config loaded=PASS (ok)
  pystray import=PASS (ok)
  Pillow import=PASS (ok)
  PySide6 import=PASS (ok)
  openwakeword import=PASS (ok)
  onnxruntime import=PASS (ok)
  sounddevice import=PASS (ok)
  pyttsx3 import=PASS (ok)
  wake word model file=PASS (C:\Users\babi2\AppData\Local\Programs\Python\Python313\Lib\site-packages\openwakeword\resources\models\hey_jarvis_v0.1.onnx)
  microphone query=PASS (17 input device(s))
  overlay config=PASS (OVERLAY_ENABLED=False theme=jarvis_blue opacity=0.88)
[2026-05-22T08:32:23.649743+00:00] startup header
  executable=C:\Users\babi2\AppData\Local\Programs\Python\Python313\python.exe
  version=3.13.0
  cwd=C:\J.A.R.V.I.S\local_jarvis
  env=yes
  mode=tray+wakeword+speak
[2026-05-22T08:32:23.651778+00:00] startup header
  executable=C:\Users\babi2\AppData\Local\Programs\Python\Python313\python.exe
  version=3.13.0
  cwd=C:\J.A.R.V.I.S\local_jarvis
  env=yes
  mode=tray+wakeword+speak
[2026-05-22T08:32:23.652940+00:00] startup
  mode=tray
  wake=True
  voice=False
  speak=True
  python=C:\Users\babi2\AppData\Local\Programs\Python\Python313\python.exe
[2026-05-22T08:32:23.655103+00:00] tray: entering main loop
[2026-05-22T08:32:23.656434+00:00] tray: main loop ended
[2026-05-22T08:32:23.661066+00:00] watchdog started
[2026-05-22T08:32:23.661961+00:00] tray icon run() starting
[2026-05-22T08:32:23.663205+00:00] tray run() ended
[2026-05-22T08:32:23.670062+00:00] watchdog started
[2026-05-22T08:32:23.670988+00:00] tray icon run() starting
[2026-05-22T08:32:23.672270+00:00] tray run() ended
[2026-05-22T08:32:23.675159+00:00] startup header
  executable=C:\Users\babi2\AppData\Local\Programs\Python\Python313\python.exe
  version=3.13.0
  cwd=C:\J.A.R.V.I.S\local_jarvis
  env=yes
  mode=smoke
[2026-05-22T08:32:23.679014+00:00] startup header
  executable=C:\Users\babi2\AppData\Local\Programs\Python\Python313\python.exe
  version=3.13.0
  cwd=C:\J.A.R.V.I.S\local_jarvis
  env=yes
  mode=tray+wakeword(env)+debug-startup
[2026-05-22T08:32:23.680161+00:00] startup header
  executable=C:\Users\babi2\AppData\Local\Programs\Python\Python313\python.exe
  version=3.13.0
  cwd=C:\J.A.R.V.I.S\local_jarvis
  env=yes
  mode=tray+wakeword(env)+debug-startup
[2026-05-22T08:32:23.681219+00:00] startup
  mode=tray
  wake=True
  voice=False
  speak=False
  python=C:\Users\babi2\AppData\Local\Programs\Python\Python313\python.exe
[2026-05-22T08:32:23.683688+00:00] tray: entering main loop
[2026-05-22T08:32:23.688262+00:00] tray: main loop ended
[2026-05-22T08:36:54.366045+00:00] smoke test begin
[2026-05-22T08:36:54.368067+00:00] smoke test PASS
  .env file=PASS (ok)
  config loaded=PASS (ok)
  pystray import=PASS (ok)
  Pillow import=PASS (ok)
  PySide6 import=PASS (ok)
  openwakeword import=PASS (ok)
  onnxruntime import=PASS (ok)
  sounddevice import=PASS (ok)
  pyttsx3 import=PASS (ok)
  wake word model file=PASS (C:\Users\babi2\AppData\Local\Programs\Python\Python313\Lib\site-packages\openwakeword\resources\models\hey_jarvis_v0.1.onnx)
  microphone query=PASS (17 input device(s))
  overlay config=PASS (OVERLAY_ENABLED=False theme=jarvis_blue opacity=0.88)
[2026-05-22T08:36:54.371546+00:00] startup header
  executable=C:\Users\babi2\AppData\Local\Programs\Python\Python313\python.exe
  version=3.13.0
  cwd=C:\J.A.R.V.I.S\local_jarvis
  env=yes
  mode=tray+wakeword+speak
[2026-05-22T08:36:54.373625+00:00] startup header
  executable=C:\Users\babi2\AppData\Local\Programs\Python\Python313\python.exe
  version=3.13.0
  cwd=C:\J.A.R.V.I.S\local_jarvis
  env=yes
  mode=tray+wakeword+speak
[2026-05-22T08:36:54.374647+00:00] startup
  mode=tray
  wake=True
  voice=False
  speak=True
  python=C:\Users\babi2\AppData\Local\Programs\Python\Python313\python.exe
[2026-05-22T08:36:54.376766+00:00] tray: entering main loop
[2026-05-22T08:36:54.378026+00:00] tray: main loop ended
[2026-05-22T08:36:54.382697+00:00] watchdog started
[2026-05-22T08:36:54.383593+00:00] tray icon run() starting
[2026-05-22T08:36:54.384790+00:00] tray run() ended
[2026-05-22T08:36:54.392747+00:00] watchdog started
[2026-05-22T08:36:54.393819+00:00] tray icon run() starting
[2026-05-22T08:36:54.395287+00:00] tray run() ended
[2026-05-22T08:36:54.398717+00:00] startup header
  executable=C:\Users\babi2\AppData\Local\Programs\Python\Python313\python.exe
  version=3.13.0
  cwd=C:\J.A.R.V.I.S\local_jarvis
  env=yes
  mode=smoke
[2026-05-22T08:36:54.402419+00:00] startup header
  executable=C:\Users\babi2\AppData\Local\Programs\Python\Python313\python.exe
  version=3.13.0
  cwd=C:\J.A.R.V.I.S\local_jarvis
  env=yes
  mode=tray+wakeword(env)+debug-startup
[2026-05-22T08:36:54.403784+00:00] startup header
  executable=C:\Users\babi2\AppData\Local\Programs\Python\Python313\python.exe
  version=3.13.0
  cwd=C:\J.A.R.V.I.S\local_jarvis
  env=yes
  mode=tray+wakeword(env)+debug-startup
[2026-05-22T08:36:54.405229+00:00] startup
  mode=tray
  wake=True
  voice=False
  speak=False
  python=C:\Users\babi2\AppData\Local\Programs\Python\Python313\python.exe
[2026-05-22T08:36:54.408638+00:00] tray: entering main loop
[2026-05-22T08:36:54.489499+00:00] tray: main loop ended
[2026-05-22T08:44:25.455845+00:00] smoke test begin
[2026-05-22T08:44:25.457867+00:00] smoke test PASS
  .env file=PASS (ok)
  config loaded=PASS (ok)
  pystray import=PASS (ok)
  Pillow import=PASS (ok)
  PySide6 import=PASS (ok)
  openwakeword import=PASS (ok)
  onnxruntime import=PASS (ok)
  sounddevice import=PASS (ok)
  pyttsx3 import=PASS (ok)
  wake word model file=PASS (C:\Users\babi2\AppData\Local\Programs\Python\Python313\Lib\site-packages\openwakeword\resources\models\hey_jarvis_v0.1.onnx)
  microphone query=PASS (17 input device(s))
  overlay config=PASS (OVERLAY_ENABLED=False theme=jarvis_blue opacity=0.88)
[2026-05-22T08:44:25.461193+00:00] startup header
  executable=C:\Users\babi2\AppData\Local\Programs\Python\Python313\python.exe
  version=3.13.0
  cwd=C:\J.A.R.V.I.S\local_jarvis
  env=yes
  mode=tray+wakeword+speak
[2026-05-22T08:44:25.467446+00:00] startup header
  executable=C:\Users\babi2\AppData\Local\Programs\Python\Python313\python.exe
  version=3.13.0
  cwd=C:\J.A.R.V.I.S\local_jarvis
  env=yes
  mode=tray+wakeword+speak
[2026-05-22T08:44:25.468605+00:00] startup
  mode=tray
  wake=True
  voice=False
  speak=True
  python=C:\Users\babi2\AppData\Local\Programs\Python\Python313\python.exe
[2026-05-22T08:44:25.470322+00:00] tray: entering main loop
[2026-05-22T08:44:25.471970+00:00] tray: main loop ended
[2026-05-22T08:44:25.478370+00:00] watchdog started
[2026-05-22T08:44:25.479191+00:00] tray icon run() starting
[2026-05-22T08:44:25.481031+00:00] tray run() ended
[2026-05-22T08:44:25.487658+00:00] watchdog started
[2026-05-22T08:44:25.488668+00:00] tray icon run() starting
[2026-05-22T08:44:25.489812+00:00] tray run() ended
[2026-05-22T08:44:25.493456+00:00] startup header
  executable=C:\Users\babi2\AppData\Local\Programs\Python\Python313\python.exe
  version=3.13.0
  cwd=C:\J.A.R.V.I.S\local_jarvis
  env=yes
  mode=smoke
[2026-05-22T08:44:25.497331+00:00] startup header
  executable=C:\Users\babi2\AppData\Local\Programs\Python\Python313\python.exe
  version=3.13.0
  cwd=C:\J.A.R.V.I.S\local_jarvis
  env=yes
  mode=tray+wakeword(env)+debug-startup
[2026-05-22T08:44:25.498473+00:00] startup header
  executable=C:\Users\babi2\AppData\Local\Programs\Python\Python313\python.exe
  version=3.13.0
  cwd=C:\J.A.R.V.I.S\local_jarvis
  env=yes
  mode=tray+wakeword(env)+debug-startup
[2026-05-22T08:44:25.499438+00:00] startup
  mode=tray
  wake=True
  voice=False
  speak=False
  python=C:\Users\babi2\AppData\Local\Programs\Python\Python313\python.exe
[2026-05-22T08:44:25.502328+00:00] tray: entering main loop
[2026-05-22T08:44:25.507634+00:00] tray: main loop ended
[2026-05-22T09:13:17.659010+00:00] smoke test begin
[2026-05-22T09:13:17.661160+00:00] smoke test PASS
  .env file=PASS (ok)
  config loaded=PASS (ok)
  pystray import=PASS (ok)
  Pillow import=PASS (ok)
  PySide6 import=PASS (ok)
  openwakeword import=PASS (ok)
  onnxruntime import=PASS (ok)
  sounddevice import=PASS (ok)
  pyttsx3 import=PASS (ok)
  wake word model file=PASS (C:\Users\babi2\AppData\Local\Programs\Python\Python313\Lib\site-packages\openwakeword\resources\models\hey_jarvis_v0.1.onnx)
  microphone query=PASS (17 input device(s))
  overlay config=PASS (OVERLAY_ENABLED=False theme=jarvis_blue opacity=0.88)
[2026-05-22T09:13:17.664805+00:00] startup header
  executable=C:\Users\babi2\AppData\Local\Programs\Python\Python313\python.exe
  version=3.13.0
  cwd=C:\J.A.R.V.I.S\local_jarvis
  env=yes
  mode=tray+wakeword+speak
[2026-05-22T09:13:17.665964+00:00] startup header
  executable=C:\Users\babi2\AppData\Local\Programs\Python\Python313\python.exe
  version=3.13.0
  cwd=C:\J.A.R.V.I.S\local_jarvis
  env=yes
  mode=tray+wakeword+speak
[2026-05-22T09:13:17.667013+00:00] startup
  mode=tray
  wake=True
  voice=False
  speak=True
  python=C:\Users\babi2\AppData\Local\Programs\Python\Python313\python.exe
[2026-05-22T09:13:17.669044+00:00] tray: entering main loop
[2026-05-22T09:13:17.670216+00:00] tray: main loop ended
[2026-05-22T09:13:17.675018+00:00] watchdog started
[2026-05-22T09:13:17.675936+00:00] tray icon run() starting
[2026-05-22T09:13:17.677349+00:00] tray run() ended
[2026-05-22T09:13:17.685708+00:00] watchdog started
[2026-05-22T09:13:17.686904+00:00] tray icon run() starting
[2026-05-22T09:13:17.688151+00:00] tray run() ended
[2026-05-22T09:13:17.690897+00:00] startup header
  executable=C:\Users\babi2\AppData\Local\Programs\Python\Python313\python.exe
  version=3.13.0
  cwd=C:\J.A.R.V.I.S\local_jarvis
  env=yes
  mode=smoke
[2026-05-22T09:13:17.694541+00:00] startup header
  executable=C:\Users\babi2\AppData\Local\Programs\Python\Python313\python.exe
  version=3.13.0
  cwd=C:\J.A.R.V.I.S\local_jarvis
  env=yes
  mode=tray+wakeword(env)+debug-startup
[2026-05-22T09:13:17.695614+00:00] startup header
  executable=C:\Users\babi2\AppData\Local\Programs\Python\Python313\python.exe
  version=3.13.0
  cwd=C:\J.A.R.V.I.S\local_jarvis
  env=yes
  mode=tray+wakeword(env)+debug-startup
[2026-05-22T09:13:17.696855+00:00] startup
  mode=tray
  wake=True
  voice=False
  speak=False
  python=C:\Users\babi2\AppData\Local\Programs\Python\Python313\python.exe
[2026-05-22T09:13:17.699894+00:00] tray: entering main loop
[2026-05-22T09:13:17.789189+00:00] tray: main loop ended
[2026-05-22T09:37:09.019605+00:00] smoke test begin
[2026-05-22T09:37:09.021703+00:00] smoke test PASS
  .env file=PASS (ok)
  config loaded=PASS (ok)
  pystray import=PASS (ok)
  Pillow import=PASS (ok)
  PySide6 import=PASS (ok)
  openwakeword import=PASS (ok)
  onnxruntime import=PASS (ok)
  sounddevice import=PASS (ok)
  pyttsx3 import=PASS (ok)
  wake word model file=PASS (C:\Users\babi2\AppData\Local\Programs\Python\Python313\Lib\site-packages\openwakeword\resources\models\hey_jarvis_v0.1.onnx)
  microphone query=PASS (17 input device(s))
  overlay config=PASS (OVERLAY_ENABLED=False theme=jarvis_blue opacity=0.88)
[2026-05-22T09:37:09.025251+00:00] startup header
  executable=C:\Users\babi2\AppData\Local\Programs\Python\Python313\python.exe
  version=3.13.0
  cwd=C:\J.A.R.V.I.S\local_jarvis
  env=yes
  mode=tray+wakeword+speak
[2026-05-22T09:37:09.026359+00:00] startup header
  executable=C:\Users\babi2\AppData\Local\Programs\Python\Python313\python.exe
  version=3.13.0
  cwd=C:\J.A.R.V.I.S\local_jarvis
  env=yes
  mode=tray+wakeword+speak
[2026-05-22T09:37:09.027319+00:00] startup
  mode=tray
  wake=True
  voice=False
  speak=True
  python=C:\Users\babi2\AppData\Local\Programs\Python\Python313\python.exe
[2026-05-22T09:37:09.029336+00:00] tray: entering main loop
[2026-05-22T09:37:09.030402+00:00] tray: main loop ended
[2026-05-22T09:37:09.034823+00:00] watchdog started
[2026-05-22T09:37:09.035775+00:00] tray icon run() starting
[2026-05-22T09:37:09.037272+00:00] tray run() ended
[2026-05-22T09:37:09.044286+00:00] watchdog started
[2026-05-22T09:37:09.045350+00:00] tray icon run() starting
[2026-05-22T09:37:09.046627+00:00] tray run() ended
[2026-05-22T09:37:09.049626+00:00] startup header
  executable=C:\Users\babi2\AppData\Local\Programs\Python\Python313\python.exe
  version=3.13.0
  cwd=C:\J.A.R.V.I.S\local_jarvis
  env=yes
  mode=smoke
[2026-05-22T09:37:09.053237+00:00] startup header
  executable=C:\Users\babi2\AppData\Local\Programs\Python\Python313\python.exe
  version=3.13.0
  cwd=C:\J.A.R.V.I.S\local_jarvis
  env=yes
  mode=tray+wakeword(env)+debug-startup
[2026-05-22T09:37:09.054422+00:00] startup header
  executable=C:\Users\babi2\AppData\Local\Programs\Python\Python313\python.exe
  version=3.13.0
  cwd=C:\J.A.R.V.I.S\local_jarvis
  env=yes
  mode=tray+wakeword(env)+debug-startup
[2026-05-22T09:37:09.055334+00:00] startup
  mode=tray
  wake=True
  voice=False
  speak=False
  python=C:\Users\babi2\AppData\Local\Programs\Python\Python313\python.exe
[2026-05-22T09:37:09.057851+00:00] tray: entering main loop
[2026-05-22T09:37:09.064308+00:00] tray: main loop ended
[2026-05-22T09:50:15.885499+00:00] smoke test begin
[2026-05-22T09:50:17.751457+00:00] smoke test PASS
  .env file=PASS (ok)
  config loaded=PASS (ok)
  pystray import=PASS (ok)
  Pillow import=PASS (ok)
  PySide6 import=PASS (ok)
  openwakeword import=PASS (ok)
  onnxruntime import=PASS (ok)
  sounddevice import=PASS (ok)
  pyttsx3 import=PASS (ok)
  wake word model file=PASS (C:\Users\babi2\AppData\Local\Programs\Python\Python313\Lib\site-packages\openwakeword\resources\models\hey_jarvis_v0.1.onnx)
  microphone query=PASS (17 input device(s))
  overlay config=PASS (OVERLAY_ENABLED=True style=premium_ironman theme=jarvis_blue opacity=0.88)
[2026-05-22T09:50:17.862498+00:00] startup header
  executable=C:\Users\babi2\AppData\Local\Programs\Python\Python313\python.exe
  version=3.13.0
  cwd=C:\J.A.R.V.I.S\local_jarvis
  env=yes
  mode=tray+wakeword+speak
[2026-05-22T09:50:17.864212+00:00] startup header
  executable=C:\Users\babi2\AppData\Local\Programs\Python\Python313\python.exe
  version=3.13.0
  cwd=C:\J.A.R.V.I.S\local_jarvis
  env=yes
  mode=tray+wakeword+speak
[2026-05-22T09:50:17.865137+00:00] startup
  mode=tray
  wake=True
  voice=True
  speak=True
  python=C:\Users\babi2\AppData\Local\Programs\Python\Python313\python.exe
[2026-05-22T09:50:17.866694+00:00] tray: entering main loop
[2026-05-22T09:50:17.867764+00:00] tray: main loop ended
[2026-05-22T09:50:17.873755+00:00] watchdog started
[2026-05-22T09:50:17.874594+00:00] tray icon run() starting
[2026-05-22T09:50:17.880114+00:00] tray run() ended
[2026-05-22T09:50:17.889634+00:00] watchdog started
[2026-05-22T09:50:17.890504+00:00] tray icon run() starting
[2026-05-22T09:50:17.892390+00:00] tray run() ended
[2026-05-22T09:50:17.894898+00:00] startup header
  executable=C:\Users\babi2\AppData\Local\Programs\Python\Python313\python.exe
  version=3.13.0
  cwd=C:\J.A.R.V.I.S\local_jarvis
  env=yes
  mode=smoke
[2026-05-22T09:50:17.898056+00:00] startup header
  executable=C:\Users\babi2\AppData\Local\Programs\Python\Python313\python.exe
  version=3.13.0
  cwd=C:\J.A.R.V.I.S\local_jarvis
  env=yes
  mode=tray+wakeword(env)+debug-startup
[2026-05-22T09:50:17.899111+00:00] startup header
  executable=C:\Users\babi2\AppData\Local\Programs\Python\Python313\python.exe
  version=3.13.0
  cwd=C:\J.A.R.V.I.S\local_jarvis
  env=yes
  mode=tray+wakeword(env)+debug-startup
[2026-05-22T09:50:17.899935+00:00] startup
  mode=tray
  wake=True
  voice=True
  speak=False
  python=C:\Users\babi2\AppData\Local\Programs\Python\Python313\python.exe
[2026-05-22T09:50:17.902261+00:00] tray: entering main loop
[2026-05-22T09:50:17.904118+00:00] tray: main loop ended
[2026-05-22T09:50:33.908559+00:00] smoke test begin
[2026-05-22T09:50:33.910864+00:00] smoke test PASS
  .env file=PASS (ok)
  config loaded=PASS (ok)
  pystray import=PASS (ok)
  Pillow import=PASS (ok)
  PySide6 import=PASS (ok)
  openwakeword import=PASS (ok)
  onnxruntime import=PASS (ok)
  sounddevice import=PASS (ok)
  pyttsx3 import=PASS (ok)
  wake word model file=PASS (C:\Users\babi2\AppData\Local\Programs\Python\Python313\Lib\site-packages\openwakeword\resources\models\hey_jarvis_v0.1.onnx)
  microphone query=PASS (17 input device(s))
  overlay config=PASS (OVERLAY_ENABLED=True style=premium_ironman theme=jarvis_blue opacity=0.88)
[2026-05-22T09:50:33.914270+00:00] startup header
  executable=C:\Users\babi2\AppData\Local\Programs\Python\Python313\python.exe
  version=3.13.0
  cwd=C:\J.A.R.V.I.S\local_jarvis
  env=yes
  mode=tray+wakeword+speak
[2026-05-22T09:50:33.915665+00:00] startup header
  executable=C:\Users\babi2\AppData\Local\Programs\Python\Python313\python.exe
  version=3.13.0
  cwd=C:\J.A.R.V.I.S\local_jarvis
  env=yes
  mode=tray+wakeword+speak
[2026-05-22T09:50:33.916592+00:00] startup
  mode=tray
  wake=True
  voice=True
  speak=True
  python=C:\Users\babi2\AppData\Local\Programs\Python\Python313\python.exe
[2026-05-22T09:50:33.918607+00:00] tray: entering main loop
[2026-05-22T09:50:33.919651+00:00] tray: main loop ended
[2026-05-22T09:50:33.923991+00:00] watchdog started
[2026-05-22T09:50:33.925001+00:00] tray icon run() starting
[2026-05-22T09:50:33.926298+00:00] tray run() ended
[2026-05-22T09:50:33.932654+00:00] watchdog started
[2026-05-22T09:50:33.933564+00:00] tray icon run() starting
[2026-05-22T09:50:33.934986+00:00] tray run() ended
[2026-05-22T09:50:33.937642+00:00] startup header
  executable=C:\Users\babi2\AppData\Local\Programs\Python\Python313\python.exe
  version=3.13.0
  cwd=C:\J.A.R.V.I.S\local_jarvis
  env=yes
  mode=smoke
[2026-05-22T09:50:33.941225+00:00] startup header
  executable=C:\Users\babi2\AppData\Local\Programs\Python\Python313\python.exe
  version=3.13.0
  cwd=C:\J.A.R.V.I.S\local_jarvis
  env=yes
  mode=tray+wakeword(env)+debug-startup
[2026-05-22T09:50:33.942578+00:00] startup header
  executable=C:\Users\babi2\AppData\Local\Programs\Python\Python313\python.exe
  version=3.13.0
  cwd=C:\J.A.R.V.I.S\local_jarvis
  env=yes
  mode=tray+wakeword(env)+debug-startup
[2026-05-22T09:50:33.943637+00:00] startup
  mode=tray
  wake=True
  voice=True
  speak=False
  python=C:\Users\babi2\AppData\Local\Programs\Python\Python313\python.exe
[2026-05-22T09:50:33.946540+00:00] tray: entering main loop
[2026-05-22T09:50:33.952451+00:00] tray: main loop ended
[2026-05-22T09:53:33.351613+00:00] smoke test begin
[2026-05-22T09:53:33.353949+00:00] smoke test PASS
  .env file=PASS (ok)
  config loaded=PASS (ok)
  pystray import=PASS (ok)
  Pillow import=PASS (ok)
  PySide6 import=PASS (ok)
  openwakeword import=PASS (ok)
  onnxruntime import=PASS (ok)
  sounddevice import=PASS (ok)
  pyttsx3 import=PASS (ok)
  wake word model file=PASS (C:\Users\babi2\AppData\Local\Programs\Python\Python313\Lib\site-packages\openwakeword\resources\models\hey_jarvis_v0.1.onnx)
  microphone query=PASS (17 input device(s))
  overlay config=PASS (OVERLAY_ENABLED=True style=premium_ironman theme=jarvis_blue opacity=0.88)
[2026-05-22T09:53:33.357054+00:00] startup header
  executable=C:\Users\babi2\AppData\Local\Programs\Python\Python313\python.exe
  version=3.13.0
  cwd=C:\J.A.R.V.I.S\local_jarvis
  env=yes
  mode=tray+wakeword+speak
[2026-05-22T09:53:33.358581+00:00] startup header
  executable=C:\Users\babi2\AppData\Local\Programs\Python\Python313\python.exe
  version=3.13.0
  cwd=C:\J.A.R.V.I.S\local_jarvis
  env=yes
  mode=tray+wakeword+speak
[2026-05-22T09:53:33.359512+00:00] startup
  mode=tray
  wake=True
  voice=True
  speak=True
  python=C:\Users\babi2\AppData\Local\Programs\Python\Python313\python.exe
[2026-05-22T09:53:33.361365+00:00] tray: entering main loop
[2026-05-22T09:53:33.362586+00:00] tray: main loop ended
[2026-05-22T09:53:33.367006+00:00] watchdog started
[2026-05-22T09:53:33.368060+00:00] tray icon run() starting
[2026-05-22T09:53:33.369175+00:00] tray run() ended
[2026-05-22T09:53:33.375982+00:00] watchdog started
[2026-05-22T09:53:33.376901+00:00] tray icon run() starting
[2026-05-22T09:53:33.378185+00:00] tray run() ended
[2026-05-22T09:53:33.381740+00:00] startup header
  executable=C:\Users\babi2\AppData\Local\Programs\Python\Python313\python.exe
  version=3.13.0
  cwd=C:\J.A.R.V.I.S\local_jarvis
  env=yes
  mode=smoke
[2026-05-22T09:53:33.385822+00:00] startup header
  executable=C:\Users\babi2\AppData\Local\Programs\Python\Python313\python.exe
  version=3.13.0
  cwd=C:\J.A.R.V.I.S\local_jarvis
  env=yes
  mode=tray+wakeword(env)+debug-startup
[2026-05-22T09:53:33.387189+00:00] startup header
  executable=C:\Users\babi2\AppData\Local\Programs\Python\Python313\python.exe
  version=3.13.0
  cwd=C:\J.A.R.V.I.S\local_jarvis
  env=yes
  mode=tray+wakeword(env)+debug-startup
[2026-05-22T09:53:33.388259+00:00] startup
  mode=tray
  wake=True
  voice=True
  speak=False
  python=C:\Users\babi2\AppData\Local\Programs\Python\Python313\python.exe
[2026-05-22T09:53:33.391244+00:00] tray: entering main loop
[2026-05-22T09:53:33.397109+00:00] tray: main loop ended
[2026-05-22T10:05:30.774344+00:00] startup header
  executable=C:\Users\babi2\AppData\Local\Programs\Python\Python313\python.exe
  version=3.13.0
  cwd=C:\J.A.R.V.I.S\local_jarvis
  env=yes
  mode=tray+wakeword(env)+debug-startup
[2026-05-22T10:05:30.849635+00:00] import pystray: ok
[2026-05-22T10:05:30.852129+00:00] import Pillow: ok
[2026-05-22T10:05:32.543341+00:00] import openwakeword: ok
[2026-05-22T10:05:32.544168+00:00] import onnxruntime: ok
[2026-05-22T10:05:32.735112+00:00] import sounddevice: ok
[2026-05-22T10:05:32.737952+00:00] import pyttsx3: ok
[2026-05-22T10:05:32.779760+00:00] import PySide6: ok
[2026-05-22T10:05:34.609985+00:00] startup header
  executable=C:\Users\babi2\AppData\Local\Programs\Python\Python313\python.exe
  version=3.13.0
  cwd=C:\J.A.R.V.I.S\local_jarvis
  env=yes
  mode=tray+wakeword(env)+debug-startup
[2026-05-22T10:05:34.611064+00:00] startup
  mode=tray
  wake=True
  voice=True
  speak=True
  python=C:\Users\babi2\AppData\Local\Programs\Python\Python313\python.exe
[2026-05-22T10:05:34.629724+00:00] tray: entering main loop
[2026-05-22T10:05:34.787448+00:00] watchdog started
[2026-05-22T10:05:34.850428+00:00] tray icon run() starting
[2026-05-22T10:22:30.572943+00:00] smoke test begin
[2026-05-22T10:22:30.575116+00:00] smoke test PASS
  .env file=PASS (ok)
  config loaded=PASS (ok)
  pystray import=PASS (ok)
  Pillow import=PASS (ok)
  PySide6 import=PASS (ok)
  openwakeword import=PASS (ok)
  onnxruntime import=PASS (ok)
  sounddevice import=PASS (ok)
  pyttsx3 import=PASS (ok)
  wake word model file=PASS (C:\Users\babi2\AppData\Local\Programs\Python\Python313\Lib\site-packages\openwakeword\resources\models\hey_jarvis_v0.1.onnx)
  microphone query=PASS (17 input device(s))
  overlay config=PASS (OVERLAY_ENABLED=True style=premium_ironman_full theme=jarvis_blue opacity=0.92)
[2026-05-22T10:22:30.578606+00:00] startup header
  executable=C:\Users\babi2\AppData\Local\Programs\Python\Python313\python.exe
  version=3.13.0
  cwd=C:\J.A.R.V.I.S\local_jarvis
  env=yes
  mode=tray+wakeword+speak
[2026-05-22T10:22:30.579971+00:00] startup header
  executable=C:\Users\babi2\AppData\Local\Programs\Python\Python313\python.exe
  version=3.13.0
  cwd=C:\J.A.R.V.I.S\local_jarvis
  env=yes
  mode=tray+wakeword+speak
[2026-05-22T10:22:30.580900+00:00] startup
  mode=tray
  wake=True
  voice=True
  speak=True
  python=C:\Users\babi2\AppData\Local\Programs\Python\Python313\python.exe
[2026-05-22T10:22:30.582859+00:00] tray: entering main loop
[2026-05-22T10:22:30.583902+00:00] tray: main loop ended
[2026-05-22T10:22:30.588305+00:00] watchdog started
[2026-05-22T10:22:30.589294+00:00] tray icon run() starting
[2026-05-22T10:22:30.590666+00:00] tray run() ended
[2026-05-22T10:22:30.597205+00:00] watchdog started
[2026-05-22T10:22:30.598213+00:00] tray icon run() starting
[2026-05-22T10:22:30.599457+00:00] tray run() ended
[2026-05-22T10:22:30.601676+00:00] startup header
  executable=C:\Users\babi2\AppData\Local\Programs\Python\Python313\python.exe
  version=3.13.0
  cwd=C:\J.A.R.V.I.S\local_jarvis
  env=yes
  mode=smoke
[2026-05-22T10:22:30.605211+00:00] startup header
  executable=C:\Users\babi2\AppData\Local\Programs\Python\Python313\python.exe
  version=3.13.0
  cwd=C:\J.A.R.V.I.S\local_jarvis
  env=yes
  mode=tray+wakeword(env)+debug-startup
[2026-05-22T10:22:30.606404+00:00] startup header
  executable=C:\Users\babi2\AppData\Local\Programs\Python\Python313\python.exe
  version=3.13.0
  cwd=C:\J.A.R.V.I.S\local_jarvis
  env=yes
  mode=tray+wakeword(env)+debug-startup
[2026-05-22T10:22:30.607559+00:00] startup
  mode=tray
  wake=True
  voice=True
  speak=False
  python=C:\Users\babi2\AppData\Local\Programs\Python\Python313\python.exe
[2026-05-22T10:22:30.609913+00:00] tray: entering main loop
[2026-05-22T10:22:30.615264+00:00] tray: main loop ended
[2026-05-22T10:30:23.721168+00:00] smoke test begin
[2026-05-22T10:30:23.723511+00:00] smoke test PASS
  .env file=PASS (ok)
  config loaded=PASS (ok)
  pystray import=PASS (ok)
  Pillow import=PASS (ok)
  PySide6 import=PASS (ok)
  openwakeword import=PASS (ok)
  onnxruntime import=PASS (ok)
  sounddevice import=PASS (ok)
  pyttsx3 import=PASS (ok)
  wake word model file=PASS (C:\Users\babi2\AppData\Local\Programs\Python\Python313\Lib\site-packages\openwakeword\resources\models\hey_jarvis_v0.1.onnx)
  microphone query=PASS (17 input device(s))
  overlay config=PASS (OVERLAY_ENABLED=True style=premium_ironman_full theme=jarvis_blue opacity=0.92)
[2026-05-22T10:30:23.726880+00:00] startup header
  executable=C:\Users\babi2\AppData\Local\Programs\Python\Python313\python.exe
  version=3.13.0
  cwd=C:\J.A.R.V.I.S\local_jarvis
  env=yes
  mode=tray+wakeword+speak
[2026-05-22T10:30:23.728364+00:00] startup header
  executable=C:\Users\babi2\AppData\Local\Programs\Python\Python313\python.exe
  version=3.13.0
  cwd=C:\J.A.R.V.I.S\local_jarvis
  env=yes
  mode=tray+wakeword+speak
[2026-05-22T10:30:23.729271+00:00] startup
  mode=tray
  wake=True
  voice=True
  speak=True
  python=C:\Users\babi2\AppData\Local\Programs\Python\Python313\python.exe
[2026-05-22T10:30:23.731193+00:00] tray: entering main loop
[2026-05-22T10:30:23.732317+00:00] tray: main loop ended
[2026-05-22T10:30:23.736880+00:00] watchdog started
[2026-05-22T10:30:23.737902+00:00] tray icon run() starting
[2026-05-22T10:30:23.739346+00:00] tray run() ended
[2026-05-22T10:30:23.745556+00:00] watchdog started
[2026-05-22T10:30:23.746529+00:00] tray icon run() starting
[2026-05-22T10:30:23.747667+00:00] tray run() ended
[2026-05-22T10:30:23.750425+00:00] startup header
  executable=C:\Users\babi2\AppData\Local\Programs\Python\Python313\python.exe
  version=3.13.0
  cwd=C:\J.A.R.V.I.S\local_jarvis
  env=yes
  mode=smoke
[2026-05-22T10:30:23.754012+00:00] startup header
  executable=C:\Users\babi2\AppData\Local\Programs\Python\Python313\python.exe
  version=3.13.0
  cwd=C:\J.A.R.V.I.S\local_jarvis
  env=yes
  mode=tray+wakeword(env)+debug-startup
[2026-05-22T10:30:23.755220+00:00] startup header
  executable=C:\Users\babi2\AppData\Local\Programs\Python\Python313\python.exe
  version=3.13.0
  cwd=C:\J.A.R.V.I.S\local_jarvis
  env=yes
  mode=tray+wakeword(env)+debug-startup
[2026-05-22T10:30:23.756419+00:00] startup
  mode=tray
  wake=True
  voice=True
  speak=False
  python=C:\Users\babi2\AppData\Local\Programs\Python\Python313\python.exe
[2026-05-22T10:30:23.758776+00:00] tray: entering main loop
[2026-05-22T10:30:23.763234+00:00] tray: main loop ended
[2026-05-22T10:51:10.440430+00:00] smoke test begin
[2026-05-22T10:51:10.442103+00:00] smoke test PASS
  .env file=PASS (ok)
  config loaded=PASS (ok)
  pystray import=PASS (ok)
  Pillow import=PASS (ok)
  PySide6 import=PASS (ok)
  openwakeword import=PASS (ok)
  onnxruntime import=PASS (ok)
  sounddevice import=PASS (ok)
  pyttsx3 import=PASS (ok)
  wake word model file=PASS (C:\Users\babi2\AppData\Local\Programs\Python\Python313\Lib\site-packages\openwakeword\resources\models\hey_jarvis_v0.1.onnx)
  microphone query=PASS (17 input device(s))
  overlay config=PASS (OVERLAY_ENABLED=True style=premium_ironman_full theme=jarvis_blue opacity=0.92)
[2026-05-22T10:51:10.444657+00:00] startup header
  executable=C:\Users\babi2\AppData\Local\Programs\Python\Python313\python.exe
  version=3.13.0
  cwd=C:\J.A.R.V.I.S\local_jarvis
  env=yes
  mode=tray+wakeword+speak
[2026-05-22T10:51:10.445786+00:00] startup header
  executable=C:\Users\babi2\AppData\Local\Programs\Python\Python313\python.exe
  version=3.13.0
  cwd=C:\J.A.R.V.I.S\local_jarvis
  env=yes
  mode=tray+wakeword+speak
[2026-05-22T10:51:10.446508+00:00] startup
  mode=tray
  wake=True
  voice=True
  speak=True
  python=C:\Users\babi2\AppData\Local\Programs\Python\Python313\python.exe
[2026-05-22T10:51:10.448190+00:00] tray: entering main loop
[2026-05-22T10:51:10.449439+00:00] tray: main loop ended
[2026-05-22T10:51:10.454476+00:00] watchdog started
[2026-05-22T10:51:10.455746+00:00] tray icon run() starting
[2026-05-22T10:51:10.457161+00:00] tray run() ended
[2026-05-22T10:51:10.465365+00:00] watchdog started
[2026-05-22T10:51:10.466458+00:00] tray icon run() starting
[2026-05-22T10:51:10.467783+00:00] tray run() ended
[2026-05-22T10:51:10.470776+00:00] startup header
  executable=C:\Users\babi2\AppData\Local\Programs\Python\Python313\python.exe
  version=3.13.0
  cwd=C:\J.A.R.V.I.S\local_jarvis
  env=yes
  mode=smoke
[2026-05-22T10:51:10.474849+00:00] startup header
  executable=C:\Users\babi2\AppData\Local\Programs\Python\Python313\python.exe
  version=3.13.0
  cwd=C:\J.A.R.V.I.S\local_jarvis
  env=yes
  mode=tray+wakeword(env)+debug-startup
[2026-05-22T10:51:10.476250+00:00] startup header
  executable=C:\Users\babi2\AppData\Local\Programs\Python\Python313\python.exe
  version=3.13.0
  cwd=C:\J.A.R.V.I.S\local_jarvis
  env=yes
  mode=tray+wakeword(env)+debug-startup
[2026-05-22T10:51:10.477703+00:00] startup
  mode=tray
  wake=True
  voice=True
  speak=False
  python=C:\Users\babi2\AppData\Local\Programs\Python\Python313\python.exe
[2026-05-22T10:51:10.480201+00:00] tray: entering main loop
[2026-05-22T10:51:10.487010+00:00] tray: main loop ended
[2026-05-22T10:58:54.520712+00:00] startup header
  executable=C:\Users\babi2\AppData\Local\Programs\Python\Python313\python.exe
  version=3.13.0
  cwd=C:\J.A.R.V.I.S\local_jarvis
  env=yes
  mode=tray+voice+wakeword+speak+debug-startup+overlay
[2026-05-22T10:58:54.603496+00:00] import pystray: ok
[2026-05-22T10:58:54.606039+00:00] import Pillow: ok
[2026-05-22T10:58:56.304320+00:00] import openwakeword: ok
[2026-05-22T10:58:56.305159+00:00] import onnxruntime: ok
[2026-05-22T10:58:56.502015+00:00] import sounddevice: ok
[2026-05-22T10:58:56.505145+00:00] import pyttsx3: ok
[2026-05-22T10:58:56.547770+00:00] import PySide6: ok
[2026-05-22T10:58:57.035909+00:00] startup header
  executable=C:\Users\babi2\AppData\Local\Programs\Python\Python313\python.exe
  version=3.13.0
  cwd=C:\J.A.R.V.I.S\local_jarvis
  env=yes
  mode=tray+voice+wakeword+speak+debug-startup+overlay
[2026-05-22T10:58:57.037005+00:00] startup
  mode=tray
  wake=True
  voice=True
  speak=True
  python=C:\Users\babi2\AppData\Local\Programs\Python\Python313\python.exe
[2026-05-22T10:58:57.044719+00:00] tray: entering main loop
[2026-05-22T10:58:57.132287+00:00] watchdog started
[2026-05-22T10:58:57.191306+00:00] tray icon run() starting
[2026-05-22T11:10:44.553968+00:00] smoke test begin
[2026-05-22T11:10:44.555773+00:00] smoke test PASS
  .env file=PASS (ok)
  config loaded=PASS (ok)
  pystray import=PASS (ok)
  Pillow import=PASS (ok)
  PySide6 import=PASS (ok)
  openwakeword import=PASS (ok)
  onnxruntime import=PASS (ok)
  sounddevice import=PASS (ok)
  pyttsx3 import=PASS (ok)
  wake word model file=PASS (C:\Users\babi2\AppData\Local\Programs\Python\Python313\Lib\site-packages\openwakeword\resources\models\hey_jarvis_v0.1.onnx)
  microphone query=PASS (17 input device(s))
  overlay config=PASS (OVERLAY_ENABLED=True style=premium_ironman_full theme=jarvis_blue opacity=0.92)
[2026-05-22T11:10:44.558748+00:00] startup header
  executable=C:\Users\babi2\AppData\Local\Programs\Python\Python313\python.exe
  version=3.13.0
  cwd=C:\J.A.R.V.I.S\local_jarvis
  env=yes
  mode=tray+wakeword+speak
[2026-05-22T11:10:45.906066+00:00] startup header
  executable=C:\Users\babi2\AppData\Local\Programs\Python\Python313\python.exe
  version=3.13.0
  cwd=C:\J.A.R.V.I.S\local_jarvis
  env=yes
  mode=tray+wakeword+speak
[2026-05-22T11:10:45.907200+00:00] startup
  mode=tray
  wake=True
  voice=True
  speak=True
  python=C:\Users\babi2\AppData\Local\Programs\Python\Python313\python.exe
[2026-05-22T11:10:45.909178+00:00] tray: entering main loop
[2026-05-22T11:10:45.910270+00:00] tray: main loop ended
[2026-05-22T11:10:45.915125+00:00] watchdog started
[2026-05-22T11:10:45.916569+00:00] tray icon run() starting
[2026-05-22T11:10:45.917670+00:00] tray run() ended
[2026-05-22T11:10:45.923885+00:00] watchdog started
[2026-05-22T11:10:45.925146+00:00] tray icon run() starting
[2026-05-22T11:10:45.926173+00:00] tray run() ended
[2026-05-22T11:10:45.929171+00:00] startup header
  executable=C:\Users\babi2\AppData\Local\Programs\Python\Python313\python.exe
  version=3.13.0
  cwd=C:\J.A.R.V.I.S\local_jarvis
  env=yes
  mode=smoke
[2026-05-22T11:10:45.932312+00:00] startup header
  executable=C:\Users\babi2\AppData\Local\Programs\Python\Python313\python.exe
  version=3.13.0
  cwd=C:\J.A.R.V.I.S\local_jarvis
  env=yes
  mode=tray+wakeword(env)+debug-startup
[2026-05-22T11:10:45.933873+00:00] startup header
  executable=C:\Users\babi2\AppData\Local\Programs\Python\Python313\python.exe
  version=3.13.0
  cwd=C:\J.A.R.V.I.S\local_jarvis
  env=yes
  mode=tray+wakeword(env)+debug-startup
[2026-05-22T11:10:45.934731+00:00] startup
  mode=tray
  wake=True
  voice=True
  speak=False
  python=C:\Users\babi2\AppData\Local\Programs\Python\Python313\python.exe
[2026-05-22T11:10:45.937551+00:00] tray: entering main loop
[2026-05-22T11:10:45.942554+00:00] tray: main loop ended
[2026-05-22T11:14:43.251493+00:00] smoke test begin
[2026-05-22T11:14:43.253709+00:00] smoke test PASS
  .env file=PASS (ok)
  config loaded=PASS (ok)
  pystray import=PASS (ok)
  Pillow import=PASS (ok)
  PySide6 import=PASS (ok)
  openwakeword import=PASS (ok)
  onnxruntime import=PASS (ok)
  sounddevice import=PASS (ok)
  pyttsx3 import=PASS (ok)
  wake word model file=PASS (C:\Users\babi2\AppData\Local\Programs\Python\Python313\Lib\site-packages\openwakeword\resources\models\hey_jarvis_v0.1.onnx)
  microphone query=PASS (17 input device(s))
  overlay config=PASS (OVERLAY_ENABLED=True style=premium_ironman_full theme=jarvis_blue opacity=0.92)
[2026-05-22T11:14:43.256882+00:00] startup header
  executable=C:\Users\babi2\AppData\Local\Programs\Python\Python313\python.exe
  version=3.13.0
  cwd=C:\J.A.R.V.I.S\local_jarvis
  env=yes
  mode=tray+wakeword+speak
[2026-05-22T11:14:44.582577+00:00] startup header
  executable=C:\Users\babi2\AppData\Local\Programs\Python\Python313\python.exe
  version=3.13.0
  cwd=C:\J.A.R.V.I.S\local_jarvis
  env=yes
  mode=tray+wakeword+speak
[2026-05-22T11:14:44.583568+00:00] startup
  mode=tray
  wake=True
  voice=True
  speak=True
  python=C:\Users\babi2\AppData\Local\Programs\Python\Python313\python.exe
[2026-05-22T11:14:44.585265+00:00] tray: entering main loop
[2026-05-22T11:14:44.586261+00:00] tray: main loop ended
[2026-05-22T11:14:44.590453+00:00] watchdog started
[2026-05-22T11:14:44.591748+00:00] tray icon run() starting
[2026-05-22T11:14:44.592969+00:00] tray run() ended
[2026-05-22T11:14:44.599589+00:00] watchdog started
[2026-05-22T11:14:44.600755+00:00] tray icon run() starting
[2026-05-22T11:14:44.601777+00:00] tray run() ended
[2026-05-22T11:14:44.604650+00:00] startup header
  executable=C:\Users\babi2\AppData\Local\Programs\Python\Python313\python.exe
  version=3.13.0
  cwd=C:\J.A.R.V.I.S\local_jarvis
  env=yes
  mode=smoke
[2026-05-22T11:14:44.608126+00:00] startup header
  executable=C:\Users\babi2\AppData\Local\Programs\Python\Python313\python.exe
  version=3.13.0
  cwd=C:\J.A.R.V.I.S\local_jarvis
  env=yes
  mode=tray+wakeword(env)+debug-startup
[2026-05-22T11:14:44.609579+00:00] startup header
  executable=C:\Users\babi2\AppData\Local\Programs\Python\Python313\python.exe
  version=3.13.0
  cwd=C:\J.A.R.V.I.S\local_jarvis
  env=yes
  mode=tray+wakeword(env)+debug-startup
[2026-05-22T11:14:44.610423+00:00] startup
  mode=tray
  wake=True
  voice=True
  speak=False
  python=C:\Users\babi2\AppData\Local\Programs\Python\Python313\python.exe
[2026-05-22T11:14:44.612657+00:00] tray: entering main loop
[2026-05-22T11:14:44.617450+00:00] tray: main loop ended
[2026-05-22T11:17:40.043415+00:00] smoke test begin
[2026-05-22T11:17:40.045338+00:00] smoke test PASS
  .env file=PASS (ok)
  config loaded=PASS (ok)
  pystray import=PASS (ok)
  Pillow import=PASS (ok)
  PySide6 import=PASS (ok)
  openwakeword import=PASS (ok)
  onnxruntime import=PASS (ok)
  sounddevice import=PASS (ok)
  pyttsx3 import=PASS (ok)
  wake word model file=PASS (C:\Users\babi2\AppData\Local\Programs\Python\Python313\Lib\site-packages\openwakeword\resources\models\hey_jarvis_v0.1.onnx)
  microphone query=PASS (17 input device(s))
  overlay config=PASS (OVERLAY_ENABLED=True style=premium_ironman_full theme=jarvis_blue opacity=0.92)
[2026-05-22T11:17:40.048335+00:00] startup header
  executable=C:\Users\babi2\AppData\Local\Programs\Python\Python313\python.exe
  version=3.13.0
  cwd=C:\J.A.R.V.I.S\local_jarvis
  env=yes
  mode=tray+wakeword+speak
[2026-05-22T11:17:41.384167+00:00] startup header
  executable=C:\Users\babi2\AppData\Local\Programs\Python\Python313\python.exe
  version=3.13.0
  cwd=C:\J.A.R.V.I.S\local_jarvis
  env=yes
  mode=tray+wakeword+speak
[2026-05-22T11:17:41.385009+00:00] startup
  mode=tray
  wake=True
  voice=True
  speak=True
  python=C:\Users\babi2\AppData\Local\Programs\Python\Python313\python.exe
[2026-05-22T11:17:41.386227+00:00] tray: entering main loop
[2026-05-22T11:17:41.386967+00:00] tray: main loop ended
[2026-05-22T11:17:41.392352+00:00] watchdog started
[2026-05-22T11:17:41.393994+00:00] tray icon run() starting
[2026-05-22T11:17:41.395027+00:00] tray run() ended
[2026-05-22T11:17:41.401842+00:00] watchdog started
[2026-05-22T11:17:41.403104+00:00] tray icon run() starting
[2026-05-22T11:17:41.404022+00:00] tray run() ended
[2026-05-22T11:17:41.407582+00:00] startup header
  executable=C:\Users\babi2\AppData\Local\Programs\Python\Python313\python.exe
  version=3.13.0
  cwd=C:\J.A.R.V.I.S\local_jarvis
  env=yes
  mode=smoke
[2026-05-22T11:17:41.410891+00:00] startup header
  executable=C:\Users\babi2\AppData\Local\Programs\Python\Python313\python.exe
  version=3.13.0
  cwd=C:\J.A.R.V.I.S\local_jarvis
  env=yes
  mode=tray+wakeword(env)+debug-startup
[2026-05-22T11:17:41.412252+00:00] startup header
  executable=C:\Users\babi2\AppData\Local\Programs\Python\Python313\python.exe
  version=3.13.0
  cwd=C:\J.A.R.V.I.S\local_jarvis
  env=yes
  mode=tray+wakeword(env)+debug-startup
[2026-05-22T11:17:41.412927+00:00] startup
  mode=tray
  wake=True
  voice=True
  speak=False
  python=C:\Users\babi2\AppData\Local\Programs\Python\Python313\python.exe
[2026-05-22T11:17:41.414980+00:00] tray: entering main loop
[2026-05-22T11:17:41.420246+00:00] tray: main loop ended
[2026-05-22T11:22:33.329012+00:00] smoke test begin
[2026-05-22T11:22:33.330887+00:00] smoke test PASS
  .env file=PASS (ok)
  config loaded=PASS (ok)
  pystray import=PASS (ok)
  Pillow import=PASS (ok)
  PySide6 import=PASS (ok)
  openwakeword import=PASS (ok)
  onnxruntime import=PASS (ok)
  sounddevice import=PASS (ok)
  pyttsx3 import=PASS (ok)
  wake word model file=PASS (C:\Users\babi2\AppData\Local\Programs\Python\Python313\Lib\site-packages\openwakeword\resources\models\hey_jarvis_v0.1.onnx)
  microphone query=PASS (17 input device(s))
  overlay config=PASS (OVERLAY_ENABLED=True style=premium_ironman_full theme=jarvis_blue opacity=0.92)
[2026-05-22T11:22:33.334390+00:00] startup header
  executable=C:\Users\babi2\AppData\Local\Programs\Python\Python313\python.exe
  version=3.13.0
  cwd=C:\J.A.R.V.I.S\local_jarvis
  env=yes
  mode=tray+wakeword+speak
[2026-05-22T11:22:41.768672+00:00] startup header
  executable=C:\Users\babi2\AppData\Local\Programs\Python\Python313\python.exe
  version=3.13.0
  cwd=C:\J.A.R.V.I.S\local_jarvis
  env=yes
  mode=tray+wakeword+speak
[2026-05-22T11:22:41.769625+00:00] startup
  mode=tray
  wake=True
  voice=True
  speak=True
  python=C:\Users\babi2\AppData\Local\Programs\Python\Python313\python.exe
[2026-05-22T11:22:41.770912+00:00] tray: entering main loop
[2026-05-22T11:22:41.771638+00:00] tray: main loop ended
[2026-05-22T11:22:41.805546+00:00] watchdog started
[2026-05-22T11:22:41.806915+00:00] tray icon run() starting
[2026-05-22T11:22:41.807965+00:00] tray run() ended
[2026-05-22T11:22:41.814012+00:00] watchdog started
[2026-05-22T11:22:41.815243+00:00] tray icon run() starting
[2026-05-22T11:22:41.815953+00:00] tray run() ended
[2026-05-22T11:22:41.818426+00:00] startup header
  executable=C:\Users\babi2\AppData\Local\Programs\Python\Python313\python.exe
  version=3.13.0
  cwd=C:\J.A.R.V.I.S\local_jarvis
  env=yes
  mode=smoke
[2026-05-22T11:22:41.821786+00:00] startup header
  executable=C:\Users\babi2\AppData\Local\Programs\Python\Python313\python.exe
  version=3.13.0
  cwd=C:\J.A.R.V.I.S\local_jarvis
  env=yes
  mode=tray+wakeword(env)+debug-startup
[2026-05-22T11:22:41.823289+00:00] startup header
  executable=C:\Users\babi2\AppData\Local\Programs\Python\Python313\python.exe
  version=3.13.0
  cwd=C:\J.A.R.V.I.S\local_jarvis
  env=yes
  mode=tray+wakeword(env)+debug-startup
[2026-05-22T11:22:41.824070+00:00] startup
  mode=tray
  wake=True
  voice=True
  speak=False
  python=C:\Users\babi2\AppData\Local\Programs\Python\Python313\python.exe
[2026-05-22T11:22:41.826319+00:00] tray: entering main loop
[2026-05-22T11:22:41.830850+00:00] tray: main loop ended
[2026-05-22T11:40:07.292745+00:00] startup header
  executable=C:\Users\babi2\AppData\Local\Programs\Python\Python313\python.exe
  version=3.13.0
  cwd=C:\J.A.R.V.I.S\local_jarvis
  env=yes
  mode=tray+wakeword(env)+debug-startup
[2026-05-22T11:40:07.369660+00:00] import pystray: ok
[2026-05-22T11:40:07.371921+00:00] import Pillow: ok
[2026-05-22T11:40:09.093334+00:00] import openwakeword: ok
[2026-05-22T11:40:09.094104+00:00] import onnxruntime: ok
[2026-05-22T11:40:09.288162+00:00] import sounddevice: ok
[2026-05-22T11:40:09.291713+00:00] import pyttsx3: ok
[2026-05-22T11:40:09.334585+00:00] import PySide6: ok
[2026-05-22T11:40:14.277954+00:00] startup header
  executable=C:\Users\babi2\AppData\Local\Programs\Python\Python313\python.exe
  version=3.13.0
  cwd=C:\J.A.R.V.I.S\local_jarvis
  env=yes
  mode=tray+wakeword(env)+debug-startup
[2026-05-22T11:40:14.279036+00:00] startup
  mode=tray
  wake=True
  voice=True
  speak=True
  python=C:\Users\babi2\AppData\Local\Programs\Python\Python313\python.exe
[2026-05-22T11:40:14.286238+00:00] tray: entering main loop
[2026-05-22T11:40:14.333975+00:00] watchdog started
[2026-05-22T11:40:14.352076+00:00] tray icon run() starting
[2026-05-22T11:43:17.337615+00:00] startup header
  executable=C:\Users\babi2\AppData\Local\Programs\Python\Python313\python.exe
  version=3.13.0
  cwd=C:\J.A.R.V.I.S\local_jarvis
  env=yes
  mode=tray+wakeword(env)+debug-startup
[2026-05-22T11:43:17.413025+00:00] import pystray: ok
[2026-05-22T11:43:17.415399+00:00] import Pillow: ok
[2026-05-22T11:43:19.056065+00:00] import openwakeword: ok
[2026-05-22T11:43:19.056923+00:00] import onnxruntime: ok
[2026-05-22T11:43:19.264798+00:00] import sounddevice: ok
[2026-05-22T11:43:19.267746+00:00] import pyttsx3: ok
[2026-05-22T11:43:19.310096+00:00] import PySide6: ok
[2026-05-22T11:43:21.678600+00:00] startup header
  executable=C:\Users\babi2\AppData\Local\Programs\Python\Python313\python.exe
  version=3.13.0
  cwd=C:\J.A.R.V.I.S\local_jarvis
  env=yes
  mode=tray+wakeword(env)+debug-startup
[2026-05-22T11:43:21.679508+00:00] startup
  mode=tray
  wake=True
  voice=True
  speak=True
  python=C:\Users\babi2\AppData\Local\Programs\Python\Python313\python.exe
[2026-05-22T11:43:21.686285+00:00] tray: entering main loop
[2026-05-22T11:43:21.730229+00:00] watchdog started
[2026-05-22T11:43:21.745466+00:00] tray icon run() starting
[2026-05-22T11:56:15.401985+00:00] smoke test begin
[2026-05-22T11:56:15.403902+00:00] smoke test PASS
  .env file=PASS (ok)
  config loaded=PASS (ok)
  pystray import=PASS (ok)
  Pillow import=PASS (ok)
  PySide6 import=PASS (ok)
  openwakeword import=PASS (ok)
  onnxruntime import=PASS (ok)
  sounddevice import=PASS (ok)
  pyttsx3 import=PASS (ok)
  wake word model file=PASS (C:\Users\babi2\AppData\Local\Programs\Python\Python313\Lib\site-packages\openwakeword\resources\models\hey_jarvis_v0.1.onnx)
  microphone query=PASS (17 input device(s))
  overlay config=PASS (OVERLAY_ENABLED=True style=premium_ironman_full theme=jarvis_blue opacity=0.92)
[2026-05-22T11:56:15.406604+00:00] startup header
  executable=C:\Users\babi2\AppData\Local\Programs\Python\Python313\python.exe
  version=3.13.0
  cwd=C:\J.A.R.V.I.S\local_jarvis
  env=yes
  mode=tray+wakeword+speak
[2026-05-22T11:56:17.271684+00:00] startup header
  executable=C:\Users\babi2\AppData\Local\Programs\Python\Python313\python.exe
  version=3.13.0
  cwd=C:\J.A.R.V.I.S\local_jarvis
  env=yes
  mode=tray+wakeword+speak
[2026-05-22T11:56:17.272945+00:00] startup
  mode=tray
  wake=True
  voice=True
  speak=True
  python=C:\Users\babi2\AppData\Local\Programs\Python\Python313\python.exe
[2026-05-22T11:56:17.275000+00:00] tray: entering main loop
[2026-05-22T11:56:17.276302+00:00] tray: main loop ended
[2026-05-22T11:56:17.282444+00:00] watchdog started
[2026-05-22T11:56:17.284176+00:00] tray icon run() starting
[2026-05-22T11:56:17.285620+00:00] tray run() ended
[2026-05-22T11:56:17.293593+00:00] watchdog started
[2026-05-22T11:56:17.295217+00:00] tray icon run() starting
[2026-05-22T11:56:17.296671+00:00] tray run() ended
[2026-05-22T11:56:17.300058+00:00] startup header
  executable=C:\Users\babi2\AppData\Local\Programs\Python\Python313\python.exe
  version=3.13.0
  cwd=C:\J.A.R.V.I.S\local_jarvis
  env=yes
  mode=smoke
[2026-05-22T11:56:17.304274+00:00] startup header
  executable=C:\Users\babi2\AppData\Local\Programs\Python\Python313\python.exe
  version=3.13.0
  cwd=C:\J.A.R.V.I.S\local_jarvis
  env=yes
  mode=tray+wakeword(env)+debug-startup
[2026-05-22T11:56:17.306129+00:00] startup header
  executable=C:\Users\babi2\AppData\Local\Programs\Python\Python313\python.exe
  version=3.13.0
  cwd=C:\J.A.R.V.I.S\local_jarvis
  env=yes
  mode=tray+wakeword(env)+debug-startup
[2026-05-22T11:56:17.307493+00:00] startup
  mode=tray
  wake=True
  voice=True
  speak=False
  python=C:\Users\babi2\AppData\Local\Programs\Python\Python313\python.exe
[2026-05-22T11:56:17.310778+00:00] tray: entering main loop
[2026-05-22T11:56:17.315797+00:00] tray: main loop ended
[2026-05-22T11:59:15.886876+00:00] smoke test begin
[2026-05-22T11:59:15.889162+00:00] smoke test PASS
  .env file=PASS (ok)
  config loaded=PASS (ok)
  pystray import=PASS (ok)
  Pillow import=PASS (ok)
  PySide6 import=PASS (ok)
  openwakeword import=PASS (ok)
  onnxruntime import=PASS (ok)
  sounddevice import=PASS (ok)
  pyttsx3 import=PASS (ok)
  wake word model file=PASS (C:\Users\babi2\AppData\Local\Programs\Python\Python313\Lib\site-packages\openwakeword\resources\models\hey_jarvis_v0.1.onnx)
  microphone query=PASS (17 input device(s))
  overlay config=PASS (OVERLAY_ENABLED=True style=premium_ironman_full theme=jarvis_blue opacity=0.92)
[2026-05-22T11:59:15.893175+00:00] startup header
  executable=C:\Users\babi2\AppData\Local\Programs\Python\Python313\python.exe
  version=3.13.0
  cwd=C:\J.A.R.V.I.S\local_jarvis
  env=yes
  mode=tray+wakeword+speak
[2026-05-22T11:59:18.052601+00:00] startup header
  executable=C:\Users\babi2\AppData\Local\Programs\Python\Python313\python.exe
  version=3.13.0
  cwd=C:\J.A.R.V.I.S\local_jarvis
  env=yes
  mode=tray+wakeword+speak
[2026-05-22T11:59:18.053785+00:00] startup
  mode=tray
  wake=True
  voice=True
  speak=True
  python=C:\Users\babi2\AppData\Local\Programs\Python\Python313\python.exe
[2026-05-22T11:59:18.055713+00:00] tray: entering main loop
[2026-05-22T11:59:18.056610+00:00] tray: main loop ended
[2026-05-22T11:59:18.063178+00:00] watchdog started
[2026-05-22T11:59:18.064826+00:00] tray icon run() starting
[2026-05-22T11:59:18.066064+00:00] tray run() ended
[2026-05-22T11:59:18.073924+00:00] watchdog started
[2026-05-22T11:59:18.075530+00:00] tray icon run() starting
[2026-05-22T11:59:18.076741+00:00] tray run() ended
[2026-05-22T11:59:18.079903+00:00] startup header
  executable=C:\Users\babi2\AppData\Local\Programs\Python\Python313\python.exe
  version=3.13.0
  cwd=C:\J.A.R.V.I.S\local_jarvis
  env=yes
  mode=smoke
[2026-05-22T11:59:18.083024+00:00] startup header
  executable=C:\Users\babi2\AppData\Local\Programs\Python\Python313\python.exe
  version=3.13.0
  cwd=C:\J.A.R.V.I.S\local_jarvis
  env=yes
  mode=tray+wakeword(env)+debug-startup
[2026-05-22T11:59:18.085050+00:00] startup header
  executable=C:\Users\babi2\AppData\Local\Programs\Python\Python313\python.exe
  version=3.13.0
  cwd=C:\J.A.R.V.I.S\local_jarvis
  env=yes
  mode=tray+wakeword(env)+debug-startup
[2026-05-22T11:59:18.086133+00:00] startup
  mode=tray
  wake=True
  voice=True
  speak=False
  python=C:\Users\babi2\AppData\Local\Programs\Python\Python313\python.exe
[2026-05-22T11:59:18.089261+00:00] tray: entering main loop
[2026-05-22T11:59:18.095256+00:00] tray: main loop ended
[2026-05-22T12:05:11.581546+00:00] startup header
  executable=C:\Users\babi2\AppData\Local\Programs\Python\Python313\python.exe
  version=3.13.0
  cwd=C:\J.A.R.V.I.S\local_jarvis
  env=yes
  mode=tray+wakeword(env)+debug-startup
[2026-05-22T12:05:11.661886+00:00] import pystray: ok
[2026-05-22T12:05:11.664578+00:00] import Pillow: ok
[2026-05-22T12:05:13.395052+00:00] import openwakeword: ok
[2026-05-22T12:05:13.395963+00:00] import onnxruntime: ok
[2026-05-22T12:05:13.608547+00:00] import sounddevice: ok
[2026-05-22T12:05:13.611934+00:00] import pyttsx3: ok
[2026-05-22T12:05:13.657221+00:00] import PySide6: ok
[2026-05-22T12:05:16.100304+00:00] startup header
  executable=C:\Users\babi2\AppData\Local\Programs\Python\Python313\python.exe
  version=3.13.0
  cwd=C:\J.A.R.V.I.S\local_jarvis
  env=yes
  mode=tray+wakeword(env)+debug-startup
[2026-05-22T12:05:16.101397+00:00] startup
  mode=tray
  wake=True
  voice=True
  speak=True
  python=C:\Users\babi2\AppData\Local\Programs\Python\Python313\python.exe
[2026-05-22T12:05:16.108601+00:00] tray: entering main loop
[2026-05-22T12:05:16.155127+00:00] watchdog started
[2026-05-22T12:05:16.170898+00:00] tray icon run() starting
[2026-05-22T12:08:55.750496+00:00] smoke test begin
[2026-05-22T12:08:55.752979+00:00] smoke test PASS
  .env file=PASS (ok)
  config loaded=PASS (ok)
  pystray import=PASS (ok)
  Pillow import=PASS (ok)
  PySide6 import=PASS (ok)
  openwakeword import=PASS (ok)
  onnxruntime import=PASS (ok)
  sounddevice import=PASS (ok)
  pyttsx3 import=PASS (ok)
  wake word model file=PASS (C:\Users\babi2\AppData\Local\Programs\Python\Python313\Lib\site-packages\openwakeword\resources\models\hey_jarvis_v0.1.onnx)
  microphone query=PASS (17 input device(s))
  overlay config=PASS (OVERLAY_ENABLED=True style=premium_ironman_full theme=jarvis_blue opacity=0.92)
[2026-05-22T12:08:55.756896+00:00] startup header
  executable=C:\Users\babi2\AppData\Local\Programs\Python\Python313\python.exe
  version=3.13.0
  cwd=C:\J.A.R.V.I.S\local_jarvis
  env=yes
  mode=tray+wakeword+speak
[2026-05-22T12:08:57.997958+00:00] startup header
  executable=C:\Users\babi2\AppData\Local\Programs\Python\Python313\python.exe
  version=3.13.0
  cwd=C:\J.A.R.V.I.S\local_jarvis
  env=yes
  mode=tray+wakeword+speak
[2026-05-22T12:08:57.999158+00:00] startup
  mode=tray
  wake=True
  voice=True
  speak=True
  python=C:\Users\babi2\AppData\Local\Programs\Python\Python313\python.exe
[2026-05-22T12:08:58.001545+00:00] tray: entering main loop
[2026-05-22T12:08:58.002898+00:00] tray: main loop ended
[2026-05-22T12:08:58.011464+00:00] watchdog started
[2026-05-22T12:08:58.013024+00:00] tray icon run() starting
[2026-05-22T12:08:58.014249+00:00] tray run() ended
[2026-05-22T12:08:58.021783+00:00] watchdog started
[2026-05-22T12:08:58.023286+00:00] tray icon run() starting
[2026-05-22T12:08:58.024577+00:00] tray run() ended
[2026-05-22T12:08:58.027569+00:00] startup header
  executable=C:\Users\babi2\AppData\Local\Programs\Python\Python313\python.exe
  version=3.13.0
  cwd=C:\J.A.R.V.I.S\local_jarvis
  env=yes
  mode=smoke
[2026-05-22T12:08:58.031427+00:00] startup header
  executable=C:\Users\babi2\AppData\Local\Programs\Python\Python313\python.exe
  version=3.13.0
  cwd=C:\J.A.R.V.I.S\local_jarvis
  env=yes
  mode=tray+wakeword(env)+debug-startup
[2026-05-22T12:08:58.033141+00:00] startup header
  executable=C:\Users\babi2\AppData\Local\Programs\Python\Python313\python.exe
  version=3.13.0
  cwd=C:\J.A.R.V.I.S\local_jarvis
  env=yes
  mode=tray+wakeword(env)+debug-startup
[2026-05-22T12:08:58.034175+00:00] startup
  mode=tray
  wake=True
  voice=True
  speak=False
  python=C:\Users\babi2\AppData\Local\Programs\Python\Python313\python.exe
[2026-05-22T12:08:58.037102+00:00] tray: entering main loop
[2026-05-22T12:08:58.042655+00:00] tray: main loop ended
[2026-05-22T12:43:10.957793+00:00] smoke test begin
[2026-05-22T12:43:10.960580+00:00] smoke test PASS
  .env file=PASS (ok)
  config loaded=PASS (ok)
  pystray import=PASS (ok)
  Pillow import=PASS (ok)
  PySide6 import=PASS (ok)
  openwakeword import=PASS (ok)
  onnxruntime import=PASS (ok)
  sounddevice import=PASS (ok)
  pyttsx3 import=PASS (ok)
  wake word model file=PASS (C:\Users\babi2\AppData\Local\Programs\Python\Python313\Lib\site-packages\openwakeword\resources\models\hey_jarvis_v0.1.onnx)
  microphone query=PASS (17 input device(s))
  overlay config=PASS (OVERLAY_ENABLED=True style=premium_ironman_full theme=jarvis_blue opacity=0.92)
[2026-05-22T12:43:10.964721+00:00] startup header
  executable=C:\Users\babi2\AppData\Local\Programs\Python\Python313\python.exe
  version=3.13.0
  cwd=C:\J.A.R.V.I.S\local_jarvis
  env=yes
  mode=tray+wakeword+speak
[2026-05-22T12:43:13.430118+00:00] startup header
  executable=C:\Users\babi2\AppData\Local\Programs\Python\Python313\python.exe
  version=3.13.0
  cwd=C:\J.A.R.V.I.S\local_jarvis
  env=yes
  mode=tray+wakeword+speak
[2026-05-22T12:43:13.431441+00:00] startup
  mode=tray
  wake=True
  voice=True
  speak=True
  python=C:\Users\babi2\AppData\Local\Programs\Python\Python313\python.exe
[2026-05-22T12:43:13.433338+00:00] tray: entering main loop
[2026-05-22T12:43:13.434478+00:00] tray: main loop ended
[2026-05-22T12:43:13.439661+00:00] watchdog started
[2026-05-22T12:43:13.441218+00:00] tray icon run() starting
[2026-05-22T12:43:13.442734+00:00] tray run() ended
[2026-05-22T12:43:13.450549+00:00] watchdog started
[2026-05-22T12:43:13.452067+00:00] tray icon run() starting
[2026-05-22T12:43:13.453401+00:00] tray run() ended
[2026-05-22T12:43:13.456757+00:00] startup header
  executable=C:\Users\babi2\AppData\Local\Programs\Python\Python313\python.exe
  version=3.13.0
  cwd=C:\J.A.R.V.I.S\local_jarvis
  env=yes
  mode=smoke
[2026-05-22T12:43:13.461065+00:00] startup header
  executable=C:\Users\babi2\AppData\Local\Programs\Python\Python313\python.exe
  version=3.13.0
  cwd=C:\J.A.R.V.I.S\local_jarvis
  env=yes
  mode=tray+wakeword(env)+debug-startup
[2026-05-22T12:43:13.462785+00:00] startup header
  executable=C:\Users\babi2\AppData\Local\Programs\Python\Python313\python.exe
  version=3.13.0
  cwd=C:\J.A.R.V.I.S\local_jarvis
  env=yes
  mode=tray+wakeword(env)+debug-startup
[2026-05-22T12:43:13.464007+00:00] startup
  mode=tray
  wake=True
  voice=True
  speak=False
  python=C:\Users\babi2\AppData\Local\Programs\Python\Python313\python.exe
[2026-05-22T12:43:13.466906+00:00] tray: entering main loop
[2026-05-22T12:43:13.473249+00:00] tray: main loop ended
[2026-05-22T12:51:39.711521+00:00] smoke test begin
[2026-05-22T12:51:39.713722+00:00] smoke test PASS
  .env file=PASS (ok)
  config loaded=PASS (ok)
  pystray import=PASS (ok)
  Pillow import=PASS (ok)
  PySide6 import=PASS (ok)
  openwakeword import=PASS (ok)
  onnxruntime import=PASS (ok)
  sounddevice import=PASS (ok)
  pyttsx3 import=PASS (ok)
  wake word model file=PASS (C:\Users\babi2\AppData\Local\Programs\Python\Python313\Lib\site-packages\openwakeword\resources\models\hey_jarvis_v0.1.onnx)
  microphone query=PASS (17 input device(s))
  overlay config=PASS (OVERLAY_ENABLED=True style=premium_ironman_full theme=jarvis_blue opacity=0.92)
[2026-05-22T12:51:39.716399+00:00] startup header
  executable=C:\Users\babi2\AppData\Local\Programs\Python\Python313\python.exe
  version=3.13.0
  cwd=C:\J.A.R.V.I.S\local_jarvis
  env=yes
  mode=tray+wakeword+speak
[2026-05-22T12:54:30.157549+00:00] startup header
  executable=C:\Users\babi2\AppData\Local\Programs\Python\Python313\python.exe
  version=3.13.0
  cwd=C:\J.A.R.V.I.S\local_jarvis
  env=yes
  mode=tray+wakeword+speak
[2026-05-22T12:54:30.158795+00:00] startup
  mode=tray
  wake=True
  voice=True
  speak=True
  python=C:\Users\babi2\AppData\Local\Programs\Python\Python313\python.exe
[2026-05-22T12:54:30.161009+00:00] tray: entering main loop
[2026-05-22T12:54:30.162270+00:00] tray: main loop ended
[2026-05-22T12:54:30.167072+00:00] watchdog started
[2026-05-22T12:54:30.168252+00:00] tray icon run() starting
[2026-05-22T12:54:30.169586+00:00] tray run() ended
[2026-05-22T12:54:30.177423+00:00] watchdog started
[2026-05-22T12:54:30.178775+00:00] tray icon run() starting
[2026-05-22T12:54:30.180037+00:00] tray run() ended
[2026-05-22T12:54:30.183083+00:00] startup header
  executable=C:\Users\babi2\AppData\Local\Programs\Python\Python313\python.exe
  version=3.13.0
  cwd=C:\J.A.R.V.I.S\local_jarvis
  env=yes
  mode=smoke
[2026-05-22T12:54:30.185918+00:00] startup header
  executable=C:\Users\babi2\AppData\Local\Programs\Python\Python313\python.exe
  version=3.13.0
  cwd=C:\J.A.R.V.I.S\local_jarvis
  env=yes
  mode=tray+wakeword(env)+debug-startup
[2026-05-22T12:54:30.187550+00:00] startup header
  executable=C:\Users\babi2\AppData\Local\Programs\Python\Python313\python.exe
  version=3.13.0
  cwd=C:\J.A.R.V.I.S\local_jarvis
  env=yes
  mode=tray+wakeword(env)+debug-startup
[2026-05-22T12:54:30.188568+00:00] startup
  mode=tray
  wake=True
  voice=True
  speak=False
  python=C:\Users\babi2\AppData\Local\Programs\Python\Python313\python.exe
[2026-05-22T12:54:30.191831+00:00] tray: entering main loop
[2026-05-22T12:54:30.198026+00:00] tray: main loop ended
[2026-05-22T12:57:27.898978+00:00] smoke test begin
[2026-05-22T12:57:27.901307+00:00] smoke test PASS
  .env file=PASS (ok)
  config loaded=PASS (ok)
  pystray import=PASS (ok)
  Pillow import=PASS (ok)
  PySide6 import=PASS (ok)
  openwakeword import=PASS (ok)
  onnxruntime import=PASS (ok)
  sounddevice import=PASS (ok)
  pyttsx3 import=PASS (ok)
  wake word model file=PASS (C:\Users\babi2\AppData\Local\Programs\Python\Python313\Lib\site-packages\openwakeword\resources\models\hey_jarvis_v0.1.onnx)
  microphone query=PASS (17 input device(s))
  overlay config=PASS (OVERLAY_ENABLED=True style=premium_ironman_full theme=jarvis_blue opacity=0.92)
[2026-05-22T12:57:27.904666+00:00] startup header
  executable=C:\Users\babi2\AppData\Local\Programs\Python\Python313\python.exe
  version=3.13.0
  cwd=C:\J.A.R.V.I.S\local_jarvis
  env=yes
  mode=tray+wakeword+speak
[2026-05-22T13:00:18.332105+00:00] startup header
  executable=C:\Users\babi2\AppData\Local\Programs\Python\Python313\python.exe
  version=3.13.0
  cwd=C:\J.A.R.V.I.S\local_jarvis
  env=yes
  mode=tray+wakeword+speak
[2026-05-22T13:00:18.333235+00:00] startup
  mode=tray
  wake=True
  voice=True
  speak=True
  python=C:\Users\babi2\AppData\Local\Programs\Python\Python313\python.exe
[2026-05-22T13:00:18.335090+00:00] tray: entering main loop
[2026-05-22T13:00:18.336373+00:00] tray: main loop ended
[2026-05-22T13:00:18.341670+00:00] watchdog started
[2026-05-22T13:00:18.343167+00:00] tray icon run() starting
[2026-05-22T13:00:18.344293+00:00] tray run() ended
[2026-05-22T13:00:18.350218+00:00] watchdog started
[2026-05-22T13:00:18.351579+00:00] tray icon run() starting
[2026-05-22T13:00:18.352725+00:00] tray run() ended
[2026-05-22T13:00:18.355820+00:00] startup header
  executable=C:\Users\babi2\AppData\Local\Programs\Python\Python313\python.exe
  version=3.13.0
  cwd=C:\J.A.R.V.I.S\local_jarvis
  env=yes
  mode=smoke
[2026-05-22T13:00:18.359330+00:00] startup header
  executable=C:\Users\babi2\AppData\Local\Programs\Python\Python313\python.exe
  version=3.13.0
  cwd=C:\J.A.R.V.I.S\local_jarvis
  env=yes
  mode=tray+wakeword(env)+debug-startup
[2026-05-22T13:00:18.361151+00:00] startup header
  executable=C:\Users\babi2\AppData\Local\Programs\Python\Python313\python.exe
  version=3.13.0
  cwd=C:\J.A.R.V.I.S\local_jarvis
  env=yes
  mode=tray+wakeword(env)+debug-startup
[2026-05-22T13:00:18.362101+00:00] startup
  mode=tray
  wake=True
  voice=True
  speak=False
  python=C:\Users\babi2\AppData\Local\Programs\Python\Python313\python.exe
[2026-05-22T13:00:18.365116+00:00] tray: entering main loop
[2026-05-22T13:00:18.370871+00:00] tray: main loop ended
[2026-05-22T13:16:07.534961+00:00] smoke test begin
[2026-05-22T13:16:07.537523+00:00] smoke test PASS
  .env file=PASS (ok)
  config loaded=PASS (ok)
  pystray import=PASS (ok)
  Pillow import=PASS (ok)
  PySide6 import=PASS (ok)
  openwakeword import=PASS (ok)
  onnxruntime import=PASS (ok)
  sounddevice import=PASS (ok)
  pyttsx3 import=PASS (ok)
  wake word model file=PASS (C:\Users\babi2\AppData\Local\Programs\Python\Python313\Lib\site-packages\openwakeword\resources\models\hey_jarvis_v0.1.onnx)
  microphone query=PASS (17 input device(s))
  overlay config=PASS (OVERLAY_ENABLED=True style=premium_ironman_full theme=jarvis_blue opacity=0.92)
[2026-05-22T13:16:07.541600+00:00] startup header
  executable=C:\Users\babi2\AppData\Local\Programs\Python\Python313\python.exe
  version=3.13.0
  cwd=C:\J.A.R.V.I.S\local_jarvis
  env=yes
  mode=tray+wakeword+speak
[2026-05-22T13:16:09.862835+00:00] startup header
  executable=C:\Users\babi2\AppData\Local\Programs\Python\Python313\python.exe
  version=3.13.0
  cwd=C:\J.A.R.V.I.S\local_jarvis
  env=yes
  mode=tray+wakeword+speak
[2026-05-22T13:16:09.864141+00:00] startup
  mode=tray
  wake=True
  voice=True
  speak=True
  python=C:\Users\babi2\AppData\Local\Programs\Python\Python313\python.exe
[2026-05-22T13:16:09.866239+00:00] tray: entering main loop
[2026-05-22T13:16:09.867442+00:00] tray: main loop ended
[2026-05-22T13:16:09.873036+00:00] watchdog started
[2026-05-22T13:16:09.874413+00:00] tray icon run() starting
[2026-05-22T13:16:09.875831+00:00] tray run() ended
[2026-05-22T13:16:09.882903+00:00] watchdog started
[2026-05-22T13:16:09.884228+00:00] tray icon run() starting
[2026-05-22T13:16:09.885376+00:00] tray run() ended
[2026-05-22T13:16:09.888359+00:00] startup header
  executable=C:\Users\babi2\AppData\Local\Programs\Python\Python313\python.exe
  version=3.13.0
  cwd=C:\J.A.R.V.I.S\local_jarvis
  env=yes
  mode=smoke
[2026-05-22T13:16:09.892352+00:00] startup header
  executable=C:\Users\babi2\AppData\Local\Programs\Python\Python313\python.exe
  version=3.13.0
  cwd=C:\J.A.R.V.I.S\local_jarvis
  env=yes
  mode=tray+wakeword(env)+debug-startup
[2026-05-22T13:16:09.894034+00:00] startup header
  executable=C:\Users\babi2\AppData\Local\Programs\Python\Python313\python.exe
  version=3.13.0
  cwd=C:\J.A.R.V.I.S\local_jarvis
  env=yes
  mode=tray+wakeword(env)+debug-startup
[2026-05-22T13:16:09.895044+00:00] startup
  mode=tray
  wake=True
  voice=True
  speak=False
  python=C:\Users\babi2\AppData\Local\Programs\Python\Python313\python.exe
[2026-05-22T13:16:09.897882+00:00] tray: entering main loop
[2026-05-22T13:16:09.903391+00:00] tray: main loop ended
[2026-05-22T13:21:34.256644+00:00] smoke test begin
[2026-05-22T13:21:34.259264+00:00] smoke test PASS
  .env file=PASS (ok)
  config loaded=PASS (ok)
  pystray import=PASS (ok)
  Pillow import=PASS (ok)
  PySide6 import=PASS (ok)
  openwakeword import=PASS (ok)
  onnxruntime import=PASS (ok)
  sounddevice import=PASS (ok)
  pyttsx3 import=PASS (ok)
  wake word model file=PASS (C:\Users\babi2\AppData\Local\Programs\Python\Python313\Lib\site-packages\openwakeword\resources\models\hey_jarvis_v0.1.onnx)
  microphone query=PASS (17 input device(s))
  overlay config=PASS (OVERLAY_ENABLED=True style=premium_ironman_full theme=jarvis_blue opacity=0.92)
[2026-05-22T13:21:34.263101+00:00] startup header
  executable=C:\Users\babi2\AppData\Local\Programs\Python\Python313\python.exe
  version=3.13.0
  cwd=C:\J.A.R.V.I.S\local_jarvis
  env=yes
  mode=tray+wakeword+speak
[2026-05-22T13:24:24.816145+00:00] startup header
  executable=C:\Users\babi2\AppData\Local\Programs\Python\Python313\python.exe
  version=3.13.0
  cwd=C:\J.A.R.V.I.S\local_jarvis
  env=yes
  mode=tray+wakeword+speak
[2026-05-22T13:24:24.817486+00:00] startup
  mode=tray
  wake=True
  voice=True
  speak=True
  python=C:\Users\babi2\AppData\Local\Programs\Python\Python313\python.exe
[2026-05-22T13:24:24.819615+00:00] tray: entering main loop
[2026-05-22T13:24:24.820991+00:00] tray: main loop ended
[2026-05-22T13:24:24.826798+00:00] watchdog started
[2026-05-22T13:24:24.828297+00:00] tray icon run() starting
[2026-05-22T13:24:24.829610+00:00] tray run() ended
[2026-05-22T13:24:24.837139+00:00] watchdog started
[2026-05-22T13:24:24.838385+00:00] tray icon run() starting
[2026-05-22T13:24:24.839547+00:00] tray run() ended
[2026-05-22T13:24:24.842647+00:00] startup header
  executable=C:\Users\babi2\AppData\Local\Programs\Python\Python313\python.exe
  version=3.13.0
  cwd=C:\J.A.R.V.I.S\local_jarvis
  env=yes
  mode=smoke
[2026-05-22T13:24:24.846574+00:00] startup header
  executable=C:\Users\babi2\AppData\Local\Programs\Python\Python313\python.exe
  version=3.13.0
  cwd=C:\J.A.R.V.I.S\local_jarvis
  env=yes
  mode=tray+wakeword(env)+debug-startup
[2026-05-22T13:24:24.848246+00:00] startup header
  executable=C:\Users\babi2\AppData\Local\Programs\Python\Python313\python.exe
  version=3.13.0
  cwd=C:\J.A.R.V.I.S\local_jarvis
  env=yes
  mode=tray+wakeword(env)+debug-startup
[2026-05-22T13:24:24.849207+00:00] startup
  mode=tray
  wake=True
  voice=True
  speak=False
  python=C:\Users\babi2\AppData\Local\Programs\Python\Python313\python.exe
[2026-05-22T13:24:24.851820+00:00] tray: entering main loop
[2026-05-22T13:24:24.857719+00:00] tray: main loop ended
[2026-05-22T13:31:05.861795+00:00] smoke test begin
[2026-05-22T13:31:05.864190+00:00] smoke test PASS
  .env file=PASS (ok)
  config loaded=PASS (ok)
  pystray import=PASS (ok)
  Pillow import=PASS (ok)
  PySide6 import=PASS (ok)
  openwakeword import=PASS (ok)
  onnxruntime import=PASS (ok)
  sounddevice import=PASS (ok)
  pyttsx3 import=PASS (ok)
  wake word model file=PASS (C:\Users\babi2\AppData\Local\Programs\Python\Python313\Lib\site-packages\openwakeword\resources\models\hey_jarvis_v0.1.onnx)
  microphone query=PASS (17 input device(s))
  overlay config=PASS (OVERLAY_ENABLED=True style=premium_ironman_full theme=jarvis_blue opacity=0.92)
[2026-05-22T13:31:05.867987+00:00] startup header
  executable=C:\Users\babi2\AppData\Local\Programs\Python\Python313\python.exe
  version=3.13.0
  cwd=C:\J.A.R.V.I.S\local_jarvis
  env=yes
  mode=tray+wakeword+speak
[2026-05-22T13:33:56.358104+00:00] startup header
  executable=C:\Users\babi2\AppData\Local\Programs\Python\Python313\python.exe
  version=3.13.0
  cwd=C:\J.A.R.V.I.S\local_jarvis
  env=yes
  mode=tray+wakeword+speak
[2026-05-22T13:33:56.359296+00:00] startup
  mode=tray
  wake=True
  voice=True
  speak=True
  python=C:\Users\babi2\AppData\Local\Programs\Python\Python313\python.exe
[2026-05-22T13:33:56.361466+00:00] tray: entering main loop
[2026-05-22T13:33:56.362621+00:00] tray: main loop ended
[2026-05-22T13:33:56.367385+00:00] watchdog started
[2026-05-22T13:33:56.368955+00:00] tray icon run() starting
[2026-05-22T13:33:56.370227+00:00] tray run() ended
[2026-05-22T13:33:56.377506+00:00] watchdog started
[2026-05-22T13:33:56.378809+00:00] tray icon run() starting
[2026-05-22T13:33:56.379962+00:00] tray run() ended
[2026-05-22T13:33:56.383066+00:00] startup header
  executable=C:\Users\babi2\AppData\Local\Programs\Python\Python313\python.exe
  version=3.13.0
  cwd=C:\J.A.R.V.I.S\local_jarvis
  env=yes
  mode=smoke
[2026-05-22T13:33:56.387364+00:00] startup header
  executable=C:\Users\babi2\AppData\Local\Programs\Python\Python313\python.exe
  version=3.13.0
  cwd=C:\J.A.R.V.I.S\local_jarvis
  env=yes
  mode=tray+wakeword(env)+debug-startup
[2026-05-22T13:33:56.389129+00:00] startup header
  executable=C:\Users\babi2\AppData\Local\Programs\Python\Python313\python.exe
  version=3.13.0
  cwd=C:\J.A.R.V.I.S\local_jarvis
  env=yes
  mode=tray+wakeword(env)+debug-startup
[2026-05-22T13:33:56.390039+00:00] startup
  mode=tray
  wake=True
  voice=True
  speak=False
  python=C:\Users\babi2\AppData\Local\Programs\Python\Python313\python.exe
[2026-05-22T13:33:56.392704+00:00] tray: entering main loop
[2026-05-22T13:33:56.398654+00:00] tray: main loop ended
[2026-05-22T13:39:40.440351+00:00] smoke test begin
[2026-05-22T13:39:40.443132+00:00] smoke test PASS
  .env file=PASS (ok)
  config loaded=PASS (ok)
  pystray import=PASS (ok)
  Pillow import=PASS (ok)
  PySide6 import=PASS (ok)
  openwakeword import=PASS (ok)
  onnxruntime import=PASS (ok)
  sounddevice import=PASS (ok)
  pyttsx3 import=PASS (ok)
  wake word model file=PASS (C:\Users\babi2\AppData\Local\Programs\Python\Python313\Lib\site-packages\openwakeword\resources\models\hey_jarvis_v0.1.onnx)
  microphone query=PASS (17 input device(s))
  overlay config=PASS (OVERLAY_ENABLED=True style=premium_ironman_full theme=jarvis_blue opacity=0.92)
[2026-05-22T13:39:40.446203+00:00] startup header
  executable=C:\Users\babi2\AppData\Local\Programs\Python\Python313\python.exe
  version=3.13.0
  cwd=C:\J.A.R.V.I.S\local_jarvis
  env=yes
  mode=tray+wakeword+speak
[2026-05-22T13:42:30.995176+00:00] startup header
  executable=C:\Users\babi2\AppData\Local\Programs\Python\Python313\python.exe
  version=3.13.0
  cwd=C:\J.A.R.V.I.S\local_jarvis
  env=yes
  mode=tray+wakeword+speak
[2026-05-22T13:42:30.996362+00:00] startup
  mode=tray
  wake=True
  voice=True
  speak=True
  python=C:\Users\babi2\AppData\Local\Programs\Python\Python313\python.exe
[2026-05-22T13:42:30.998562+00:00] background quiet mode: tray only (no console HUD)
[2026-05-22T13:42:30.999422+00:00] tray: entering main loop
[2026-05-22T13:42:31.000546+00:00] tray: main loop ended
[2026-05-22T13:42:31.005717+00:00] watchdog started
[2026-05-22T13:42:31.007130+00:00] tray icon run() starting
[2026-05-22T13:42:31.008330+00:00] tray run() ended
[2026-05-22T13:42:31.015719+00:00] watchdog started
[2026-05-22T13:42:31.017041+00:00] tray icon run() starting
[2026-05-22T13:42:31.018165+00:00] tray run() ended
[2026-05-22T13:42:31.020665+00:00] startup header
  executable=C:\Users\babi2\AppData\Local\Programs\Python\Python313\python.exe
  version=3.13.0
  cwd=C:\J.A.R.V.I.S\local_jarvis
  env=yes
  mode=smoke
[2026-05-22T13:42:31.023379+00:00] startup header
  executable=C:\Users\babi2\AppData\Local\Programs\Python\Python313\python.exe
  version=3.13.0
  cwd=C:\J.A.R.V.I.S\local_jarvis
  env=yes
  mode=tray+wakeword(env)+debug-startup
[2026-05-22T13:42:31.025298+00:00] startup header
  executable=C:\Users\babi2\AppData\Local\Programs\Python\Python313\python.exe
  version=3.13.0
  cwd=C:\J.A.R.V.I.S\local_jarvis
  env=yes
  mode=tray+wakeword(env)+debug-startup
[2026-05-22T13:42:31.026270+00:00] startup
  mode=tray
  wake=True
  voice=True
  speak=False
  python=C:\Users\babi2\AppData\Local\Programs\Python\Python313\python.exe
[2026-05-22T13:42:31.028030+00:00] background quiet mode: tray only (no console HUD)
[2026-05-22T13:42:31.029732+00:00] tray: entering main loop
[2026-05-22T13:42:31.035156+00:00] tray: main loop ended
[2026-05-22T16:24:12.055321+00:00] smoke test begin
[2026-05-22T16:24:12.057781+00:00] smoke test PASS
  .env file=PASS (ok)
  config loaded=PASS (ok)
  pystray import=PASS (ok)
  Pillow import=PASS (ok)
  PySide6 import=PASS (ok)
  openwakeword import=PASS (ok)
  onnxruntime import=PASS (ok)
  sounddevice import=PASS (ok)
  pyttsx3 import=PASS (ok)
  wake word model file=PASS (C:\Users\babi2\AppData\Local\Programs\Python\Python313\Lib\site-packages\openwakeword\resources\models\hey_jarvis_v0.1.onnx)
  microphone query=PASS (17 input device(s))
  overlay config=PASS (OVERLAY_ENABLED=True style=premium_ironman_full theme=jarvis_blue opacity=0.92)
[2026-05-22T16:24:12.061702+00:00] startup header
  executable=C:\Users\babi2\AppData\Local\Programs\Python\Python313\python.exe
  version=3.13.0
  cwd=C:\J.A.R.V.I.S\local_jarvis
  env=yes
  mode=tray+wakeword+speak
[2026-05-22T16:24:14.357838+00:00] startup header
  executable=C:\Users\babi2\AppData\Local\Programs\Python\Python313\python.exe
  version=3.13.0
  cwd=C:\J.A.R.V.I.S\local_jarvis
  env=yes
  mode=tray+wakeword+speak
[2026-05-22T16:24:14.358983+00:00] startup
  mode=tray
  wake=True
  voice=True
  speak=True
  python=C:\Users\babi2\AppData\Local\Programs\Python\Python313\python.exe
[2026-05-22T16:24:14.360783+00:00] background quiet mode: tray only (no console HUD)
[2026-05-22T16:24:14.361610+00:00] tray: entering main loop
[2026-05-22T16:24:14.362734+00:00] tray: main loop ended
[2026-05-22T16:24:14.367399+00:00] watchdog started
[2026-05-22T16:24:14.368825+00:00] tray icon run() starting
[2026-05-22T16:24:14.369970+00:00] tray run() ended
[2026-05-22T16:24:14.377187+00:00] watchdog started
[2026-05-22T16:24:14.378514+00:00] tray icon run() starting
[2026-05-22T16:24:14.379627+00:00] tray run() ended
[2026-05-22T16:24:14.382617+00:00] startup header
  executable=C:\Users\babi2\AppData\Local\Programs\Python\Python313\python.exe
  version=3.13.0
  cwd=C:\J.A.R.V.I.S\local_jarvis
  env=yes
  mode=smoke
[2026-05-22T16:24:14.386252+00:00] startup header
  executable=C:\Users\babi2\AppData\Local\Programs\Python\Python313\python.exe
  version=3.13.0
  cwd=C:\J.A.R.V.I.S\local_jarvis
  env=yes
  mode=tray+wakeword(env)+debug-startup
[2026-05-22T16:24:14.387928+00:00] startup header
  executable=C:\Users\babi2\AppData\Local\Programs\Python\Python313\python.exe
  version=3.13.0
  cwd=C:\J.A.R.V.I.S\local_jarvis
  env=yes
  mode=tray+wakeword(env)+debug-startup
[2026-05-22T16:24:14.389025+00:00] startup
  mode=tray
  wake=True
  voice=True
  speak=False
  python=C:\Users\babi2\AppData\Local\Programs\Python\Python313\python.exe
[2026-05-22T16:24:14.390767+00:00] background quiet mode: tray only (no console HUD)
[2026-05-22T16:24:14.392447+00:00] tray: entering main loop
[2026-05-22T16:24:14.397973+00:00] tray: main loop ended
[2026-05-22T17:05:18.678995+00:00] smoke test begin
[2026-05-22T17:05:18.681515+00:00] smoke test PASS
  .env file=PASS (ok)
  config loaded=PASS (ok)
  pystray import=PASS (ok)
  Pillow import=PASS (ok)
  PySide6 import=PASS (ok)
  openwakeword import=PASS (ok)
  onnxruntime import=PASS (ok)
  sounddevice import=PASS (ok)
  pyttsx3 import=PASS (ok)
  wake word model file=PASS (C:\Users\babi2\AppData\Local\Programs\Python\Python313\Lib\site-packages\openwakeword\resources\models\hey_jarvis_v0.1.onnx)
  microphone query=PASS (17 input device(s))
  overlay config=PASS (OVERLAY_ENABLED=True style=premium_ironman_full theme=jarvis_blue opacity=0.92)
[2026-05-22T17:05:18.685796+00:00] startup header
  executable=C:\Users\babi2\AppData\Local\Programs\Python\Python313\python.exe
  version=3.13.0
  cwd=C:\J.A.R.V.I.S\local_jarvis
  env=yes
  mode=tray+wakeword+speak
[2026-05-22T17:08:09.225821+00:00] startup header
  executable=C:\Users\babi2\AppData\Local\Programs\Python\Python313\python.exe
  version=3.13.0
  cwd=C:\J.A.R.V.I.S\local_jarvis
  env=yes
  mode=tray+wakeword+speak
[2026-05-22T17:08:09.226991+00:00] startup
  mode=tray
  wake=True
  voice=True
  speak=True
  python=C:\Users\babi2\AppData\Local\Programs\Python\Python313\python.exe
[2026-05-22T17:08:09.228724+00:00] background quiet mode: tray only (no console HUD)
[2026-05-22T17:08:09.229547+00:00] tray: entering main loop
[2026-05-22T17:08:09.230716+00:00] tray: main loop ended
[2026-05-22T17:08:09.239023+00:00] watchdog started
[2026-05-22T17:08:09.240795+00:00] tray icon run() starting
[2026-05-22T17:08:09.241972+00:00] tray run() ended
[2026-05-22T17:08:09.249308+00:00] watchdog started
[2026-05-22T17:08:09.250708+00:00] tray icon run() starting
[2026-05-22T17:08:09.251871+00:00] tray run() ended
[2026-05-22T17:08:09.254788+00:00] startup header
  executable=C:\Users\babi2\AppData\Local\Programs\Python\Python313\python.exe
  version=3.13.0
  cwd=C:\J.A.R.V.I.S\local_jarvis
  env=yes
  mode=smoke
[2026-05-22T17:08:09.258675+00:00] startup header
  executable=C:\Users\babi2\AppData\Local\Programs\Python\Python313\python.exe
  version=3.13.0
  cwd=C:\J.A.R.V.I.S\local_jarvis
  env=yes
  mode=tray+wakeword(env)+debug-startup
[2026-05-22T17:08:09.260464+00:00] startup header
  executable=C:\Users\babi2\AppData\Local\Programs\Python\Python313\python.exe
  version=3.13.0
  cwd=C:\J.A.R.V.I.S\local_jarvis
  env=yes
  mode=tray+wakeword(env)+debug-startup
[2026-05-22T17:08:09.261468+00:00] startup
  mode=tray
  wake=True
  voice=True
  speak=False
  python=C:\Users\babi2\AppData\Local\Programs\Python\Python313\python.exe
[2026-05-22T17:08:09.263230+00:00] background quiet mode: tray only (no console HUD)
[2026-05-22T17:08:09.264892+00:00] tray: entering main loop
[2026-05-22T17:08:09.270413+00:00] tray: main loop ended
[2026-05-22T17:11:44.762013+00:00] smoke test begin
[2026-05-22T17:11:44.763979+00:00] smoke test PASS
  .env file=PASS (ok)
  config loaded=PASS (ok)
  pystray import=PASS (ok)
  Pillow import=PASS (ok)
  PySide6 import=PASS (ok)
  openwakeword import=PASS (ok)
  onnxruntime import=PASS (ok)
  sounddevice import=PASS (ok)
  pyttsx3 import=PASS (ok)
  wake word model file=PASS (C:\Users\babi2\AppData\Local\Programs\Python\Python313\Lib\site-packages\openwakeword\resources\models\hey_jarvis_v0.1.onnx)
  microphone query=PASS (17 input device(s))
  overlay config=PASS (OVERLAY_ENABLED=True style=premium_ironman_full theme=jarvis_blue opacity=0.92)
[2026-05-22T17:11:44.767712+00:00] startup header
  executable=C:\Users\babi2\AppData\Local\Programs\Python\Python313\python.exe
  version=3.13.0
  cwd=C:\J.A.R.V.I.S\local_jarvis
  env=yes
  mode=tray+wakeword+speak
[2026-05-22T17:14:35.412514+00:00] startup header
  executable=C:\Users\babi2\AppData\Local\Programs\Python\Python313\python.exe
  version=3.13.0
  cwd=C:\J.A.R.V.I.S\local_jarvis
  env=yes
  mode=tray+wakeword+speak
[2026-05-22T17:14:35.413657+00:00] startup
  mode=tray
  wake=True
  voice=True
  speak=True
  python=C:\Users\babi2\AppData\Local\Programs\Python\Python313\python.exe
[2026-05-22T17:14:35.415561+00:00] background quiet mode: tray only (no console HUD)
[2026-05-22T17:14:35.416373+00:00] tray: entering main loop
[2026-05-22T17:14:35.417488+00:00] tray: main loop ended
[2026-05-22T17:14:35.422782+00:00] watchdog started
[2026-05-22T17:14:35.424358+00:00] tray icon run() starting
[2026-05-22T17:14:35.425569+00:00] tray run() ended
[2026-05-22T17:14:35.432780+00:00] watchdog started
[2026-05-22T17:14:35.434064+00:00] tray icon run() starting
[2026-05-22T17:14:35.435230+00:00] tray run() ended
[2026-05-22T17:14:35.438321+00:00] startup header
  executable=C:\Users\babi2\AppData\Local\Programs\Python\Python313\python.exe
  version=3.13.0
  cwd=C:\J.A.R.V.I.S\local_jarvis
  env=yes
  mode=smoke
[2026-05-22T17:14:35.442162+00:00] startup header
  executable=C:\Users\babi2\AppData\Local\Programs\Python\Python313\python.exe
  version=3.13.0
  cwd=C:\J.A.R.V.I.S\local_jarvis
  env=yes
  mode=tray+wakeword(env)+debug-startup
[2026-05-22T17:14:35.443914+00:00] startup header
  executable=C:\Users\babi2\AppData\Local\Programs\Python\Python313\python.exe
  version=3.13.0
  cwd=C:\J.A.R.V.I.S\local_jarvis
  env=yes
  mode=tray+wakeword(env)+debug-startup
[2026-05-22T17:14:35.444882+00:00] startup
  mode=tray
  wake=True
  voice=True
  speak=False
  python=C:\Users\babi2\AppData\Local\Programs\Python\Python313\python.exe
[2026-05-22T17:14:35.446619+00:00] background quiet mode: tray only (no console HUD)
[2026-05-22T17:14:35.448277+00:00] tray: entering main loop
[2026-05-22T17:14:35.454049+00:00] tray: main loop ended
[2026-05-22T17:32:23.226510+00:00] startup header
  executable=C:\Users\babi2\AppData\Local\Programs\Python\Python313\python.exe
  version=3.13.0
  cwd=C:\J.A.R.V.I.S\local_jarvis
  env=yes
  mode=tray+voice+wakeword+speak
[2026-05-22T17:32:23.319768+00:00] import pystray: ok
[2026-05-22T17:32:23.322060+00:00] import Pillow: ok
[2026-05-22T17:32:25.049289+00:00] import openwakeword: ok
[2026-05-22T17:32:25.050110+00:00] import onnxruntime: ok
[2026-05-22T17:32:25.239276+00:00] import sounddevice: ok
[2026-05-22T17:32:25.242473+00:00] import pyttsx3: ok
[2026-05-22T17:32:25.284702+00:00] import PySide6: ok
[2026-05-22T17:32:30.413726+00:00] startup header
  executable=C:\Users\babi2\AppData\Local\Programs\Python\Python313\python.exe
  version=3.13.0
  cwd=C:\J.A.R.V.I.S\local_jarvis
  env=yes
  mode=tray+voice+wakeword+speak
[2026-05-22T17:32:30.493992+00:00] import pystray: ok
[2026-05-22T17:32:30.496374+00:00] import Pillow: ok
[2026-05-22T17:32:32.050904+00:00] import openwakeword: ok
[2026-05-22T17:32:32.051806+00:00] import onnxruntime: ok
[2026-05-22T17:32:32.193600+00:00] import sounddevice: ok
[2026-05-22T17:32:32.196514+00:00] import pyttsx3: ok
[2026-05-22T17:32:32.237656+00:00] import PySide6: ok
[2026-05-22T17:32:47.294018+00:00] startup header
  executable=C:\Users\babi2\AppData\Local\Programs\Python\Python313\python.exe
  version=3.13.0
  cwd=C:\J.A.R.V.I.S\local_jarvis
  env=yes
  mode=tray+voice+wakeword+speak
[2026-05-22T17:32:47.375587+00:00] import pystray: ok
[2026-05-22T17:32:47.377984+00:00] import Pillow: ok
[2026-05-22T17:32:48.992108+00:00] import openwakeword: ok
[2026-05-22T17:32:49.007235+00:00] import onnxruntime: ok
[2026-05-22T17:32:49.193283+00:00] import sounddevice: ok
[2026-05-22T17:32:49.196256+00:00] import pyttsx3: ok
[2026-05-22T17:32:49.237899+00:00] import PySide6: ok
[2026-05-22T17:33:30.522301+00:00] startup header
  executable=C:\Users\babi2\AppData\Local\Programs\Python\Python313\python.exe
  version=3.13.0
  cwd=C:\J.A.R.V.I.S\local_jarvis
  env=yes
  mode=tray+voice+wakeword+speak
[2026-05-22T17:33:30.604687+00:00] import pystray: ok
[2026-05-22T17:33:30.606906+00:00] import Pillow: ok
[2026-05-22T17:33:32.147867+00:00] import openwakeword: ok
[2026-05-22T17:33:32.148774+00:00] import onnxruntime: ok
[2026-05-22T17:33:32.340624+00:00] import sounddevice: ok
[2026-05-22T17:33:32.343426+00:00] import pyttsx3: ok
[2026-05-22T17:33:32.385622+00:00] import PySide6: ok
[2026-05-22T17:35:16.407597+00:00] startup header
  executable=C:\Users\babi2\AppData\Local\Programs\Python\Python313\python.exe
  version=3.13.0
  cwd=C:\J.A.R.V.I.S\local_jarvis
  env=yes
  mode=tray+voice+wakeword+speak
[2026-05-22T17:35:16.408999+00:00] startup
  mode=tray
  wake=True
  voice=True
  speak=True
  python=C:\Users\babi2\AppData\Local\Programs\Python\Python313\python.exe
[2026-05-22T17:35:16.415822+00:00] background quiet mode: tray only (no console HUD)
[2026-05-22T17:35:16.416810+00:00] tray: entering main loop
[2026-05-22T17:35:16.519650+00:00] watchdog started
[2026-05-22T17:35:16.589549+00:00] tray icon run() starting
[2026-05-22T17:35:22.927924+00:00] startup header
  executable=C:\Users\babi2\AppData\Local\Programs\Python\Python313\python.exe
  version=3.13.0
  cwd=C:\J.A.R.V.I.S\local_jarvis
  env=yes
  mode=tray+voice+wakeword+speak
[2026-05-22T17:35:22.929711+00:00] startup
  mode=tray
  wake=True
  voice=True
  speak=True
  python=C:\Users\babi2\AppData\Local\Programs\Python\Python313\python.exe
[2026-05-22T17:35:22.938373+00:00] background quiet mode: tray only (no console HUD)
[2026-05-22T17:35:22.939509+00:00] tray: entering main loop
[2026-05-22T17:35:22.993098+00:00] watchdog started
[2026-05-22T17:35:23.009228+00:00] tray icon run() starting
[2026-05-22T17:35:40.487901+00:00] startup header
  executable=C:\Users\babi2\AppData\Local\Programs\Python\Python313\python.exe
  version=3.13.0
  cwd=C:\J.A.R.V.I.S\local_jarvis
  env=yes
  mode=tray+voice+wakeword+speak
[2026-05-22T17:35:40.489795+00:00] startup
  mode=tray
  wake=True
  voice=True
  speak=True
  python=C:\Users\babi2\AppData\Local\Programs\Python\Python313\python.exe
[2026-05-22T17:35:40.497340+00:00] background quiet mode: tray only (no console HUD)
[2026-05-22T17:35:40.498522+00:00] tray: entering main loop
[2026-05-22T17:35:40.552790+00:00] watchdog started
[2026-05-22T17:35:40.569488+00:00] tray icon run() starting
[2026-05-22T17:36:23.376160+00:00] startup header
  executable=C:\Users\babi2\AppData\Local\Programs\Python\Python313\python.exe
  version=3.13.0
  cwd=C:\J.A.R.V.I.S\local_jarvis
  env=yes
  mode=tray+voice+wakeword+speak
[2026-05-22T17:36:23.377703+00:00] startup
  mode=tray
  wake=True
  voice=True
  speak=True
  python=C:\Users\babi2\AppData\Local\Programs\Python\Python313\python.exe
[2026-05-22T17:36:23.385913+00:00] background quiet mode: tray only (no console HUD)
[2026-05-22T17:36:23.387110+00:00] tray: entering main loop
[2026-05-22T17:36:23.440319+00:00] watchdog started
[2026-05-22T17:36:23.453436+00:00] tray icon run() starting
[2026-05-22T17:40:52.105676+00:00] startup header
  executable=C:\Users\babi2\AppData\Local\Programs\Python\Python313\python.exe
  version=3.13.0
  cwd=C:\J.A.R.V.I.S\local_jarvis
  env=yes
  mode=tray+voice+wakeword+speak
[2026-05-22T17:40:52.188430+00:00] import pystray: ok
[2026-05-22T17:40:52.190786+00:00] import Pillow: ok
[2026-05-22T17:40:53.857015+00:00] import openwakeword: ok
[2026-05-22T17:40:53.857877+00:00] import onnxruntime: ok
[2026-05-22T17:40:54.045784+00:00] import sounddevice: ok
[2026-05-22T17:40:54.048776+00:00] import pyttsx3: ok
[2026-05-22T17:40:54.091339+00:00] import PySide6: ok
[2026-05-22T17:40:56.636406+00:00] startup header
  executable=C:\Users\babi2\AppData\Local\Programs\Python\Python313\python.exe
  version=3.13.0
  cwd=C:\J.A.R.V.I.S\local_jarvis
  env=yes
  mode=tray+voice+wakeword+speak
[2026-05-22T17:40:56.637692+00:00] startup
  mode=tray
  wake=True
  voice=True
  speak=True
  python=C:\Users\babi2\AppData\Local\Programs\Python\Python313\python.exe
[2026-05-22T17:40:56.644374+00:00] background quiet mode: tray only (no console HUD)
[2026-05-22T17:40:56.645382+00:00] tray: entering main loop
[2026-05-22T17:40:56.703128+00:00] watchdog started
[2026-05-22T17:40:56.705055+00:00] tray icon run() starting
[2026-05-22T17:45:15.304268+00:00] smoke test begin
[2026-05-22T17:45:15.306306+00:00] smoke test PASS
  .env file=PASS (ok)
  config loaded=PASS (ok)
  pystray import=PASS (ok)
  Pillow import=PASS (ok)
  PySide6 import=PASS (ok)
  openwakeword import=PASS (ok)
  onnxruntime import=PASS (ok)
  sounddevice import=PASS (ok)
  pyttsx3 import=PASS (ok)
  wake word model file=PASS (C:\Users\babi2\AppData\Local\Programs\Python\Python313\Lib\site-packages\openwakeword\resources\models\hey_jarvis_v0.1.onnx)
  microphone query=PASS (17 input device(s))
  overlay config=PASS (OVERLAY_ENABLED=True style=premium_ironman_full theme=jarvis_blue opacity=0.92)
[2026-05-22T17:45:15.309254+00:00] startup header
  executable=C:\Users\babi2\AppData\Local\Programs\Python\Python313\python.exe
  version=3.13.0
  cwd=C:\J.A.R.V.I.S\local_jarvis
  env=yes
  mode=tray+wakeword+speak
[2026-05-22T17:45:20.198943+00:00] startup header
  executable=C:\Users\babi2\AppData\Local\Programs\Python\Python313\python.exe
  version=3.13.0
  cwd=C:\J.A.R.V.I.S\local_jarvis
  env=yes
  mode=tray+wakeword+speak
[2026-05-22T17:45:20.200119+00:00] startup
  mode=tray
  wake=True
  voice=True
  speak=True
  python=C:\Users\babi2\AppData\Local\Programs\Python\Python313\python.exe
[2026-05-22T17:45:20.201919+00:00] background quiet mode: tray only (no console HUD)
[2026-05-22T17:45:20.202726+00:00] tray: entering main loop
[2026-05-22T17:45:20.203839+00:00] tray: main loop ended
[2026-05-22T17:45:20.209141+00:00] watchdog started
[2026-05-22T17:45:20.210628+00:00] tray icon run() starting
[2026-05-22T17:45:20.211846+00:00] tray run() ended
[2026-05-22T17:45:20.219051+00:00] watchdog started
[2026-05-22T17:45:20.220255+00:00] tray icon run() starting
[2026-05-22T17:45:20.221123+00:00] tray run() ended
[2026-05-22T17:45:20.223257+00:00] startup header
  executable=C:\Users\babi2\AppData\Local\Programs\Python\Python313\python.exe
  version=3.13.0
  cwd=C:\J.A.R.V.I.S\local_jarvis
  env=yes
  mode=smoke
[2026-05-22T17:45:20.225915+00:00] startup header
  executable=C:\Users\babi2\AppData\Local\Programs\Python\Python313\python.exe
  version=3.13.0
  cwd=C:\J.A.R.V.I.S\local_jarvis
  env=yes
  mode=tray+wakeword(env)+debug-startup
[2026-05-22T17:45:20.227465+00:00] startup header
  executable=C:\Users\babi2\AppData\Local\Programs\Python\Python313\python.exe
  version=3.13.0
  cwd=C:\J.A.R.V.I.S\local_jarvis
  env=yes
  mode=tray+wakeword(env)+debug-startup
[2026-05-22T17:45:20.228168+00:00] startup
  mode=tray
  wake=True
  voice=True
  speak=False
  python=C:\Users\babi2\AppData\Local\Programs\Python\Python313\python.exe
[2026-05-22T17:45:20.229820+00:00] background quiet mode: tray only (no console HUD)
[2026-05-22T17:45:20.231532+00:00] tray: entering main loop
[2026-05-22T17:45:20.237039+00:00] tray: main loop ended
[2026-05-22T17:45:21.102828+00:00] startup header
  executable=C:\Users\babi2\AppData\Local\Programs\Python\Python313\python.exe
  version=3.13.0
  cwd=C:\J.A.R.V.I.S\local_jarvis
  env=yes
  mode=tray+voice+wakeword+speak
[2026-05-22T17:45:21.200704+00:00] import pystray: ok
[2026-05-22T17:45:21.203786+00:00] import Pillow: ok
[2026-05-22T17:45:22.929203+00:00] import openwakeword: ok
[2026-05-22T17:45:22.930104+00:00] import onnxruntime: ok
[2026-05-22T17:45:23.126092+00:00] import sounddevice: ok
[2026-05-22T17:45:23.129075+00:00] import pyttsx3: ok
[2026-05-22T17:45:23.171788+00:00] import PySide6: ok
[2026-05-22T17:45:25.322980+00:00] startup header
  executable=C:\Users\babi2\AppData\Local\Programs\Python\Python313\python.exe
  version=3.13.0
  cwd=C:\J.A.R.V.I.S\local_jarvis
  env=yes
  mode=tray+voice+wakeword+speak
[2026-05-22T17:45:25.419169+00:00] import pystray: ok
[2026-05-22T17:45:25.422105+00:00] import Pillow: ok
[2026-05-22T17:45:27.087677+00:00] import openwakeword: ok
[2026-05-22T17:45:27.088654+00:00] import onnxruntime: ok
[2026-05-22T17:45:27.233850+00:00] import sounddevice: ok
[2026-05-22T17:45:27.237130+00:00] import pyttsx3: ok
[2026-05-22T17:45:27.283163+00:00] import PySide6: ok
[2026-05-22T17:48:14.151034+00:00] startup header
  executable=C:\Users\babi2\AppData\Local\Programs\Python\Python313\python.exe
  version=3.13.0
  cwd=C:\J.A.R.V.I.S\local_jarvis
  env=yes
  mode=tray+voice+wakeword+speak
[2026-05-22T17:48:14.152412+00:00] startup
  mode=tray
  wake=True
  voice=True
  speak=True
  python=C:\Users\babi2\AppData\Local\Programs\Python\Python313\python.exe
[2026-05-22T17:48:14.159237+00:00] background quiet mode: tray only (no console HUD)
[2026-05-22T17:48:14.160184+00:00] tray: entering main loop
[2026-05-22T17:48:14.207064+00:00] watchdog started
[2026-05-22T17:48:14.221831+00:00] tray icon run() starting
[2026-05-22T17:48:18.068123+00:00] startup header
  executable=C:\Users\babi2\AppData\Local\Programs\Python\Python313\python.exe
  version=3.13.0
  cwd=C:\J.A.R.V.I.S\local_jarvis
  env=yes
  mode=tray+voice+wakeword+speak
[2026-05-22T17:48:18.070032+00:00] startup
  mode=tray
  wake=True
  voice=True
  speak=True
  python=C:\Users\babi2\AppData\Local\Programs\Python\Python313\python.exe
[2026-05-22T17:48:18.077031+00:00] background quiet mode: tray only (no console HUD)
[2026-05-22T17:48:18.078136+00:00] tray: entering main loop
[2026-05-22T17:48:18.143793+00:00] watchdog started
[2026-05-22T17:48:18.146179+00:00] tray icon run() starting
[2026-05-22T17:53:20.621668+00:00] smoke test begin
[2026-05-22T17:53:20.624271+00:00] smoke test PASS
  .env file=PASS (ok)
  config loaded=PASS (ok)
  pystray import=PASS (ok)
  Pillow import=PASS (ok)
  PySide6 import=PASS (ok)
  openwakeword import=PASS (ok)
  onnxruntime import=PASS (ok)
  sounddevice import=PASS (ok)
  pyttsx3 import=PASS (ok)
  wake word model file=PASS (C:\Users\babi2\AppData\Local\Programs\Python\Python313\Lib\site-packages\openwakeword\resources\models\hey_jarvis_v0.1.onnx)
  microphone query=PASS (17 input device(s))
  overlay config=PASS (OVERLAY_ENABLED=True style=premium_ironman_full theme=jarvis_blue opacity=0.92)
[2026-05-22T17:53:20.628018+00:00] startup header
  executable=C:\Users\babi2\AppData\Local\Programs\Python\Python313\python.exe
  version=3.13.0
  cwd=C:\J.A.R.V.I.S\local_jarvis
  env=yes
  mode=tray+wakeword+speak
[2026-05-22T17:53:26.060203+00:00] startup header
  executable=C:\Users\babi2\AppData\Local\Programs\Python\Python313\python.exe
  version=3.13.0
  cwd=C:\J.A.R.V.I.S\local_jarvis
  env=yes
  mode=tray+wakeword+speak
[2026-05-22T17:53:26.061402+00:00] startup
  mode=tray
  wake=True
  voice=True
  speak=True
  python=C:\Users\babi2\AppData\Local\Programs\Python\Python313\python.exe
[2026-05-22T17:53:26.063407+00:00] background quiet mode: tray only (no console HUD)
[2026-05-22T17:53:26.064607+00:00] tray: entering main loop
[2026-05-22T17:53:26.065610+00:00] tray: main loop ended
[2026-05-22T17:53:26.071386+00:00] watchdog started
[2026-05-22T17:53:26.073297+00:00] tray icon run() starting
[2026-05-22T17:53:26.074249+00:00] tray run() ended
[2026-05-22T17:53:26.081350+00:00] watchdog started
[2026-05-22T17:53:26.082860+00:00] tray icon run() starting
[2026-05-22T17:53:26.084046+00:00] tray run() ended
[2026-05-22T17:53:26.088024+00:00] startup header
  executable=C:\Users\babi2\AppData\Local\Programs\Python\Python313\python.exe
  version=3.13.0
  cwd=C:\J.A.R.V.I.S\local_jarvis
  env=yes
  mode=smoke
[2026-05-22T17:53:26.092812+00:00] startup header
  executable=C:\Users\babi2\AppData\Local\Programs\Python\Python313\python.exe
  version=3.13.0
  cwd=C:\J.A.R.V.I.S\local_jarvis
  env=yes
  mode=tray+wakeword(env)+debug-startup
[2026-05-22T17:53:26.094845+00:00] startup header
  executable=C:\Users\babi2\AppData\Local\Programs\Python\Python313\python.exe
  version=3.13.0
  cwd=C:\J.A.R.V.I.S\local_jarvis
  env=yes
  mode=tray+wakeword(env)+debug-startup
[2026-05-22T17:53:26.095844+00:00] startup
  mode=tray
  wake=True
  voice=True
  speak=False
  python=C:\Users\babi2\AppData\Local\Programs\Python\Python313\python.exe
[2026-05-22T17:53:26.098277+00:00] background quiet mode: tray only (no console HUD)
[2026-05-22T17:53:26.100065+00:00] tray: entering main loop
[2026-05-22T17:53:26.106545+00:00] tray: main loop ended
[2026-05-22T17:53:28.153979+00:00] startup header
  executable=C:\Users\babi2\AppData\Local\Programs\Python\Python313\python.exe
  version=3.13.0
  cwd=C:\J.A.R.V.I.S\local_jarvis
  env=yes
  mode=text(default)+wakeword(env)
[2026-05-22T17:53:28.239641+00:00] import pystray: ok
[2026-05-22T17:53:28.242619+00:00] import Pillow: ok
[2026-05-22T17:53:29.991211+00:00] import openwakeword: ok
[2026-05-22T17:53:29.992193+00:00] import onnxruntime: ok
[2026-05-22T17:53:30.199294+00:00] import sounddevice: ok
[2026-05-22T17:53:30.202238+00:00] import pyttsx3: ok
[2026-05-22T17:53:30.246711+00:00] import PySide6: ok
[2026-05-22T17:56:24.259102+00:00] startup header
  executable=C:\Users\babi2\AppData\Local\Programs\Python\Python313\python.exe
  version=3.13.0
  cwd=C:\J.A.R.V.I.S\local_jarvis
  env=yes
  mode=text(default)+wakeword(env)
[2026-05-22T17:56:24.260342+00:00] startup
  mode=other
  wake=True
  voice=True
  speak=True
  python=C:\Users\babi2\AppData\Local\Programs\Python\Python313\python.exe
[2026-05-22T17:56:24.267321+00:00] wakeword-only: detector starting
[2026-05-22T17:56:24.270355+00:00] wakeword-only: keepalive loop
[2026-05-22T17:58:26.021654+00:00] smoke test begin
[2026-05-22T17:58:26.023827+00:00] smoke test PASS
  .env file=PASS (ok)
  config loaded=PASS (ok)
  pystray import=PASS (ok)
  Pillow import=PASS (ok)
  PySide6 import=PASS (ok)
  openwakeword import=PASS (ok)
  onnxruntime import=PASS (ok)
  sounddevice import=PASS (ok)
  pyttsx3 import=PASS (ok)
  wake word model file=PASS (C:\Users\babi2\AppData\Local\Programs\Python\Python313\Lib\site-packages\openwakeword\resources\models\hey_jarvis_v0.1.onnx)
  microphone query=PASS (17 input device(s))
  overlay config=PASS (OVERLAY_ENABLED=True style=premium_ironman_full theme=jarvis_blue opacity=0.92)
[2026-05-22T17:58:26.026554+00:00] startup header
  executable=C:\Users\babi2\AppData\Local\Programs\Python\Python313\python.exe
  version=3.13.0
  cwd=C:\J.A.R.V.I.S\local_jarvis
  env=yes
  mode=tray+wakeword+speak
[2026-05-22T18:01:16.662193+00:00] startup header
  executable=C:\Users\babi2\AppData\Local\Programs\Python\Python313\python.exe
  version=3.13.0
  cwd=C:\J.A.R.V.I.S\local_jarvis
  env=yes
  mode=tray+wakeword+speak
[2026-05-22T18:01:16.663490+00:00] startup
  mode=tray
  wake=True
  voice=True
  speak=True
  python=C:\Users\babi2\AppData\Local\Programs\Python\Python313\python.exe
[2026-05-22T18:01:16.665563+00:00] background quiet mode: tray only (no console HUD)
[2026-05-22T18:01:16.666413+00:00] tray: entering main loop
[2026-05-22T18:01:16.667649+00:00] tray: main loop ended
[2026-05-22T18:01:16.673503+00:00] watchdog started
[2026-05-22T18:01:16.675202+00:00] tray icon run() starting
[2026-05-22T18:01:16.676533+00:00] tray run() ended
[2026-05-22T18:01:16.684194+00:00] watchdog started
[2026-05-22T18:01:16.685675+00:00] tray icon run() starting
[2026-05-22T18:01:16.686806+00:00] tray run() ended
[2026-05-22T18:01:16.690271+00:00] startup header
  executable=C:\Users\babi2\AppData\Local\Programs\Python\Python313\python.exe
  version=3.13.0
  cwd=C:\J.A.R.V.I.S\local_jarvis
  env=yes
  mode=smoke
[2026-05-22T18:01:16.694107+00:00] startup header
  executable=C:\Users\babi2\AppData\Local\Programs\Python\Python313\python.exe
  version=3.13.0
  cwd=C:\J.A.R.V.I.S\local_jarvis
  env=yes
  mode=tray+wakeword(env)+debug-startup
[2026-05-22T18:01:16.695959+00:00] startup header
  executable=C:\Users\babi2\AppData\Local\Programs\Python\Python313\python.exe
  version=3.13.0
  cwd=C:\J.A.R.V.I.S\local_jarvis
  env=yes
  mode=tray+wakeword(env)+debug-startup
[2026-05-22T18:01:16.696955+00:00] startup
  mode=tray
  wake=True
  voice=True
  speak=False
  python=C:\Users\babi2\AppData\Local\Programs\Python\Python313\python.exe
[2026-05-22T18:01:16.698819+00:00] background quiet mode: tray only (no console HUD)
[2026-05-22T18:01:16.700607+00:00] tray: entering main loop
[2026-05-22T18:01:16.706451+00:00] tray: main loop ended
[2026-05-22T18:03:21.263342+00:00] smoke test begin
[2026-05-22T18:03:21.265079+00:00] smoke test PASS
  .env file=PASS (ok)
  config loaded=PASS (ok)
  pystray import=PASS (ok)
  Pillow import=PASS (ok)
  PySide6 import=PASS (ok)
  openwakeword import=PASS (ok)
  onnxruntime import=PASS (ok)
  sounddevice import=PASS (ok)
  pyttsx3 import=PASS (ok)
  wake word model file=PASS (C:\Users\babi2\AppData\Local\Programs\Python\Python313\Lib\site-packages\openwakeword\resources\models\hey_jarvis_v0.1.onnx)
  microphone query=PASS (17 input device(s))
  overlay config=PASS (OVERLAY_ENABLED=True style=premium_ironman_full theme=jarvis_blue opacity=0.92)
[2026-05-22T18:03:21.268569+00:00] startup header
  executable=C:\Users\babi2\AppData\Local\Programs\Python\Python313\python.exe
  version=3.13.0
  cwd=C:\J.A.R.V.I.S\local_jarvis
  env=yes
  mode=tray+wakeword+speak
[2026-05-22T18:03:26.701810+00:00] startup header
  executable=C:\Users\babi2\AppData\Local\Programs\Python\Python313\python.exe
  version=3.13.0
  cwd=C:\J.A.R.V.I.S\local_jarvis
  env=yes
  mode=tray+wakeword+speak
[2026-05-22T18:03:26.703123+00:00] startup
  mode=tray
  wake=True
  voice=True
  speak=True
  python=C:\Users\babi2\AppData\Local\Programs\Python\Python313\python.exe
[2026-05-22T18:03:26.705603+00:00] background quiet mode: tray only (no console HUD)
[2026-05-22T18:03:26.706322+00:00] tray: entering main loop
[2026-05-22T18:03:26.707312+00:00] tray: main loop ended
[2026-05-22T18:03:26.713275+00:00] watchdog started
[2026-05-22T18:03:26.714922+00:00] tray icon run() starting
[2026-05-22T18:03:26.716552+00:00] tray run() ended
[2026-05-22T18:03:26.725366+00:00] watchdog started
[2026-05-22T18:03:26.727158+00:00] tray icon run() starting
[2026-05-22T18:03:26.728573+00:00] tray run() ended
[2026-05-22T18:03:26.731503+00:00] startup header
  executable=C:\Users\babi2\AppData\Local\Programs\Python\Python313\python.exe
  version=3.13.0
  cwd=C:\J.A.R.V.I.S\local_jarvis
  env=yes
  mode=smoke
[2026-05-22T18:03:26.736117+00:00] startup header
  executable=C:\Users\babi2\AppData\Local\Programs\Python\Python313\python.exe
  version=3.13.0
  cwd=C:\J.A.R.V.I.S\local_jarvis
  env=yes
  mode=tray+wakeword(env)+debug-startup
[2026-05-22T18:03:26.738335+00:00] startup header
  executable=C:\Users\babi2\AppData\Local\Programs\Python\Python313\python.exe
  version=3.13.0
  cwd=C:\J.A.R.V.I.S\local_jarvis
  env=yes
  mode=tray+wakeword(env)+debug-startup
[2026-05-22T18:03:26.739680+00:00] startup
  mode=tray
  wake=True
  voice=True
  speak=False
  python=C:\Users\babi2\AppData\Local\Programs\Python\Python313\python.exe
[2026-05-22T18:03:26.741917+00:00] background quiet mode: tray only (no console HUD)
[2026-05-22T18:03:26.743834+00:00] tray: entering main loop
[2026-05-22T18:03:26.750931+00:00] tray: main loop ended
[2026-05-22T18:08:09.643540+00:00] smoke test begin
[2026-05-22T18:08:09.645730+00:00] smoke test PASS
  .env file=PASS (ok)
  config loaded=PASS (ok)
  pystray import=PASS (ok)
  Pillow import=PASS (ok)
  PySide6 import=PASS (ok)
  openwakeword import=PASS (ok)
  onnxruntime import=PASS (ok)
  sounddevice import=PASS (ok)
  pyttsx3 import=PASS (ok)
  wake word model file=PASS (C:\Users\babi2\AppData\Local\Programs\Python\Python313\Lib\site-packages\openwakeword\resources\models\hey_jarvis_v0.1.onnx)
  microphone query=PASS (17 input device(s))
  overlay config=PASS (OVERLAY_ENABLED=True style=premium_ironman_full theme=jarvis_blue opacity=0.92)
[2026-05-22T18:08:09.649205+00:00] startup header
  executable=C:\Users\babi2\AppData\Local\Programs\Python\Python313\python.exe
  version=3.13.0
  cwd=C:\J.A.R.V.I.S\local_jarvis
  env=yes
  mode=tray+wakeword+speak
[2026-05-22T18:08:15.108935+00:00] startup header
  executable=C:\Users\babi2\AppData\Local\Programs\Python\Python313\python.exe
  version=3.13.0
  cwd=C:\J.A.R.V.I.S\local_jarvis
  env=yes
  mode=tray+wakeword+speak
[2026-05-22T18:08:15.110591+00:00] startup
  mode=tray
  wake=True
  voice=True
  speak=True
  python=C:\Users\babi2\AppData\Local\Programs\Python\Python313\python.exe
[2026-05-22T18:08:15.112938+00:00] background quiet mode: tray only (no console HUD)
[2026-05-22T18:08:15.114207+00:00] tray: entering main loop
[2026-05-22T18:08:15.115753+00:00] tray: main loop ended
[2026-05-22T18:08:15.122517+00:00] watchdog started
[2026-05-22T18:08:15.124581+00:00] tray icon run() starting
[2026-05-22T18:08:15.125941+00:00] tray run() ended
[2026-05-22T18:08:15.134551+00:00] watchdog started
[2026-05-22T18:08:15.136259+00:00] tray icon run() starting
[2026-05-22T18:08:15.137556+00:00] tray run() ended
[2026-05-22T18:08:15.141104+00:00] startup header
  executable=C:\Users\babi2\AppData\Local\Programs\Python\Python313\python.exe
  version=3.13.0
  cwd=C:\J.A.R.V.I.S\local_jarvis
  env=yes
  mode=smoke
[2026-05-22T18:08:15.146131+00:00] startup header
  executable=C:\Users\babi2\AppData\Local\Programs\Python\Python313\python.exe
  version=3.13.0
  cwd=C:\J.A.R.V.I.S\local_jarvis
  env=yes
  mode=tray+wakeword(env)+debug-startup
[2026-05-22T18:08:15.148347+00:00] startup header
  executable=C:\Users\babi2\AppData\Local\Programs\Python\Python313\python.exe
  version=3.13.0
  cwd=C:\J.A.R.V.I.S\local_jarvis
  env=yes
  mode=tray+wakeword(env)+debug-startup
[2026-05-22T18:08:15.149407+00:00] startup
  mode=tray
  wake=True
  voice=True
  speak=False
  python=C:\Users\babi2\AppData\Local\Programs\Python\Python313\python.exe
[2026-05-22T18:08:15.151446+00:00] background quiet mode: tray only (no console HUD)
[2026-05-22T18:08:15.153578+00:00] tray: entering main loop
[2026-05-22T18:08:15.159938+00:00] tray: main loop ended
[2026-05-22T18:13:51.343616+00:00] smoke test begin
[2026-05-22T18:13:51.345472+00:00] smoke test PASS
  .env file=PASS (ok)
  config loaded=PASS (ok)
  pystray import=PASS (ok)
  Pillow import=PASS (ok)
  PySide6 import=PASS (ok)
  openwakeword import=PASS (ok)
  onnxruntime import=PASS (ok)
  sounddevice import=PASS (ok)
  pyttsx3 import=PASS (ok)
  wake word model file=PASS (C:\Users\babi2\AppData\Local\Programs\Python\Python313\Lib\site-packages\openwakeword\resources\models\hey_jarvis_v0.1.onnx)
  microphone query=PASS (17 input device(s))
  overlay config=PASS (OVERLAY_ENABLED=True style=premium_ironman_full theme=jarvis_blue opacity=0.92)
[2026-05-22T18:13:51.348542+00:00] startup header
  executable=C:\Users\babi2\AppData\Local\Programs\Python\Python313\python.exe
  version=3.13.0
  cwd=C:\J.A.R.V.I.S\local_jarvis
  env=yes
  mode=tray+wakeword+speak
[2026-05-22T18:13:56.341488+00:00] startup header
  executable=C:\Users\babi2\AppData\Local\Programs\Python\Python313\python.exe
  version=3.13.0
  cwd=C:\J.A.R.V.I.S\local_jarvis
  env=yes
  mode=tray+wakeword+speak
[2026-05-22T18:13:56.342679+00:00] startup
  mode=tray
  wake=True
  voice=True
  speak=True
  python=C:\Users\babi2\AppData\Local\Programs\Python\Python313\python.exe
[2026-05-22T18:13:56.344533+00:00] background quiet mode: tray only (no console HUD)
[2026-05-22T18:13:56.345345+00:00] tray: entering main loop
[2026-05-22T18:13:56.346464+00:00] tray: main loop ended
[2026-05-22T18:13:56.351745+00:00] watchdog started
[2026-05-22T18:13:56.353332+00:00] tray icon run() starting
[2026-05-22T18:13:56.354535+00:00] tray run() ended
[2026-05-22T18:13:56.361894+00:00] watchdog started
[2026-05-22T18:13:56.363259+00:00] tray icon run() starting
[2026-05-22T18:13:56.364351+00:00] tray run() ended
[2026-05-22T18:13:56.367115+00:00] startup header
  executable=C:\Users\babi2\AppData\Local\Programs\Python\Python313\python.exe
  version=3.13.0
  cwd=C:\J.A.R.V.I.S\local_jarvis
  env=yes
  mode=smoke
[2026-05-22T18:13:56.372779+00:00] startup header
  executable=C:\Users\babi2\AppData\Local\Programs\Python\Python313\python.exe
  version=3.13.0
  cwd=C:\J.A.R.V.I.S\local_jarvis
  env=yes
  mode=tray+wakeword(env)+debug-startup
[2026-05-22T18:13:56.374342+00:00] startup header
  executable=C:\Users\babi2\AppData\Local\Programs\Python\Python313\python.exe
  version=3.13.0
  cwd=C:\J.A.R.V.I.S\local_jarvis
  env=yes
  mode=tray+wakeword(env)+debug-startup
[2026-05-22T18:13:56.375357+00:00] startup
  mode=tray
  wake=True
  voice=True
  speak=False
  python=C:\Users\babi2\AppData\Local\Programs\Python\Python313\python.exe
[2026-05-22T18:13:56.377017+00:00] background quiet mode: tray only (no console HUD)
[2026-05-22T18:13:56.378559+00:00] tray: entering main loop
[2026-05-22T18:13:56.383927+00:00] tray: main loop ended
[2026-05-22T18:16:02.532813+00:00] smoke test begin
[2026-05-22T18:16:02.535019+00:00] smoke test PASS
  .env file=PASS (ok)
  config loaded=PASS (ok)
  pystray import=PASS (ok)
  Pillow import=PASS (ok)
  PySide6 import=PASS (ok)
  openwakeword import=PASS (ok)
  onnxruntime import=PASS (ok)
  sounddevice import=PASS (ok)
  pyttsx3 import=PASS (ok)
  wake word model file=PASS (C:\Users\babi2\AppData\Local\Programs\Python\Python313\Lib\site-packages\openwakeword\resources\models\hey_jarvis_v0.1.onnx)
  microphone query=PASS (17 input device(s))
  overlay config=PASS (OVERLAY_ENABLED=True style=premium_ironman_full theme=jarvis_blue opacity=0.92)
[2026-05-22T18:16:02.538684+00:00] startup header
  executable=C:\Users\babi2\AppData\Local\Programs\Python\Python313\python.exe
  version=3.13.0
  cwd=C:\J.A.R.V.I.S\local_jarvis
  env=yes
  mode=tray+wakeword+speak
[2026-05-22T18:18:52.734646+00:00] startup header
  executable=C:\Users\babi2\AppData\Local\Programs\Python\Python313\python.exe
  version=3.13.0
  cwd=C:\J.A.R.V.I.S\local_jarvis
  env=yes
  mode=tray+wakeword+speak
[2026-05-22T18:18:52.735895+00:00] startup
  mode=tray
  wake=True
  voice=True
  speak=True
  python=C:\Users\babi2\AppData\Local\Programs\Python\Python313\python.exe
[2026-05-22T18:18:52.737639+00:00] background quiet mode: tray only (no console HUD)
[2026-05-22T18:18:52.738613+00:00] tray: entering main loop
[2026-05-22T18:18:52.739905+00:00] tray: main loop ended
[2026-05-22T18:18:52.745514+00:00] watchdog started
[2026-05-22T18:18:52.747251+00:00] tray icon run() starting
[2026-05-22T18:18:52.748550+00:00] tray run() ended
[2026-05-22T18:18:52.756313+00:00] watchdog started
[2026-05-22T18:18:52.757818+00:00] tray icon run() starting
[2026-05-22T18:18:52.759016+00:00] tray run() ended
[2026-05-22T18:18:52.761900+00:00] startup header
  executable=C:\Users\babi2\AppData\Local\Programs\Python\Python313\python.exe
  version=3.13.0
  cwd=C:\J.A.R.V.I.S\local_jarvis
  env=yes
  mode=smoke
[2026-05-22T18:18:52.764549+00:00] startup header
  executable=C:\Users\babi2\AppData\Local\Programs\Python\Python313\python.exe
  version=3.13.0
  cwd=C:\J.A.R.V.I.S\local_jarvis
  env=yes
  mode=tray+wakeword(env)+debug-startup
[2026-05-22T18:18:52.766285+00:00] startup header
  executable=C:\Users\babi2\AppData\Local\Programs\Python\Python313\python.exe
  version=3.13.0
  cwd=C:\J.A.R.V.I.S\local_jarvis
  env=yes
  mode=tray+wakeword(env)+debug-startup
[2026-05-22T18:18:52.767333+00:00] startup
  mode=tray
  wake=True
  voice=True
  speak=False
  python=C:\Users\babi2\AppData\Local\Programs\Python\Python313\python.exe
[2026-05-22T18:18:52.769344+00:00] background quiet mode: tray only (no console HUD)
[2026-05-22T18:18:52.770649+00:00] tray: entering main loop
[2026-05-22T18:18:52.774651+00:00] tray: main loop ended
[2026-05-22T18:25:54.049579+00:00] smoke test begin
[2026-05-22T18:25:54.051945+00:00] smoke test PASS
  .env file=PASS (ok)
  config loaded=PASS (ok)
  pystray import=PASS (ok)
  Pillow import=PASS (ok)
  PySide6 import=PASS (ok)
  openwakeword import=PASS (ok)
  onnxruntime import=PASS (ok)
  sounddevice import=PASS (ok)
  pyttsx3 import=PASS (ok)
  wake word model file=PASS (C:\Users\babi2\AppData\Local\Programs\Python\Python313\Lib\site-packages\openwakeword\resources\models\hey_jarvis_v0.1.onnx)
  microphone query=PASS (17 input device(s))
  overlay config=PASS (OVERLAY_ENABLED=True style=premium_ironman_full theme=jarvis_blue opacity=0.92)
[2026-05-22T18:25:54.055712+00:00] startup header
  executable=C:\Users\babi2\AppData\Local\Programs\Python\Python313\python.exe
  version=3.13.0
  cwd=C:\J.A.R.V.I.S\local_jarvis
  env=yes
  mode=tray+wakeword+speak
[2026-05-22T18:28:44.611579+00:00] startup header
  executable=C:\Users\babi2\AppData\Local\Programs\Python\Python313\python.exe
  version=3.13.0
  cwd=C:\J.A.R.V.I.S\local_jarvis
  env=yes
  mode=tray+wakeword+speak
[2026-05-22T18:28:44.612742+00:00] startup
  mode=tray
  wake=True
  voice=True
  speak=True
  python=C:\Users\babi2\AppData\Local\Programs\Python\Python313\python.exe
[2026-05-22T18:28:44.614611+00:00] background quiet mode: tray only (no console HUD)
[2026-05-22T18:28:44.615474+00:00] tray: entering main loop
[2026-05-22T18:28:44.616764+00:00] tray: main loop ended
[2026-05-22T18:28:44.622450+00:00] watchdog started
[2026-05-22T18:28:44.624063+00:00] tray icon run() starting
[2026-05-22T18:28:44.625294+00:00] tray run() ended
[2026-05-22T18:28:44.635264+00:00] watchdog started
[2026-05-22T18:28:44.636606+00:00] tray icon run() starting
[2026-05-22T18:28:44.637740+00:00] tray run() ended
[2026-05-22T18:28:44.641062+00:00] startup header
  executable=C:\Users\babi2\AppData\Local\Programs\Python\Python313\python.exe
  version=3.13.0
  cwd=C:\J.A.R.V.I.S\local_jarvis
  env=yes
  mode=smoke
[2026-05-22T18:28:44.645104+00:00] startup header
  executable=C:\Users\babi2\AppData\Local\Programs\Python\Python313\python.exe
  version=3.13.0
  cwd=C:\J.A.R.V.I.S\local_jarvis
  env=yes
  mode=tray+wakeword(env)+debug-startup
[2026-05-22T18:28:44.646980+00:00] startup header
  executable=C:\Users\babi2\AppData\Local\Programs\Python\Python313\python.exe
  version=3.13.0
  cwd=C:\J.A.R.V.I.S\local_jarvis
  env=yes
  mode=tray+wakeword(env)+debug-startup
[2026-05-22T18:28:44.648157+00:00] startup
  mode=tray
  wake=True
  voice=True
  speak=False
  python=C:\Users\babi2\AppData\Local\Programs\Python\Python313\python.exe
[2026-05-22T18:28:44.649988+00:00] background quiet mode: tray only (no console HUD)
[2026-05-22T18:28:44.652031+00:00] tray: entering main loop
[2026-05-22T18:28:44.658114+00:00] tray: main loop ended
[2026-05-22T18:34:51.611474+00:00] startup header
  executable=C:\Users\babi2\AppData\Local\Programs\Python\Python313\python.exe
  version=3.13.0
  cwd=C:\J.A.R.V.I.S\local_jarvis
  env=yes
  mode=text(default)+wakeword(env)
[2026-05-22T18:34:51.693129+00:00] import pystray: ok
[2026-05-22T18:34:51.695677+00:00] import Pillow: ok
[2026-05-22T18:34:53.553522+00:00] import openwakeword: ok
[2026-05-22T18:34:53.554409+00:00] import onnxruntime: ok
[2026-05-22T18:34:53.757672+00:00] import sounddevice: ok
[2026-05-22T18:34:53.761032+00:00] import pyttsx3: ok
[2026-05-22T18:34:53.804393+00:00] import PySide6: ok
[2026-05-22T18:34:56.349058+00:00] startup header
  executable=C:\Users\babi2\AppData\Local\Programs\Python\Python313\python.exe
  version=3.13.0
  cwd=C:\J.A.R.V.I.S\local_jarvis
  env=yes
  mode=text(default)+wakeword(env)
[2026-05-22T18:34:56.350175+00:00] startup
  mode=other
  wake=True
  voice=True
  speak=True
  python=C:\Users\babi2\AppData\Local\Programs\Python\Python313\python.exe
[2026-05-22T18:34:56.356532+00:00] wakeword-only: detector starting
[2026-05-22T18:34:56.359529+00:00] wakeword-only: keepalive loop
[2026-05-22T18:46:05.421161+00:00] smoke test begin
[2026-05-22T18:46:05.423677+00:00] smoke test PASS
  .env file=PASS (ok)
  config loaded=PASS (ok)
  pystray import=PASS (ok)
  Pillow import=PASS (ok)
  PySide6 import=PASS (ok)
  openwakeword import=PASS (ok)
  onnxruntime import=PASS (ok)
  sounddevice import=PASS (ok)
  pyttsx3 import=PASS (ok)
  wake word model file=PASS (C:\Users\babi2\AppData\Local\Programs\Python\Python313\Lib\site-packages\openwakeword\resources\models\hey_jarvis_v0.1.onnx)
  microphone query=PASS (17 input device(s))
  overlay config=PASS (OVERLAY_ENABLED=True style=premium_ironman_full theme=jarvis_blue opacity=0.92)
[2026-05-22T18:46:05.427261+00:00] startup header
  executable=C:\Users\babi2\AppData\Local\Programs\Python\Python313\python.exe
  version=3.13.0
  cwd=C:\J.A.R.V.I.S\local_jarvis
  env=yes
  mode=tray+wakeword+speak
[2026-05-22T18:48:56.083299+00:00] startup header
  executable=C:\Users\babi2\AppData\Local\Programs\Python\Python313\python.exe
  version=3.13.0
  cwd=C:\J.A.R.V.I.S\local_jarvis
  env=yes
  mode=tray+wakeword+speak
[2026-05-22T18:48:56.084546+00:00] startup
  mode=tray
  wake=True
  voice=True
  speak=True
  python=C:\Users\babi2\AppData\Local\Programs\Python\Python313\python.exe
[2026-05-22T18:48:56.086433+00:00] background quiet mode: tray only (no console HUD)
[2026-05-22T18:48:56.087429+00:00] tray: entering main loop
[2026-05-22T18:48:56.088763+00:00] tray: main loop ended
[2026-05-22T18:48:56.096927+00:00] watchdog started
[2026-05-22T18:48:56.098567+00:00] tray icon run() starting
[2026-05-22T18:48:56.099774+00:00] tray run() ended
[2026-05-22T18:48:56.107700+00:00] watchdog started
[2026-05-22T18:48:56.109069+00:00] tray icon run() starting
[2026-05-22T18:48:56.109941+00:00] tray run() ended
[2026-05-22T18:48:56.113102+00:00] startup header
  executable=C:\Users\babi2\AppData\Local\Programs\Python\Python313\python.exe
  version=3.13.0
  cwd=C:\J.A.R.V.I.S\local_jarvis
  env=yes
  mode=smoke
[2026-05-22T18:48:56.117204+00:00] startup header
  executable=C:\Users\babi2\AppData\Local\Programs\Python\Python313\python.exe
  version=3.13.0
  cwd=C:\J.A.R.V.I.S\local_jarvis
  env=yes
  mode=tray+wakeword(env)+debug-startup
[2026-05-22T18:48:56.119177+00:00] startup header
  executable=C:\Users\babi2\AppData\Local\Programs\Python\Python313\python.exe
  version=3.13.0
  cwd=C:\J.A.R.V.I.S\local_jarvis
  env=yes
  mode=tray+wakeword(env)+debug-startup
[2026-05-22T18:48:56.120293+00:00] startup
  mode=tray
  wake=True
  voice=True
  speak=False
  python=C:\Users\babi2\AppData\Local\Programs\Python\Python313\python.exe
[2026-05-22T18:48:56.122124+00:00] background quiet mode: tray only (no console HUD)
[2026-05-22T18:48:56.123980+00:00] tray: entering main loop
[2026-05-22T18:48:56.130315+00:00] tray: main loop ended
[2026-05-22T18:54:16.188959+00:00] startup header
  executable=C:\Users\babi2\AppData\Local\Programs\Python\Python313\python.exe
  version=3.13.0
  cwd=C:\J.A.R.V.I.S\local_jarvis
  env=yes
  mode=text(default)+wakeword(env)
[2026-05-22T18:54:16.267350+00:00] import pystray: ok
[2026-05-22T18:54:16.269705+00:00] import Pillow: ok
[2026-05-22T18:54:18.019126+00:00] import openwakeword: ok
[2026-05-22T18:54:18.019977+00:00] import onnxruntime: ok
[2026-05-22T18:54:18.208654+00:00] import sounddevice: ok
[2026-05-22T18:54:18.211902+00:00] import pyttsx3: ok
[2026-05-22T18:54:18.253502+00:00] import PySide6: ok
[2026-05-22T18:57:09.274288+00:00] startup header
  executable=C:\Users\babi2\AppData\Local\Programs\Python\Python313\python.exe
  version=3.13.0
  cwd=C:\J.A.R.V.I.S\local_jarvis
  env=yes
  mode=text(default)+wakeword(env)
[2026-05-22T18:57:09.275692+00:00] startup
  mode=other
  wake=True
  voice=True
  speak=True
  python=C:\Users\babi2\AppData\Local\Programs\Python\Python313\python.exe
[2026-05-22T18:57:09.284409+00:00] wakeword-only: detector starting
[2026-05-22T18:57:09.288105+00:00] wakeword-only: keepalive loop
[2026-05-22T19:08:16.896543+00:00] smoke test begin
[2026-05-22T19:08:16.898767+00:00] smoke test PASS
  .env file=PASS (ok)
  config loaded=PASS (ok)
  pystray import=PASS (ok)
  Pillow import=PASS (ok)
  PySide6 import=PASS (ok)
  openwakeword import=PASS (ok)
  onnxruntime import=PASS (ok)
  sounddevice import=PASS (ok)
  pyttsx3 import=PASS (ok)
  wake word model file=PASS (C:\Users\babi2\AppData\Local\Programs\Python\Python313\Lib\site-packages\openwakeword\resources\models\hey_jarvis_v0.1.onnx)
  microphone query=PASS (17 input device(s))
  overlay config=PASS (OVERLAY_ENABLED=True style=premium_ironman_full theme=jarvis_blue opacity=0.92)
[2026-05-22T19:08:16.902280+00:00] startup header
  executable=C:\Users\babi2\AppData\Local\Programs\Python\Python313\python.exe
  version=3.13.0
  cwd=C:\J.A.R.V.I.S\local_jarvis
  env=yes
  mode=tray+wakeword+speak
[2026-05-22T19:08:21.960850+00:00] startup header
  executable=C:\Users\babi2\AppData\Local\Programs\Python\Python313\python.exe
  version=3.13.0
  cwd=C:\J.A.R.V.I.S\local_jarvis
  env=yes
  mode=tray+wakeword+speak
[2026-05-22T19:08:21.962089+00:00] startup
  mode=tray
  wake=True
  voice=True
  speak=True
  python=C:\Users\babi2\AppData\Local\Programs\Python\Python313\python.exe
[2026-05-22T19:08:21.964230+00:00] background quiet mode: tray only (no console HUD)
[2026-05-22T19:08:21.965251+00:00] tray: entering main loop
[2026-05-22T19:08:21.966635+00:00] tray: main loop ended
[2026-05-22T19:08:21.972344+00:00] watchdog started
[2026-05-22T19:08:21.974079+00:00] tray icon run() starting
[2026-05-22T19:08:21.975291+00:00] tray run() ended
[2026-05-22T19:08:21.983928+00:00] watchdog started
[2026-05-22T19:08:21.985451+00:00] tray icon run() starting
[2026-05-22T19:08:21.986609+00:00] tray run() ended
[2026-05-22T19:08:21.989746+00:00] startup header
  executable=C:\Users\babi2\AppData\Local\Programs\Python\Python313\python.exe
  version=3.13.0
  cwd=C:\J.A.R.V.I.S\local_jarvis
  env=yes
  mode=smoke
[2026-05-22T19:08:21.993791+00:00] startup header
  executable=C:\Users\babi2\AppData\Local\Programs\Python\Python313\python.exe
  version=3.13.0
  cwd=C:\J.A.R.V.I.S\local_jarvis
  env=yes
  mode=tray+wakeword(env)+debug-startup
[2026-05-22T19:08:21.995628+00:00] startup header
  executable=C:\Users\babi2\AppData\Local\Programs\Python\Python313\python.exe
  version=3.13.0
  cwd=C:\J.A.R.V.I.S\local_jarvis
  env=yes
  mode=tray+wakeword(env)+debug-startup
[2026-05-22T19:08:21.996611+00:00] startup
  mode=tray
  wake=True
  voice=True
  speak=False
  python=C:\Users\babi2\AppData\Local\Programs\Python\Python313\python.exe
[2026-05-22T19:08:21.998698+00:00] background quiet mode: tray only (no console HUD)
[2026-05-22T19:08:22.000376+00:00] tray: entering main loop
[2026-05-22T19:08:22.006195+00:00] tray: main loop ended
[2026-05-22T19:24:28.198759+00:00] smoke test begin
[2026-05-22T19:24:28.200518+00:00] smoke test PASS
  .env file=PASS (ok)
  config loaded=PASS (ok)
  pystray import=PASS (ok)
  Pillow import=PASS (ok)
  PySide6 import=PASS (ok)
  openwakeword import=PASS (ok)
  onnxruntime import=PASS (ok)
  sounddevice import=PASS (ok)
  pyttsx3 import=PASS (ok)
  wake word model file=PASS (C:\Users\babi2\AppData\Local\Programs\Python\Python313\Lib\site-packages\openwakeword\resources\models\hey_jarvis_v0.1.onnx)
  microphone query=PASS (17 input device(s))
  overlay config=PASS (OVERLAY_ENABLED=True style=premium_ironman_full theme=jarvis_blue opacity=0.92)
[2026-05-22T19:24:28.203353+00:00] startup header
  executable=C:\Users\babi2\AppData\Local\Programs\Python\Python313\python.exe
  version=3.13.0
  cwd=C:\J.A.R.V.I.S\local_jarvis
  env=yes
  mode=tray+wakeword+speak
[2026-05-22T19:24:32.784678+00:00] startup header
  executable=C:\Users\babi2\AppData\Local\Programs\Python\Python313\python.exe
  version=3.13.0
  cwd=C:\J.A.R.V.I.S\local_jarvis
  env=yes
  mode=tray+wakeword+speak
[2026-05-22T19:24:32.785657+00:00] startup
  mode=tray
  wake=True
  voice=True
  speak=True
  python=C:\Users\babi2\AppData\Local\Programs\Python\Python313\python.exe
[2026-05-22T19:24:32.787244+00:00] background quiet mode: tray only (no console HUD)
[2026-05-22T19:24:32.788091+00:00] tray: entering main loop
[2026-05-22T19:24:32.789195+00:00] tray: main loop ended
[2026-05-22T19:24:32.793767+00:00] watchdog started
[2026-05-22T19:24:32.795008+00:00] tray icon run() starting
[2026-05-22T19:24:32.796036+00:00] tray run() ended
[2026-05-22T19:24:32.802481+00:00] watchdog started
[2026-05-22T19:24:32.803668+00:00] tray icon run() starting
[2026-05-22T19:24:32.804690+00:00] tray run() ended
[2026-05-22T19:24:32.807318+00:00] startup header
  executable=C:\Users\babi2\AppData\Local\Programs\Python\Python313\python.exe
  version=3.13.0
  cwd=C:\J.A.R.V.I.S\local_jarvis
  env=yes
  mode=smoke
[2026-05-22T19:24:32.810509+00:00] startup header
  executable=C:\Users\babi2\AppData\Local\Programs\Python\Python313\python.exe
  version=3.13.0
  cwd=C:\J.A.R.V.I.S\local_jarvis
  env=yes
  mode=tray+wakeword(env)+debug-startup
[2026-05-22T19:24:32.811961+00:00] startup header
  executable=C:\Users\babi2\AppData\Local\Programs\Python\Python313\python.exe
  version=3.13.0
  cwd=C:\J.A.R.V.I.S\local_jarvis
  env=yes
  mode=tray+wakeword(env)+debug-startup
[2026-05-22T19:24:32.812807+00:00] startup
  mode=tray
  wake=True
  voice=True
  speak=False
  python=C:\Users\babi2\AppData\Local\Programs\Python\Python313\python.exe
[2026-05-22T19:24:32.814482+00:00] background quiet mode: tray only (no console HUD)
[2026-05-22T19:24:32.815899+00:00] tray: entering main loop
[2026-05-22T19:24:32.821847+00:00] tray: main loop ended
[2026-05-22T19:27:10.168229+00:00] smoke test begin
[2026-05-22T19:27:10.170082+00:00] smoke test PASS
  .env file=PASS (ok)
  config loaded=PASS (ok)
  pystray import=PASS (ok)
  Pillow import=PASS (ok)
  PySide6 import=PASS (ok)
  openwakeword import=PASS (ok)
  onnxruntime import=PASS (ok)
  sounddevice import=PASS (ok)
  pyttsx3 import=PASS (ok)
  wake word model file=PASS (C:\Users\babi2\AppData\Local\Programs\Python\Python313\Lib\site-packages\openwakeword\resources\models\hey_jarvis_v0.1.onnx)
  microphone query=PASS (17 input device(s))
  overlay config=PASS (OVERLAY_ENABLED=True style=premium_ironman_full theme=jarvis_blue opacity=0.92)
[2026-05-22T19:27:10.173117+00:00] startup header
  executable=C:\Users\babi2\AppData\Local\Programs\Python\Python313\python.exe
  version=3.13.0
  cwd=C:\J.A.R.V.I.S\local_jarvis
  env=yes
  mode=tray+wakeword+speak
[2026-05-22T19:27:14.817807+00:00] startup header
  executable=C:\Users\babi2\AppData\Local\Programs\Python\Python313\python.exe
  version=3.13.0
  cwd=C:\J.A.R.V.I.S\local_jarvis
  env=yes
  mode=tray+wakeword+speak
[2026-05-22T19:27:14.818871+00:00] startup
  mode=tray
  wake=True
  voice=True
  speak=True
  python=C:\Users\babi2\AppData\Local\Programs\Python\Python313\python.exe
[2026-05-22T19:27:14.820577+00:00] background quiet mode: tray only (no console HUD)
[2026-05-22T19:27:14.821287+00:00] tray: entering main loop
[2026-05-22T19:27:14.822291+00:00] tray: main loop ended
[2026-05-22T19:27:14.826890+00:00] watchdog started
[2026-05-22T19:27:14.828233+00:00] tray icon run() starting
[2026-05-22T19:27:14.829265+00:00] tray run() ended
[2026-05-22T19:27:14.835731+00:00] watchdog started
[2026-05-22T19:27:14.836997+00:00] tray icon run() starting
[2026-05-22T19:27:14.838112+00:00] tray run() ended
[2026-05-22T19:27:14.840729+00:00] startup header
  executable=C:\Users\babi2\AppData\Local\Programs\Python\Python313\python.exe
  version=3.13.0
  cwd=C:\J.A.R.V.I.S\local_jarvis
  env=yes
  mode=smoke
[2026-05-22T19:27:14.843945+00:00] startup header
  executable=C:\Users\babi2\AppData\Local\Programs\Python\Python313\python.exe
  version=3.13.0
  cwd=C:\J.A.R.V.I.S\local_jarvis
  env=yes
  mode=tray+wakeword(env)+debug-startup
[2026-05-22T19:27:14.845273+00:00] startup header
  executable=C:\Users\babi2\AppData\Local\Programs\Python\Python313\python.exe
  version=3.13.0
  cwd=C:\J.A.R.V.I.S\local_jarvis
  env=yes
  mode=tray+wakeword(env)+debug-startup
[2026-05-22T19:27:14.845860+00:00] startup
  mode=tray
  wake=True
  voice=True
  speak=False
  python=C:\Users\babi2\AppData\Local\Programs\Python\Python313\python.exe
[2026-05-22T19:27:14.846937+00:00] background quiet mode: tray only (no console HUD)
[2026-05-22T19:27:14.848390+00:00] tray: entering main loop
[2026-05-22T19:27:14.853062+00:00] tray: main loop ended
[2026-05-22T20:14:22.716091+00:00] smoke test begin
[2026-05-22T20:14:22.718441+00:00] smoke test PASS
  .env file=PASS (ok)
  config loaded=PASS (ok)
  pystray import=PASS (ok)
  Pillow import=PASS (ok)
  PySide6 import=PASS (ok)
  openwakeword import=PASS (ok)
  onnxruntime import=PASS (ok)
  sounddevice import=PASS (ok)
  pyttsx3 import=PASS (ok)
  wake word model file=PASS (C:\Users\babi2\AppData\Local\Programs\Python\Python313\Lib\site-packages\openwakeword\resources\models\hey_jarvis_v0.1.onnx)
  microphone query=PASS (17 input device(s))
  overlay config=PASS (OVERLAY_ENABLED=True style=premium_ironman_full theme=jarvis_blue opacity=0.92)
[2026-05-22T20:14:22.722102+00:00] startup header
  executable=C:\Users\babi2\AppData\Local\Programs\Python\Python313\python.exe
  version=3.13.0
  cwd=C:\J.A.R.V.I.S\local_jarvis
  env=yes
  mode=tray+wakeword+speak
[2026-05-22T20:14:24.988370+00:00] startup header
  executable=C:\Users\babi2\AppData\Local\Programs\Python\Python313\python.exe
  version=3.13.0
  cwd=C:\J.A.R.V.I.S\local_jarvis
  env=yes
  mode=tray+wakeword+speak
[2026-05-22T20:14:24.989538+00:00] startup
  mode=tray
  wake=True
  voice=True
  speak=True
  python=C:\Users\babi2\AppData\Local\Programs\Python\Python313\python.exe
[2026-05-22T20:14:24.991555+00:00] background quiet mode: tray only (no console HUD)
[2026-05-22T20:14:24.992534+00:00] tray: entering main loop
[2026-05-22T20:14:24.993838+00:00] tray: main loop ended
[2026-05-22T20:14:24.999065+00:00] watchdog started
[2026-05-22T20:14:25.000504+00:00] tray icon run() starting
[2026-05-22T20:14:25.001782+00:00] tray run() ended
[2026-05-22T20:14:25.008774+00:00] watchdog started
[2026-05-22T20:14:25.010212+00:00] tray icon run() starting
[2026-05-22T20:14:25.011374+00:00] tray run() ended
[2026-05-22T20:14:25.014320+00:00] startup header
  executable=C:\Users\babi2\AppData\Local\Programs\Python\Python313\python.exe
  version=3.13.0
  cwd=C:\J.A.R.V.I.S\local_jarvis
  env=yes
  mode=smoke
[2026-05-22T20:14:25.017924+00:00] startup header
  executable=C:\Users\babi2\AppData\Local\Programs\Python\Python313\python.exe
  version=3.13.0
  cwd=C:\J.A.R.V.I.S\local_jarvis
  env=yes
  mode=tray+wakeword(env)+debug-startup
[2026-05-22T20:14:25.019651+00:00] startup header
  executable=C:\Users\babi2\AppData\Local\Programs\Python\Python313\python.exe
  version=3.13.0
  cwd=C:\J.A.R.V.I.S\local_jarvis
  env=yes
  mode=tray+wakeword(env)+debug-startup
[2026-05-22T20:14:25.020672+00:00] startup
  mode=tray
  wake=True
  voice=True
  speak=False
  python=C:\Users\babi2\AppData\Local\Programs\Python\Python313\python.exe
[2026-05-22T20:14:25.022567+00:00] background quiet mode: tray only (no console HUD)
[2026-05-22T20:14:25.024147+00:00] tray: entering main loop
[2026-05-22T20:14:25.029226+00:00] tray: main loop ended
[2026-05-22T20:35:16.292648+00:00] wakeword-only: stopped
[2026-05-22T20:35:20.284731+00:00] startup header
  executable=C:\Users\babi2\AppData\Local\Programs\Python\Python313\python.exe
  version=3.13.0
  cwd=C:\J.A.R.V.I.S\local_jarvis
  env=yes
  mode=text(default)+wakeword(env)
[2026-05-22T20:35:20.359535+00:00] import pystray: ok
[2026-05-22T20:35:20.361956+00:00] import Pillow: ok
[2026-05-22T20:35:22.080701+00:00] import openwakeword: ok
[2026-05-22T20:35:22.081574+00:00] import onnxruntime: ok
[2026-05-22T20:35:22.271665+00:00] import sounddevice: ok
[2026-05-22T20:35:22.274782+00:00] import pyttsx3: ok
[2026-05-22T20:35:22.316565+00:00] import PySide6: ok
[2026-05-22T20:38:13.164088+00:00] startup header
  executable=C:\Users\babi2\AppData\Local\Programs\Python\Python313\python.exe
  version=3.13.0
  cwd=C:\J.A.R.V.I.S\local_jarvis
  env=yes
  mode=text(default)+wakeword(env)
[2026-05-22T20:38:13.165068+00:00] startup
  mode=other
  wake=True
  voice=True
  speak=True
  python=C:\Users\babi2\AppData\Local\Programs\Python\Python313\python.exe
[2026-05-22T20:38:13.172726+00:00] wakeword-only: detector starting
[2026-05-22T20:38:13.175884+00:00] wakeword-only: keepalive loop
[2026-05-22T20:42:08.040298+00:00] wakeword-only: stopped
[2026-05-22T20:43:25.797249+00:00] startup header
  executable=C:\Users\babi2\AppData\Local\Programs\Python\Python313\python.exe
  version=3.13.0
  cwd=C:\J.A.R.V.I.S\local_jarvis
  env=yes
  mode=tray+voice+wakeword+speak
[2026-05-22T20:43:25.881535+00:00] import pystray: ok
[2026-05-22T20:43:25.883935+00:00] import Pillow: ok
[2026-05-22T20:43:27.616901+00:00] import openwakeword: ok
[2026-05-22T20:43:27.617728+00:00] import onnxruntime: ok
[2026-05-22T20:43:27.803566+00:00] import sounddevice: ok
[2026-05-22T20:43:27.806539+00:00] import pyttsx3: ok
[2026-05-22T20:43:27.848460+00:00] import PySide6: ok
[2026-05-22T20:44:18.296077+00:00] startup header
  executable=C:\Users\babi2\AppData\Local\Programs\Python\Python313\python.exe
  version=3.13.0
  cwd=C:\J.A.R.V.I.S\local_jarvis
  env=yes
  mode=tray+voice+wakeword+speak
[2026-05-22T20:44:18.380848+00:00] import pystray: ok
[2026-05-22T20:44:18.383385+00:00] import Pillow: ok
[2026-05-22T20:44:20.062553+00:00] import openwakeword: ok
[2026-05-22T20:44:20.063353+00:00] import onnxruntime: ok
[2026-05-22T20:44:20.262933+00:00] import sounddevice: ok
[2026-05-22T20:44:20.265658+00:00] import pyttsx3: ok
[2026-05-22T20:44:20.307007+00:00] import PySide6: ok
[2026-05-22T20:44:43.272802+00:00] startup header
  executable=C:\Users\babi2\AppData\Local\Programs\Python\Python313\python.exe
  version=3.13.0
  cwd=C:\J.A.R.V.I.S\local_jarvis
  env=yes
  mode=tray+voice+wakeword+speak
[2026-05-22T20:44:43.356242+00:00] import pystray: ok
[2026-05-22T20:44:43.358463+00:00] import Pillow: ok
[2026-05-22T20:44:44.986111+00:00] import openwakeword: ok
[2026-05-22T20:44:44.986956+00:00] import onnxruntime: ok
[2026-05-22T20:44:45.171678+00:00] import sounddevice: ok
[2026-05-22T20:44:45.174427+00:00] import pyttsx3: ok
[2026-05-22T20:44:45.217004+00:00] import PySide6: ok
[2026-05-22T20:45:57.253793+00:00] startup header
  executable=C:\Users\babi2\AppData\Local\Programs\Python\Python313\python.exe
  version=3.13.0
  cwd=C:\J.A.R.V.I.S\local_jarvis
  env=yes
  mode=text(default)+wakeword(env)
[2026-05-22T20:45:57.332791+00:00] import pystray: ok
[2026-05-22T20:45:57.335493+00:00] import Pillow: ok
[2026-05-22T20:45:59.014653+00:00] import openwakeword: ok
[2026-05-22T20:45:59.015475+00:00] import onnxruntime: ok
[2026-05-22T20:45:59.207489+00:00] import sounddevice: ok
[2026-05-22T20:45:59.210496+00:00] import pyttsx3: ok
[2026-05-22T20:45:59.252303+00:00] import PySide6: ok
[2026-05-22T20:46:18.909494+00:00] startup header
  executable=C:\Users\babi2\AppData\Local\Programs\Python\Python313\python.exe
  version=3.13.0
  cwd=C:\J.A.R.V.I.S\local_jarvis
  env=yes
  mode=tray+voice+wakeword+speak
[2026-05-22T20:46:18.911081+00:00] startup
  mode=tray
  wake=True
  voice=True
  speak=True
  python=C:\Users\babi2\AppData\Local\Programs\Python\Python313\python.exe
[2026-05-22T20:46:18.918208+00:00] background quiet mode: tray only (no console HUD)
[2026-05-22T20:46:18.919244+00:00] tray: entering main loop
[2026-05-22T20:46:18.946156+00:00] watchdog started
[2026-05-22T20:46:18.953851+00:00] tray icon run() starting
[2026-05-22T20:46:38.574428+00:00] smoke test begin
[2026-05-22T20:46:38.576565+00:00] smoke test PASS
  .env file=PASS (ok)
  config loaded=PASS (ok)
  pystray import=PASS (ok)
  Pillow import=PASS (ok)
  PySide6 import=PASS (ok)
  openwakeword import=PASS (ok)
  onnxruntime import=PASS (ok)
  sounddevice import=PASS (ok)
  pyttsx3 import=PASS (ok)
  wake word model file=PASS (C:\Users\babi2\AppData\Local\Programs\Python\Python313\Lib\site-packages\openwakeword\resources\models\hey_jarvis_v0.1.onnx)
  microphone query=PASS (17 input device(s))
  overlay config=PASS (OVERLAY_ENABLED=True style=premium_ironman_full theme=jarvis_blue opacity=0.92)
[2026-05-22T20:46:38.580150+00:00] startup header
  executable=C:\Users\babi2\AppData\Local\Programs\Python\Python313\python.exe
  version=3.13.0
  cwd=C:\J.A.R.V.I.S\local_jarvis
  env=yes
  mode=tray+wakeword+speak
[2026-05-22T20:47:11.105683+00:00] startup header
  executable=C:\Users\babi2\AppData\Local\Programs\Python\Python313\python.exe
  version=3.13.0
  cwd=C:\J.A.R.V.I.S\local_jarvis
  env=yes
  mode=tray+voice+wakeword+speak
[2026-05-22T20:47:11.107216+00:00] startup
  mode=tray
  wake=True
  voice=True
  speak=True
  python=C:\Users\babi2\AppData\Local\Programs\Python\Python313\python.exe
[2026-05-22T20:47:11.114243+00:00] background quiet mode: tray only (no console HUD)
[2026-05-22T20:47:11.115176+00:00] tray: entering main loop
[2026-05-22T20:47:11.162955+00:00] watchdog started
[2026-05-22T20:47:11.178105+00:00] tray icon run() starting
[2026-05-22T20:47:36.073862+00:00] startup header
  executable=C:\Users\babi2\AppData\Local\Programs\Python\Python313\python.exe
  version=3.13.0
  cwd=C:\J.A.R.V.I.S\local_jarvis
  env=yes
  mode=tray+voice+wakeword+speak
[2026-05-22T20:47:36.075250+00:00] startup
  mode=tray
  wake=True
  voice=True
  speak=True
  python=C:\Users\babi2\AppData\Local\Programs\Python\Python313\python.exe
[2026-05-22T20:47:36.081537+00:00] background quiet mode: tray only (no console HUD)
[2026-05-22T20:47:36.082288+00:00] tray: entering main loop
[2026-05-22T20:47:36.141880+00:00] watchdog started
[2026-05-22T20:47:36.143951+00:00] tray icon run() starting
[2026-05-22T20:48:50.041470+00:00] startup header
  executable=C:\Users\babi2\AppData\Local\Programs\Python\Python313\python.exe
  version=3.13.0
  cwd=C:\J.A.R.V.I.S\local_jarvis
  env=yes
  mode=text(default)+wakeword(env)
[2026-05-22T20:48:50.042573+00:00] startup
  mode=other
  wake=True
  voice=True
  speak=True
  python=C:\Users\babi2\AppData\Local\Programs\Python\Python313\python.exe
[2026-05-22T20:48:50.052780+00:00] wakeword-only: detector starting
[2026-05-22T20:48:50.055409+00:00] wakeword-only: keepalive loop
[2026-05-22T20:49:29.240024+00:00] startup header
  executable=C:\Users\babi2\AppData\Local\Programs\Python\Python313\python.exe
  version=3.13.0
  cwd=C:\J.A.R.V.I.S\local_jarvis
  env=yes
  mode=tray+wakeword+speak
[2026-05-22T20:49:29.241174+00:00] startup
  mode=tray
  wake=True
  voice=True
  speak=True
  python=C:\Users\babi2\AppData\Local\Programs\Python\Python313\python.exe
[2026-05-22T20:49:29.243260+00:00] background quiet mode: tray only (no console HUD)
[2026-05-22T20:49:29.244169+00:00] tray: entering main loop
[2026-05-22T20:49:29.245301+00:00] tray: main loop ended
[2026-05-22T20:49:29.259382+00:00] watchdog started
[2026-05-22T20:49:29.261207+00:00] tray icon run() starting
[2026-05-22T20:49:29.262575+00:00] tray run() ended
[2026-05-22T20:49:29.271043+00:00] watchdog started
[2026-05-22T20:49:29.272627+00:00] tray icon run() starting
[2026-05-22T20:49:29.273940+00:00] tray run() ended
[2026-05-22T20:49:29.277056+00:00] startup header
  executable=C:\Users\babi2\AppData\Local\Programs\Python\Python313\python.exe
  version=3.13.0
  cwd=C:\J.A.R.V.I.S\local_jarvis
  env=yes
  mode=smoke
[2026-05-22T20:49:29.281085+00:00] startup header
  executable=C:\Users\babi2\AppData\Local\Programs\Python\Python313\python.exe
  version=3.13.0
  cwd=C:\J.A.R.V.I.S\local_jarvis
  env=yes
  mode=tray+wakeword(env)+debug-startup
[2026-05-22T20:49:29.283044+00:00] startup header
  executable=C:\Users\babi2\AppData\Local\Programs\Python\Python313\python.exe
  version=3.13.0
  cwd=C:\J.A.R.V.I.S\local_jarvis
  env=yes
  mode=tray+wakeword(env)+debug-startup
[2026-05-22T20:49:29.284145+00:00] startup
  mode=tray
  wake=True
  voice=True
  speak=False
  python=C:\Users\babi2\AppData\Local\Programs\Python\Python313\python.exe
[2026-05-22T20:49:29.286229+00:00] background quiet mode: tray only (no console HUD)
[2026-05-22T20:49:29.288171+00:00] tray: entering main loop
[2026-05-22T20:49:29.294083+00:00] tray: main loop ended
[2026-05-22T20:58:56.447277+00:00] smoke test begin
[2026-05-22T20:58:56.449533+00:00] smoke test PASS
  .env file=PASS (ok)
  config loaded=PASS (ok)
  pystray import=PASS (ok)
  Pillow import=PASS (ok)
  PySide6 import=PASS (ok)
  openwakeword import=PASS (ok)
  onnxruntime import=PASS (ok)
  sounddevice import=PASS (ok)
  pyttsx3 import=PASS (ok)
  wake word model file=PASS (C:\Users\babi2\AppData\Local\Programs\Python\Python313\Lib\site-packages\openwakeword\resources\models\hey_jarvis_v0.1.onnx)
  microphone query=PASS (17 input device(s))
  overlay config=PASS (OVERLAY_ENABLED=True style=premium_ironman_full theme=jarvis_blue opacity=0.92)
[2026-05-22T20:58:56.453362+00:00] startup header
  executable=C:\Users\babi2\AppData\Local\Programs\Python\Python313\python.exe
  version=3.13.0
  cwd=C:\J.A.R.V.I.S\local_jarvis
  env=yes
  mode=tray+wakeword+speak
[2026-05-22T21:03:25.718014+00:00] startup header
  executable=C:\Users\babi2\AppData\Local\Programs\Python\Python313\python.exe
  version=3.13.0
  cwd=C:\J.A.R.V.I.S\local_jarvis
  env=yes
  mode=tray+wakeword+speak
[2026-05-22T21:03:25.719270+00:00] startup
  mode=tray
  wake=True
  voice=True
  speak=True
  python=C:\Users\babi2\AppData\Local\Programs\Python\Python313\python.exe
[2026-05-22T21:03:25.721203+00:00] background quiet mode: tray only (no console HUD)
[2026-05-22T21:03:25.722077+00:00] tray: entering main loop
[2026-05-22T21:03:25.723236+00:00] tray: main loop ended
[2026-05-22T21:03:25.737552+00:00] watchdog started
[2026-05-22T21:03:25.739545+00:00] tray icon run() starting
[2026-05-22T21:03:25.740760+00:00] tray run() ended
[2026-05-22T21:03:25.747942+00:00] watchdog started
[2026-05-22T21:03:25.749190+00:00] tray icon run() starting
[2026-05-22T21:03:25.750369+00:00] tray run() ended
[2026-05-22T21:03:25.753349+00:00] startup header
  executable=C:\Users\babi2\AppData\Local\Programs\Python\Python313\python.exe
  version=3.13.0
  cwd=C:\J.A.R.V.I.S\local_jarvis
  env=yes
  mode=smoke
[2026-05-22T21:03:25.757009+00:00] startup header
  executable=C:\Users\babi2\AppData\Local\Programs\Python\Python313\python.exe
  version=3.13.0
  cwd=C:\J.A.R.V.I.S\local_jarvis
  env=yes
  mode=tray+wakeword(env)+debug-startup
[2026-05-22T21:03:25.758919+00:00] startup header
  executable=C:\Users\babi2\AppData\Local\Programs\Python\Python313\python.exe
  version=3.13.0
  cwd=C:\J.A.R.V.I.S\local_jarvis
  env=yes
  mode=tray+wakeword(env)+debug-startup
[2026-05-22T21:03:25.759882+00:00] startup
  mode=tray
  wake=True
  voice=True
  speak=False
  python=C:\Users\babi2\AppData\Local\Programs\Python\Python313\python.exe
[2026-05-22T21:03:25.761688+00:00] background quiet mode: tray only (no console HUD)
[2026-05-22T21:03:25.763407+00:00] tray: entering main loop
[2026-05-22T21:03:25.768970+00:00] tray: main loop ended
[2026-05-22T21:05:39.624651+00:00] startup header
  executable=C:\Users\babi2\AppData\Local\Programs\Python\Python313\python.exe
  version=3.13.0
  cwd=C:\J.A.R.V.I.S\local_jarvis
  env=yes
  mode=text+wakeword(env)+debug-startup
[2026-05-22T21:05:39.704517+00:00] import pystray: ok
[2026-05-22T21:05:39.707620+00:00] import Pillow: ok
[2026-05-22T21:05:41.456704+00:00] import openwakeword: ok
[2026-05-22T21:05:41.458586+00:00] import onnxruntime: ok
[2026-05-22T21:05:41.657762+00:00] import sounddevice: ok
[2026-05-22T21:05:41.661275+00:00] import pyttsx3: ok
[2026-05-22T21:05:41.703805+00:00] import PySide6: ok
[2026-05-22T21:05:46.675953+00:00] startup header
  executable=C:\Users\babi2\AppData\Local\Programs\Python\Python313\python.exe
  version=3.13.0
  cwd=C:\J.A.R.V.I.S\local_jarvis
  env=yes
  mode=text+wakeword(env)+debug-startup
[2026-05-22T21:05:46.678273+00:00] startup
  mode=other
  wake=True
  voice=True
  speak=True
  python=C:\Users\babi2\AppData\Local\Programs\Python\Python313\python.exe
[2026-05-22T21:05:46.688247+00:00] wakeword-only: detector starting
[2026-05-22T21:05:46.691750+00:00] wakeword-only: keepalive loop
[2026-05-22T21:12:44.306241+00:00] smoke test begin
[2026-05-22T21:12:44.308802+00:00] smoke test PASS
  .env file=PASS (ok)
  config loaded=PASS (ok)
  pystray import=PASS (ok)
  Pillow import=PASS (ok)
  PySide6 import=PASS (ok)
  openwakeword import=PASS (ok)
  onnxruntime import=PASS (ok)
  sounddevice import=PASS (ok)
  pyttsx3 import=PASS (ok)
  wake word model file=PASS (C:\Users\babi2\AppData\Local\Programs\Python\Python313\Lib\site-packages\openwakeword\resources\models\hey_jarvis_v0.1.onnx)
  microphone query=PASS (17 input device(s))
  overlay config=PASS (OVERLAY_ENABLED=True style=premium_ironman_full theme=jarvis_blue opacity=0.92)
[2026-05-22T21:12:44.312676+00:00] startup header
  executable=C:\Users\babi2\AppData\Local\Programs\Python\Python313\python.exe
  version=3.13.0
  cwd=C:\J.A.R.V.I.S\local_jarvis
  env=yes
  mode=tray+wakeword+speak
[2026-05-22T21:15:36.859795+00:00] startup header
  executable=C:\Users\babi2\AppData\Local\Programs\Python\Python313\python.exe
  version=3.13.0
  cwd=C:\J.A.R.V.I.S\local_jarvis
  env=yes
  mode=tray+wakeword+speak
[2026-05-22T21:15:36.860981+00:00] startup
  mode=tray
  wake=True
  voice=True
  speak=True
  python=C:\Users\babi2\AppData\Local\Programs\Python\Python313\python.exe
[2026-05-22T21:15:36.862860+00:00] background quiet mode: tray only (no console HUD)
[2026-05-22T21:15:36.863667+00:00] tray: entering main loop
[2026-05-22T21:15:36.864810+00:00] tray: main loop ended
[2026-05-22T21:15:36.870607+00:00] watchdog started
[2026-05-22T21:15:36.871980+00:00] tray icon run() starting
[2026-05-22T21:15:36.873101+00:00] tray run() ended
[2026-05-22T21:15:36.878198+00:00] watchdog started
[2026-05-22T21:15:36.879238+00:00] tray icon run() starting
[2026-05-22T21:15:36.880044+00:00] tray run() ended
[2026-05-22T21:15:36.882110+00:00] startup header
  executable=C:\Users\babi2\AppData\Local\Programs\Python\Python313\python.exe
  version=3.13.0
  cwd=C:\J.A.R.V.I.S\local_jarvis
  env=yes
  mode=smoke
[2026-05-22T21:15:36.885418+00:00] startup header
  executable=C:\Users\babi2\AppData\Local\Programs\Python\Python313\python.exe
  version=3.13.0
  cwd=C:\J.A.R.V.I.S\local_jarvis
  env=yes
  mode=tray+wakeword(env)+debug-startup
[2026-05-22T21:15:36.886558+00:00] startup header
  executable=C:\Users\babi2\AppData\Local\Programs\Python\Python313\python.exe
  version=3.13.0
  cwd=C:\J.A.R.V.I.S\local_jarvis
  env=yes
  mode=tray+wakeword(env)+debug-startup
[2026-05-22T21:15:36.887294+00:00] startup
  mode=tray
  wake=True
  voice=True
  speak=False
  python=C:\Users\babi2\AppData\Local\Programs\Python\Python313\python.exe
[2026-05-22T21:15:36.888495+00:00] background quiet mode: tray only (no console HUD)
[2026-05-22T21:15:36.889567+00:00] tray: entering main loop
[2026-05-22T21:15:36.895264+00:00] tray: main loop ended
[2026-05-22T21:19:23.741937+00:00] wakeword-only: stopped
[2026-05-22T21:19:26.674998+00:00] startup header
  executable=C:\Users\babi2\AppData\Local\Programs\Python\Python313\python.exe
  version=3.13.0
  cwd=C:\J.A.R.V.I.S\local_jarvis
  env=yes
  mode=text(default)+wakeword(env)
[2026-05-22T21:19:26.752310+00:00] import pystray: ok
[2026-05-22T21:19:26.754972+00:00] import Pillow: ok
[2026-05-22T21:19:28.547703+00:00] import openwakeword: ok
[2026-05-22T21:19:28.548595+00:00] import onnxruntime: ok
[2026-05-22T21:19:28.734446+00:00] import sounddevice: ok
[2026-05-22T21:19:28.737878+00:00] import pyttsx3: ok
[2026-05-22T21:19:28.780100+00:00] import PySide6: ok
[2026-05-22T21:19:33.118230+00:00] startup header
  executable=C:\Users\babi2\AppData\Local\Programs\Python\Python313\python.exe
  version=3.13.0
  cwd=C:\J.A.R.V.I.S\local_jarvis
  env=yes
  mode=text(default)+wakeword(env)
[2026-05-22T21:19:33.119213+00:00] startup
  mode=other
  wake=True
  voice=True
  speak=True
  python=C:\Users\babi2\AppData\Local\Programs\Python\Python313\python.exe
[2026-05-22T21:19:33.128437+00:00] wakeword-only: detector starting
[2026-05-22T21:19:33.131523+00:00] wakeword-only: keepalive loop
[2026-05-22T21:27:42.816276+00:00] smoke test begin
[2026-05-22T21:27:42.818180+00:00] smoke test PASS
  .env file=PASS (ok)
  config loaded=PASS (ok)
  pystray import=PASS (ok)
  Pillow import=PASS (ok)
  PySide6 import=PASS (ok)
  openwakeword import=PASS (ok)
  onnxruntime import=PASS (ok)
  sounddevice import=PASS (ok)
  pyttsx3 import=PASS (ok)
  wake word model file=PASS (C:\Users\babi2\AppData\Local\Programs\Python\Python313\Lib\site-packages\openwakeword\resources\models\hey_jarvis_v0.1.onnx)
  microphone query=PASS (17 input device(s))
  overlay config=PASS (OVERLAY_ENABLED=True style=premium_ironman_full theme=jarvis_blue opacity=0.92)
[2026-05-22T21:27:42.821127+00:00] startup header
  executable=C:\Users\babi2\AppData\Local\Programs\Python\Python313\python.exe
  version=3.13.0
  cwd=C:\J.A.R.V.I.S\local_jarvis
  env=yes
  mode=tray+wakeword+speak
[2026-05-22T21:30:33.253535+00:00] startup header
  executable=C:\Users\babi2\AppData\Local\Programs\Python\Python313\python.exe
  version=3.13.0
  cwd=C:\J.A.R.V.I.S\local_jarvis
  env=yes
  mode=tray+wakeword+speak
[2026-05-22T21:30:33.254691+00:00] startup
  mode=tray
  wake=True
  voice=True
  speak=True
  python=C:\Users\babi2\AppData\Local\Programs\Python\Python313\python.exe
[2026-05-22T21:30:33.256567+00:00] background quiet mode: tray only (no console HUD)
[2026-05-22T21:30:33.257437+00:00] tray: entering main loop
[2026-05-22T21:30:33.258550+00:00] tray: main loop ended
[2026-05-22T21:30:33.264134+00:00] watchdog started
[2026-05-22T21:30:33.265616+00:00] tray icon run() starting
[2026-05-22T21:30:33.266666+00:00] tray run() ended
[2026-05-22T21:30:33.273571+00:00] watchdog started
[2026-05-22T21:30:33.274840+00:00] tray icon run() starting
[2026-05-22T21:30:33.276363+00:00] tray run() ended
[2026-05-22T21:30:33.278974+00:00] startup header
  executable=C:\Users\babi2\AppData\Local\Programs\Python\Python313\python.exe
  version=3.13.0
  cwd=C:\J.A.R.V.I.S\local_jarvis
  env=yes
  mode=smoke
[2026-05-22T21:30:33.282459+00:00] startup header
  executable=C:\Users\babi2\AppData\Local\Programs\Python\Python313\python.exe
  version=3.13.0
  cwd=C:\J.A.R.V.I.S\local_jarvis
  env=yes
  mode=tray+wakeword(env)+debug-startup
[2026-05-22T21:30:33.285381+00:00] startup header
  executable=C:\Users\babi2\AppData\Local\Programs\Python\Python313\python.exe
  version=3.13.0
  cwd=C:\J.A.R.V.I.S\local_jarvis
  env=yes
  mode=tray+wakeword(env)+debug-startup
[2026-05-22T21:30:33.286388+00:00] startup
  mode=tray
  wake=True
  voice=True
  speak=False
  python=C:\Users\babi2\AppData\Local\Programs\Python\Python313\python.exe
[2026-05-22T21:30:33.288136+00:00] background quiet mode: tray only (no console HUD)
[2026-05-22T21:30:33.289780+00:00] tray: entering main loop
[2026-05-22T21:30:33.295201+00:00] tray: main loop ended
[2026-05-22T21:36:45.385926+00:00] smoke test begin
[2026-05-22T21:36:45.387877+00:00] smoke test PASS
  .env file=PASS (ok)
  config loaded=PASS (ok)
  pystray import=PASS (ok)
  Pillow import=PASS (ok)
  PySide6 import=PASS (ok)
  openwakeword import=PASS (ok)
  onnxruntime import=PASS (ok)
  sounddevice import=PASS (ok)
  pyttsx3 import=PASS (ok)
  wake word model file=PASS (C:\Users\babi2\AppData\Local\Programs\Python\Python313\Lib\site-packages\openwakeword\resources\models\hey_jarvis_v0.1.onnx)
  microphone query=PASS (17 input device(s))
  overlay config=PASS (OVERLAY_ENABLED=True style=premium_ironman_full theme=jarvis_blue opacity=0.92)
[2026-05-22T21:36:45.390917+00:00] startup header
  executable=C:\Users\babi2\AppData\Local\Programs\Python\Python313\python.exe
  version=3.13.0
  cwd=C:\J.A.R.V.I.S\local_jarvis
  env=yes
  mode=tray+wakeword+speak
[2026-05-22T21:36:48.287439+00:00] startup header
  executable=C:\Users\babi2\AppData\Local\Programs\Python\Python313\python.exe
  version=3.13.0
  cwd=C:\J.A.R.V.I.S\local_jarvis
  env=yes
  mode=tray+wakeword+speak
[2026-05-22T21:36:48.288671+00:00] startup
  mode=tray
  wake=True
  voice=True
  speak=True
  python=C:\Users\babi2\AppData\Local\Programs\Python\Python313\python.exe
[2026-05-22T21:36:48.290718+00:00] background quiet mode: tray only (no console HUD)
[2026-05-22T21:36:48.291653+00:00] tray: entering main loop
[2026-05-22T21:36:48.292874+00:00] tray: main loop ended
[2026-05-22T21:36:48.298671+00:00] watchdog started
[2026-05-22T21:36:48.299937+00:00] tray icon run() starting
[2026-05-22T21:36:48.300830+00:00] tray run() ended
[2026-05-22T21:36:48.306678+00:00] watchdog started
[2026-05-22T21:36:48.308176+00:00] tray icon run() starting
[2026-05-22T21:36:48.309374+00:00] tray run() ended
[2026-05-22T21:36:48.312388+00:00] startup header
  executable=C:\Users\babi2\AppData\Local\Programs\Python\Python313\python.exe
  version=3.13.0
  cwd=C:\J.A.R.V.I.S\local_jarvis
  env=yes
  mode=smoke
[2026-05-22T21:36:48.315322+00:00] startup header
  executable=C:\Users\babi2\AppData\Local\Programs\Python\Python313\python.exe
  version=3.13.0
  cwd=C:\J.A.R.V.I.S\local_jarvis
  env=yes
  mode=tray+wakeword(env)+debug-startup
[2026-05-22T21:36:48.317558+00:00] startup header
  executable=C:\Users\babi2\AppData\Local\Programs\Python\Python313\python.exe
  version=3.13.0
  cwd=C:\J.A.R.V.I.S\local_jarvis
  env=yes
  mode=tray+wakeword(env)+debug-startup
[2026-05-22T21:36:48.318544+00:00] startup
  mode=tray
  wake=True
  voice=True
  speak=False
  python=C:\Users\babi2\AppData\Local\Programs\Python\Python313\python.exe
[2026-05-22T21:36:48.320277+00:00] background quiet mode: tray only (no console HUD)
[2026-05-22T21:36:48.321550+00:00] tray: entering main loop
[2026-05-22T21:36:48.408803+00:00] tray: main loop ended
[2026-05-22T21:40:09.028489+00:00] smoke test begin
[2026-05-22T21:40:09.030539+00:00] smoke test PASS
  .env file=PASS (ok)
  config loaded=PASS (ok)
  pystray import=PASS (ok)
  Pillow import=PASS (ok)
  PySide6 import=PASS (ok)
  openwakeword import=PASS (ok)
  onnxruntime import=PASS (ok)
  sounddevice import=PASS (ok)
  pyttsx3 import=PASS (ok)
  wake word model file=PASS (C:\Users\babi2\AppData\Local\Programs\Python\Python313\Lib\site-packages\openwakeword\resources\models\hey_jarvis_v0.1.onnx)
  microphone query=PASS (17 input device(s))
  overlay config=PASS (OVERLAY_ENABLED=True style=premium_ironman_full theme=jarvis_blue opacity=0.92)
[2026-05-22T21:40:09.033819+00:00] startup header
  executable=C:\Users\babi2\AppData\Local\Programs\Python\Python313\python.exe
  version=3.13.0
  cwd=C:\J.A.R.V.I.S\local_jarvis
  env=yes
  mode=tray+wakeword+speak
[2026-05-22T21:40:13.008378+00:00] startup header
  executable=C:\Users\babi2\AppData\Local\Programs\Python\Python313\python.exe
  version=3.13.0
  cwd=C:\J.A.R.V.I.S\local_jarvis
  env=yes
  mode=tray+wakeword+speak
[2026-05-22T21:40:13.009746+00:00] startup
  mode=tray
  wake=True
  voice=True
  speak=True
  python=C:\Users\babi2\AppData\Local\Programs\Python\Python313\python.exe
[2026-05-22T21:40:13.012041+00:00] background quiet mode: tray only (no console HUD)
[2026-05-22T21:40:13.013028+00:00] tray: entering main loop
[2026-05-22T21:40:13.014399+00:00] tray: main loop ended
[2026-05-22T21:40:13.020751+00:00] watchdog started
[2026-05-22T21:40:13.022672+00:00] tray icon run() starting
[2026-05-22T21:40:13.024214+00:00] tray run() ended
[2026-05-22T21:40:13.032470+00:00] watchdog started
[2026-05-22T21:40:13.034147+00:00] tray icon run() starting
[2026-05-22T21:40:13.035659+00:00] tray run() ended
[2026-05-22T21:40:13.039067+00:00] startup header
  executable=C:\Users\babi2\AppData\Local\Programs\Python\Python313\python.exe
  version=3.13.0
  cwd=C:\J.A.R.V.I.S\local_jarvis
  env=yes
  mode=smoke
[2026-05-22T21:40:13.043540+00:00] startup header
  executable=C:\Users\babi2\AppData\Local\Programs\Python\Python313\python.exe
  version=3.13.0
  cwd=C:\J.A.R.V.I.S\local_jarvis
  env=yes
  mode=tray+wakeword(env)+debug-startup
[2026-05-22T21:40:13.047041+00:00] startup header
  executable=C:\Users\babi2\AppData\Local\Programs\Python\Python313\python.exe
  version=3.13.0
  cwd=C:\J.A.R.V.I.S\local_jarvis
  env=yes
  mode=tray+wakeword(env)+debug-startup
[2026-05-22T21:40:13.048173+00:00] startup
  mode=tray
  wake=True
  voice=True
  speak=False
  python=C:\Users\babi2\AppData\Local\Programs\Python\Python313\python.exe
[2026-05-22T21:40:13.050422+00:00] background quiet mode: tray only (no console HUD)
[2026-05-22T21:40:13.052464+00:00] tray: entering main loop
[2026-05-22T21:40:13.059353+00:00] tray: main loop ended
[2026-05-23T08:23:21.198441+00:00] startup header
  executable=C:\Users\babi2\AppData\Local\Programs\Python\Python313\python.exe
  version=3.13.0
  cwd=C:\J.A.R.V.I.S\local_jarvis
  env=yes
  mode=tray+voice+wakeword+speak
[2026-05-23T08:23:21.282254+00:00] import pystray: ok
[2026-05-23T08:23:21.286610+00:00] import Pillow: ok
[2026-05-23T08:23:28.711400+00:00] import openwakeword: ok
[2026-05-23T08:23:28.712455+00:00] import onnxruntime: ok
[2026-05-23T08:23:28.924979+00:00] import sounddevice: ok
[2026-05-23T08:23:28.928786+00:00] import pyttsx3: ok
[2026-05-23T08:23:29.043147+00:00] import PySide6: ok
[2026-05-23T08:23:56.865165+00:00] startup header
  executable=C:\Users\babi2\AppData\Local\Programs\Python\Python313\python.exe
  version=3.13.0
  cwd=C:\J.A.R.V.I.S\local_jarvis
  env=yes
  mode=tray+voice+wakeword+speak
[2026-05-23T08:23:56.866211+00:00] startup
  mode=tray
  wake=True
  voice=True
  speak=True
  python=C:\Users\babi2\AppData\Local\Programs\Python\Python313\python.exe
[2026-05-23T08:23:56.903402+00:00] background quiet mode: tray only (no console HUD)
[2026-05-23T08:23:56.904331+00:00] tray: entering main loop
[2026-05-23T08:23:57.090919+00:00] watchdog started
[2026-05-23T08:23:57.153831+00:00] tray icon run() starting
[2026-05-23T08:25:04.636892+00:00] startup header
  executable=C:\Users\babi2\AppData\Local\Programs\Python\Python313\python.exe
  version=3.13.0
  cwd=C:\J.A.R.V.I.S\local_jarvis
  env=yes
  mode=text(default)+wakeword(env)
[2026-05-23T08:25:04.693092+00:00] import pystray: ok
[2026-05-23T08:25:04.694829+00:00] import Pillow: ok
[2026-05-23T08:25:09.225407+00:00] import openwakeword: ok
[2026-05-23T08:25:09.226009+00:00] import onnxruntime: ok
[2026-05-23T08:25:09.416332+00:00] import sounddevice: ok
[2026-05-23T08:25:09.418559+00:00] import pyttsx3: ok
[2026-05-23T08:25:09.489138+00:00] import PySide6: ok
[2026-05-23T08:28:03.591430+00:00] startup header
  executable=C:\Users\babi2\AppData\Local\Programs\Python\Python313\python.exe
  version=3.13.0
  cwd=C:\J.A.R.V.I.S\local_jarvis
  env=yes
  mode=text(default)+wakeword(env)
[2026-05-23T08:28:03.592521+00:00] startup
  mode=other
  wake=True
  voice=True
  speak=True
  python=C:\Users\babi2\AppData\Local\Programs\Python\Python313\python.exe
[2026-05-23T08:28:03.624817+00:00] wakeword-only: detector starting
[2026-05-23T08:28:03.638915+00:00] wakeword-only: keepalive loop
[2026-05-23T08:31:26.062484+00:00] smoke test begin
[2026-05-23T08:31:26.064056+00:00] smoke test PASS
  .env file=PASS (ok)
  config loaded=PASS (ok)
  pystray import=PASS (ok)
  Pillow import=PASS (ok)
  PySide6 import=PASS (ok)
  openwakeword import=PASS (ok)
  onnxruntime import=PASS (ok)
  sounddevice import=PASS (ok)
  pyttsx3 import=PASS (ok)
  wake word model file=PASS (C:\Users\babi2\AppData\Local\Programs\Python\Python313\Lib\site-packages\openwakeword\resources\models\hey_jarvis_v0.1.onnx)
  microphone query=PASS (17 input device(s))
  overlay config=PASS (OVERLAY_ENABLED=True style=premium_ironman_full theme=jarvis_blue opacity=0.92)
[2026-05-23T08:31:26.066623+00:00] startup header
  executable=C:\Users\babi2\AppData\Local\Programs\Python\Python313\python.exe
  version=3.13.0
  cwd=C:\J.A.R.V.I.S\local_jarvis
  env=yes
  mode=tray+wakeword+speak
[2026-05-23T08:31:27.668031+00:00] startup header
  executable=C:\Users\babi2\AppData\Local\Programs\Python\Python313\python.exe
  version=3.13.0
  cwd=C:\J.A.R.V.I.S\local_jarvis
  env=yes
  mode=tray+wakeword+speak
[2026-05-23T08:31:27.669023+00:00] startup
  mode=tray
  wake=True
  voice=True
  speak=True
  python=C:\Users\babi2\AppData\Local\Programs\Python\Python313\python.exe
[2026-05-23T08:31:27.670384+00:00] background quiet mode: tray only (no console HUD)
[2026-05-23T08:31:27.670958+00:00] tray: entering main loop
[2026-05-23T08:31:27.671766+00:00] tray: main loop ended
[2026-05-23T08:31:27.676091+00:00] watchdog started
[2026-05-23T08:31:27.677364+00:00] tray icon run() starting
[2026-05-23T08:31:27.678188+00:00] tray run() ended
[2026-05-23T08:31:27.682939+00:00] watchdog started
[2026-05-23T08:31:27.683958+00:00] tray icon run() starting
[2026-05-23T08:31:27.684912+00:00] tray run() ended
[2026-05-23T08:31:27.687126+00:00] startup header
  executable=C:\Users\babi2\AppData\Local\Programs\Python\Python313\python.exe
  version=3.13.0
  cwd=C:\J.A.R.V.I.S\local_jarvis
  env=yes
  mode=smoke
[2026-05-23T08:31:27.690139+00:00] startup header
  executable=C:\Users\babi2\AppData\Local\Programs\Python\Python313\python.exe
  version=3.13.0
  cwd=C:\J.A.R.V.I.S\local_jarvis
  env=yes
  mode=tray+wakeword(env)+debug-startup
[2026-05-23T08:31:27.693750+00:00] startup header
  executable=C:\Users\babi2\AppData\Local\Programs\Python\Python313\python.exe
  version=3.13.0
  cwd=C:\J.A.R.V.I.S\local_jarvis
  env=yes
  mode=tray+wakeword(env)+debug-startup
[2026-05-23T08:31:27.694442+00:00] startup
  mode=tray
  wake=True
  voice=True
  speak=False
  python=C:\Users\babi2\AppData\Local\Programs\Python\Python313\python.exe
[2026-05-23T08:31:27.695685+00:00] background quiet mode: tray only (no console HUD)
[2026-05-23T08:31:27.697048+00:00] tray: entering main loop
[2026-05-23T08:31:27.701281+00:00] tray: main loop ended
[2026-05-23T09:08:44.290907+00:00] startup header
  executable=C:\Users\babi2\AppData\Local\Programs\Python\Python313\python.exe
  version=3.13.0
  cwd=C:\J.A.R.V.I.S\local_jarvis
  env=yes
  mode=smoke
[2026-05-23T09:08:44.327280+00:00] smoke test begin
[2026-05-23T09:08:56.358063+00:00] smoke test PASS
  .env file=PASS (ok)
  config loaded=PASS (ok)
  pystray import=PASS (ok)
  Pillow import=PASS (ok)
  PySide6 import=PASS (ok)
  openwakeword import=PASS (ok)
  onnxruntime import=PASS (ok)
  sounddevice import=PASS (ok)
  pyttsx3 import=PASS (ok)
  wake word model file=PASS (C:\Users\babi2\AppData\Local\Programs\Python\Python313\Lib\site-packages\openwakeword\resources\models\hey_jarvis_v0.1.onnx)
  microphone query=PASS (17 input device(s))
  overlay config=PASS (OVERLAY_ENABLED=True style=premium_ironman_full theme=jarvis_blue opacity=0.92)
[2026-05-23T09:08:56.364227+00:00] import pystray: ok
[2026-05-23T09:08:56.369815+00:00] import Pillow: ok
[2026-05-23T09:08:56.370467+00:00] import openwakeword: ok
[2026-05-23T09:08:56.371234+00:00] import onnxruntime: ok
[2026-05-23T09:08:56.371803+00:00] import sounddevice: ok
[2026-05-23T09:08:56.372447+00:00] import pyttsx3: ok
[2026-05-23T09:08:56.378969+00:00] import PySide6: ok
[2026-05-23T09:08:58.657942+00:00] smoke test begin
[2026-05-23T09:08:58.659191+00:00] smoke test PASS
  .env file=PASS (ok)
  config loaded=PASS (ok)
  pystray import=PASS (ok)
  Pillow import=PASS (ok)
  PySide6 import=PASS (ok)
  openwakeword import=PASS (ok)
  onnxruntime import=PASS (ok)
  sounddevice import=PASS (ok)
  pyttsx3 import=PASS (ok)
  wake word model file=PASS (C:\Users\babi2\AppData\Local\Programs\Python\Python313\Lib\site-packages\openwakeword\resources\models\hey_jarvis_v0.1.onnx)
  microphone query=PASS (17 input device(s))
  overlay config=PASS (OVERLAY_ENABLED=True style=premium_ironman_full theme=jarvis_blue opacity=0.92)
[2026-05-23T09:08:58.661152+00:00] startup header
  executable=C:\Users\babi2\AppData\Local\Programs\Python\Python313\python.exe
  version=3.13.0
  cwd=C:\J.A.R.V.I.S\local_jarvis
  env=yes
  mode=tray+wakeword+speak
[2026-05-23T09:09:01.219345+00:00] startup header
  executable=C:\Users\babi2\AppData\Local\Programs\Python\Python313\python.exe
  version=3.13.0
  cwd=C:\J.A.R.V.I.S\local_jarvis
  env=yes
  mode=tray+wakeword+speak
[2026-05-23T09:09:01.220130+00:00] startup
  mode=tray
  wake=True
  voice=True
  speak=True
  python=C:\Users\babi2\AppData\Local\Programs\Python\Python313\python.exe
[2026-05-23T09:09:01.221388+00:00] background quiet mode: tray only (no console HUD)
[2026-05-23T09:09:01.221914+00:00] tray: entering main loop
[2026-05-23T09:09:01.222687+00:00] tray: main loop ended
[2026-05-23T09:09:01.225909+00:00] watchdog started
[2026-05-23T09:09:01.226910+00:00] tray icon run() starting
[2026-05-23T09:09:01.227636+00:00] tray run() ended
[2026-05-23T09:09:01.232260+00:00] watchdog started
[2026-05-23T09:09:01.233142+00:00] tray icon run() starting
[2026-05-23T09:09:01.233883+00:00] tray run() ended
[2026-05-23T09:09:01.235716+00:00] startup header
  executable=C:\Users\babi2\AppData\Local\Programs\Python\Python313\python.exe
  version=3.13.0
  cwd=C:\J.A.R.V.I.S\local_jarvis
  env=yes
  mode=smoke
[2026-05-23T09:09:01.251440+00:00] startup header
  executable=C:\Users\babi2\AppData\Local\Programs\Python\Python313\python.exe
  version=3.13.0
  cwd=C:\J.A.R.V.I.S\local_jarvis
  env=yes
  mode=tray+wakeword(env)+debug-startup
[2026-05-23T09:09:01.254637+00:00] startup header
  executable=C:\Users\babi2\AppData\Local\Programs\Python\Python313\python.exe
  version=3.13.0
  cwd=C:\J.A.R.V.I.S\local_jarvis
  env=yes
  mode=tray+wakeword(env)+debug-startup
[2026-05-23T09:09:01.255338+00:00] startup
  mode=tray
  wake=True
  voice=True
  speak=False
  python=C:\Users\babi2\AppData\Local\Programs\Python\Python313\python.exe
[2026-05-23T09:09:01.256645+00:00] background quiet mode: tray only (no console HUD)
[2026-05-23T09:09:01.257646+00:00] tray: entering main loop
[2026-05-23T09:09:01.312967+00:00] tray: main loop ended
[2026-05-23T09:11:32.051047+00:00] smoke test begin
[2026-05-23T09:11:32.052314+00:00] smoke test PASS
  .env file=PASS (ok)
  config loaded=PASS (ok)
  pystray import=PASS (ok)
  Pillow import=PASS (ok)
  PySide6 import=PASS (ok)
  openwakeword import=PASS (ok)
  onnxruntime import=PASS (ok)
  sounddevice import=PASS (ok)
  pyttsx3 import=PASS (ok)
  wake word model file=PASS (C:\Users\babi2\AppData\Local\Programs\Python\Python313\Lib\site-packages\openwakeword\resources\models\hey_jarvis_v0.1.onnx)
  microphone query=PASS (17 input device(s))
  overlay config=PASS (OVERLAY_ENABLED=True style=premium_ironman_full theme=jarvis_blue opacity=0.92)
[2026-05-23T09:11:32.054297+00:00] startup header
  executable=C:\Users\babi2\AppData\Local\Programs\Python\Python313\python.exe
  version=3.13.0
  cwd=C:\J.A.R.V.I.S\local_jarvis
  env=yes
  mode=tray+wakeword+speak
[2026-05-23T09:11:33.450273+00:00] startup header
  executable=C:\Users\babi2\AppData\Local\Programs\Python\Python313\python.exe
  version=3.13.0
  cwd=C:\J.A.R.V.I.S\local_jarvis
  env=yes
  mode=tray+wakeword+speak
[2026-05-23T09:11:33.451084+00:00] startup
  mode=tray
  wake=True
  voice=True
  speak=True
  python=C:\Users\babi2\AppData\Local\Programs\Python\Python313\python.exe
[2026-05-23T09:11:33.452564+00:00] background quiet mode: tray only (no console HUD)
[2026-05-23T09:11:33.453116+00:00] tray: entering main loop
[2026-05-23T09:11:33.453867+00:00] tray: main loop ended
[2026-05-23T09:11:33.457618+00:00] watchdog started
[2026-05-23T09:11:33.458846+00:00] tray icon run() starting
[2026-05-23T09:11:33.459573+00:00] tray run() ended
[2026-05-23T09:11:33.463952+00:00] watchdog started
[2026-05-23T09:11:33.464960+00:00] tray icon run() starting
[2026-05-23T09:11:33.465684+00:00] tray run() ended
[2026-05-23T09:11:33.467578+00:00] startup header
  executable=C:\Users\babi2\AppData\Local\Programs\Python\Python313\python.exe
  version=3.13.0
  cwd=C:\J.A.R.V.I.S\local_jarvis
  env=yes
  mode=smoke
[2026-05-23T09:11:33.469854+00:00] startup header
  executable=C:\Users\babi2\AppData\Local\Programs\Python\Python313\python.exe
  version=3.13.0
  cwd=C:\J.A.R.V.I.S\local_jarvis
  env=yes
  mode=tray+wakeword(env)+debug-startup
[2026-05-23T09:11:33.472884+00:00] startup header
  executable=C:\Users\babi2\AppData\Local\Programs\Python\Python313\python.exe
  version=3.13.0
  cwd=C:\J.A.R.V.I.S\local_jarvis
  env=yes
  mode=tray+wakeword(env)+debug-startup
[2026-05-23T09:11:33.473563+00:00] startup
  mode=tray
  wake=True
  voice=True
  speak=False
  python=C:\Users\babi2\AppData\Local\Programs\Python\Python313\python.exe
[2026-05-23T09:11:33.474775+00:00] background quiet mode: tray only (no console HUD)
[2026-05-23T09:11:33.475940+00:00] tray: entering main loop
[2026-05-23T09:11:33.479790+00:00] tray: main loop ended
[2026-05-23T09:14:03.403407+00:00] smoke test begin
[2026-05-23T09:14:03.404671+00:00] smoke test PASS
  .env file=PASS (ok)
  config loaded=PASS (ok)
  pystray import=PASS (ok)
  Pillow import=PASS (ok)
  PySide6 import=PASS (ok)
  openwakeword import=PASS (ok)
  onnxruntime import=PASS (ok)
  sounddevice import=PASS (ok)
  pyttsx3 import=PASS (ok)
  wake word model file=PASS (C:\Users\babi2\AppData\Local\Programs\Python\Python313\Lib\site-packages\openwakeword\resources\models\hey_jarvis_v0.1.onnx)
  microphone query=PASS (17 input device(s))
  overlay config=PASS (OVERLAY_ENABLED=True style=premium_ironman_full theme=jarvis_blue opacity=0.92)
[2026-05-23T09:14:03.406692+00:00] startup header
  executable=C:\Users\babi2\AppData\Local\Programs\Python\Python313\python.exe
  version=3.13.0
  cwd=C:\J.A.R.V.I.S\local_jarvis
  env=yes
  mode=tray+wakeword+speak
[2026-05-23T09:16:53.237822+00:00] startup header
  executable=C:\Users\babi2\AppData\Local\Programs\Python\Python313\python.exe
  version=3.13.0
  cwd=C:\J.A.R.V.I.S\local_jarvis
  env=yes
  mode=tray+wakeword+speak
[2026-05-23T09:16:53.238725+00:00] startup
  mode=tray
  wake=True
  voice=True
  speak=True
  python=C:\Users\babi2\AppData\Local\Programs\Python\Python313\python.exe
[2026-05-23T09:16:53.239998+00:00] background quiet mode: tray only (no console HUD)
[2026-05-23T09:16:53.240630+00:00] tray: entering main loop
[2026-05-23T09:16:53.241468+00:00] tray: main loop ended
[2026-05-23T09:16:53.245692+00:00] watchdog started
[2026-05-23T09:16:53.247196+00:00] tray icon run() starting
[2026-05-23T09:16:53.247958+00:00] tray run() ended
[2026-05-23T09:16:53.255657+00:00] watchdog started
[2026-05-23T09:16:53.256948+00:00] tray icon run() starting
[2026-05-23T09:16:53.258135+00:00] tray run() ended
[2026-05-23T09:16:53.261140+00:00] startup header
  executable=C:\Users\babi2\AppData\Local\Programs\Python\Python313\python.exe
  version=3.13.0
  cwd=C:\J.A.R.V.I.S\local_jarvis
  env=yes
  mode=smoke
[2026-05-23T09:16:53.264453+00:00] startup header
  executable=C:\Users\babi2\AppData\Local\Programs\Python\Python313\python.exe
  version=3.13.0
  cwd=C:\J.A.R.V.I.S\local_jarvis
  env=yes
  mode=tray+wakeword(env)+debug-startup
[2026-05-23T09:16:53.269521+00:00] startup header
  executable=C:\Users\babi2\AppData\Local\Programs\Python\Python313\python.exe
  version=3.13.0
  cwd=C:\J.A.R.V.I.S\local_jarvis
  env=yes
  mode=tray+wakeword(env)+debug-startup
[2026-05-23T09:16:53.270343+00:00] startup
  mode=tray
  wake=True
  voice=True
  speak=False
  python=C:\Users\babi2\AppData\Local\Programs\Python\Python313\python.exe
[2026-05-23T09:16:53.272177+00:00] background quiet mode: tray only (no console HUD)
[2026-05-23T09:16:53.273450+00:00] tray: entering main loop
[2026-05-23T09:16:53.277699+00:00] tray: main loop ended
[2026-05-23T09:34:45.150980+00:00] smoke test begin
[2026-05-23T09:34:45.152243+00:00] smoke test PASS
  .env file=PASS (ok)
  config loaded=PASS (ok)
  pystray import=PASS (ok)
  Pillow import=PASS (ok)
  PySide6 import=PASS (ok)
  openwakeword import=PASS (ok)
  onnxruntime import=PASS (ok)
  sounddevice import=PASS (ok)
  pyttsx3 import=PASS (ok)
  wake word model file=PASS (C:\Users\babi2\AppData\Local\Programs\Python\Python313\Lib\site-packages\openwakeword\resources\models\hey_jarvis_v0.1.onnx)
  microphone query=PASS (18 input device(s))
  overlay config=PASS (OVERLAY_ENABLED=True style=premium_ironman_full theme=jarvis_blue opacity=0.92)
[2026-05-23T09:34:45.154208+00:00] startup header
  executable=C:\Users\babi2\AppData\Local\Programs\Python\Python313\python.exe
  version=3.13.0
  cwd=C:\J.A.R.V.I.S\local_jarvis
  env=yes
  mode=tray+wakeword+speak
[2026-05-23T09:37:35.115299+00:00] startup header
  executable=C:\Users\babi2\AppData\Local\Programs\Python\Python313\python.exe
  version=3.13.0
  cwd=C:\J.A.R.V.I.S\local_jarvis
  env=yes
  mode=tray+wakeword+speak
[2026-05-23T09:37:35.116180+00:00] startup
  mode=tray
  wake=True
  voice=True
  speak=True
  python=C:\Users\babi2\AppData\Local\Programs\Python\Python313\python.exe
[2026-05-23T09:37:35.117807+00:00] background quiet mode: tray only (no console HUD)
[2026-05-23T09:37:35.118399+00:00] tray: entering main loop
[2026-05-23T09:37:35.119192+00:00] tray: main loop ended
[2026-05-23T09:37:35.123013+00:00] watchdog started
[2026-05-23T09:37:35.124182+00:00] tray icon run() starting
[2026-05-23T09:37:35.125032+00:00] tray run() ended
[2026-05-23T09:37:35.132186+00:00] watchdog started
[2026-05-23T09:37:35.133163+00:00] tray icon run() starting
[2026-05-23T09:37:35.133907+00:00] tray run() ended
[2026-05-23T09:37:35.136018+00:00] startup header
  executable=C:\Users\babi2\AppData\Local\Programs\Python\Python313\python.exe
  version=3.13.0
  cwd=C:\J.A.R.V.I.S\local_jarvis
  env=yes
  mode=smoke
[2026-05-23T09:37:35.138447+00:00] startup header
  executable=C:\Users\babi2\AppData\Local\Programs\Python\Python313\python.exe
  version=3.13.0
  cwd=C:\J.A.R.V.I.S\local_jarvis
  env=yes
  mode=tray+wakeword(env)+debug-startup
[2026-05-23T09:37:35.257183+00:00] startup header
  executable=C:\Users\babi2\AppData\Local\Programs\Python\Python313\python.exe
  version=3.13.0
  cwd=C:\J.A.R.V.I.S\local_jarvis
  env=yes
  mode=tray+wakeword(env)+debug-startup
[2026-05-23T09:37:35.258013+00:00] startup
  mode=tray
  wake=True
  voice=True
  speak=False
  python=C:\Users\babi2\AppData\Local\Programs\Python\Python313\python.exe
[2026-05-23T09:37:35.259435+00:00] background quiet mode: tray only (no console HUD)
[2026-05-23T09:37:35.260875+00:00] tray: entering main loop
[2026-05-23T09:37:35.262499+00:00] tray: main loop ended
[2026-05-23T09:46:29.696434+00:00] wakeword-only: stopped
[2026-05-23T09:46:33.626775+00:00] startup header
  executable=C:\Users\babi2\AppData\Local\Programs\Python\Python313\python.exe
  version=3.13.0
  cwd=C:\J.A.R.V.I.S\local_jarvis
  env=yes
  mode=text(default)+wakeword(env)
[2026-05-23T09:46:33.667048+00:00] import pystray: ok
[2026-05-23T09:46:33.668805+00:00] import Pillow: ok
[2026-05-23T09:46:34.669237+00:00] import openwakeword: ok
[2026-05-23T09:46:34.669890+00:00] import onnxruntime: ok
[2026-05-23T09:46:34.849029+00:00] import sounddevice: ok
[2026-05-23T09:46:34.851375+00:00] import pyttsx3: ok
[2026-05-23T09:46:34.880128+00:00] import PySide6: ok
[2026-05-23T09:46:40.445793+00:00] startup header
  executable=C:\Users\babi2\AppData\Local\Programs\Python\Python313\python.exe
  version=3.13.0
  cwd=C:\J.A.R.V.I.S\local_jarvis
  env=yes
  mode=text(default)+wakeword(env)
[2026-05-23T09:46:40.446593+00:00] startup
  mode=other
  wake=True
  voice=True
  speak=True
  python=C:\Users\babi2\AppData\Local\Programs\Python\Python313\python.exe
[2026-05-23T09:46:40.453948+00:00] wakeword-only: detector starting
[2026-05-23T09:46:40.455957+00:00] wakeword-only: keepalive loop
[2026-05-23T09:50:43.297894+00:00] smoke test begin
[2026-05-23T09:50:43.299214+00:00] smoke test PASS
  .env file=PASS (ok)
  config loaded=PASS (ok)
  pystray import=PASS (ok)
  Pillow import=PASS (ok)
  PySide6 import=PASS (ok)
  openwakeword import=PASS (ok)
  onnxruntime import=PASS (ok)
  sounddevice import=PASS (ok)
  pyttsx3 import=PASS (ok)
  wake word model file=PASS (C:\Users\babi2\AppData\Local\Programs\Python\Python313\Lib\site-packages\openwakeword\resources\models\hey_jarvis_v0.1.onnx)
  microphone query=PASS (18 input device(s))
  overlay config=PASS (OVERLAY_ENABLED=True style=premium_ironman_full theme=jarvis_blue opacity=0.92)
[2026-05-23T09:50:43.301233+00:00] startup header
  executable=C:\Users\babi2\AppData\Local\Programs\Python\Python313\python.exe
  version=3.13.0
  cwd=C:\J.A.R.V.I.S\local_jarvis
  env=yes
  mode=tray+wakeword+speak
[2026-05-23T09:50:44.793344+00:00] startup header
  executable=C:\Users\babi2\AppData\Local\Programs\Python\Python313\python.exe
  version=3.13.0
  cwd=C:\J.A.R.V.I.S\local_jarvis
  env=yes
  mode=tray+wakeword+speak
[2026-05-23T09:50:44.794447+00:00] startup
  mode=tray
  wake=True
  voice=True
  speak=True
  python=C:\Users\babi2\AppData\Local\Programs\Python\Python313\python.exe
[2026-05-23T09:50:44.795905+00:00] background quiet mode: tray only (no console HUD)
[2026-05-23T09:50:44.796604+00:00] tray: entering main loop
[2026-05-23T09:50:44.797522+00:00] tray: main loop ended
[2026-05-23T09:50:44.800827+00:00] watchdog started
[2026-05-23T09:50:44.802066+00:00] tray icon run() starting
[2026-05-23T09:50:44.802926+00:00] tray run() ended
[2026-05-23T09:50:44.807607+00:00] watchdog started
[2026-05-23T09:50:44.808536+00:00] tray icon run() starting
[2026-05-23T09:50:44.809365+00:00] tray run() ended
[2026-05-23T09:50:44.811526+00:00] startup header
  executable=C:\Users\babi2\AppData\Local\Programs\Python\Python313\python.exe
  version=3.13.0
  cwd=C:\J.A.R.V.I.S\local_jarvis
  env=yes
  mode=smoke
[2026-05-23T09:50:44.813889+00:00] startup header
  executable=C:\Users\babi2\AppData\Local\Programs\Python\Python313\python.exe
  version=3.13.0
  cwd=C:\J.A.R.V.I.S\local_jarvis
  env=yes
  mode=tray+wakeword(env)+debug-startup
[2026-05-23T09:50:44.935029+00:00] startup header
  executable=C:\Users\babi2\AppData\Local\Programs\Python\Python313\python.exe
  version=3.13.0
  cwd=C:\J.A.R.V.I.S\local_jarvis
  env=yes
  mode=tray+wakeword(env)+debug-startup
[2026-05-23T09:50:44.935712+00:00] startup
  mode=tray
  wake=True
  voice=True
  speak=False
  python=C:\Users\babi2\AppData\Local\Programs\Python\Python313\python.exe
[2026-05-23T09:50:44.936846+00:00] background quiet mode: tray only (no console HUD)
[2026-05-23T09:50:44.937937+00:00] tray: entering main loop
[2026-05-23T09:50:44.939311+00:00] tray: main loop ended
[2026-05-23T10:42:00.367625+00:00] wakeword-only: stopped
[2026-05-23T10:42:03.477804+00:00] startup header
  executable=C:\Users\babi2\AppData\Local\Programs\Python\Python313\python.exe
  version=3.13.0
  cwd=C:\J.A.R.V.I.S\local_jarvis
  env=yes
  mode=text(default)+wakeword(env)
[2026-05-23T10:42:03.518978+00:00] import pystray: ok
[2026-05-23T10:42:03.520780+00:00] import Pillow: ok
[2026-05-23T10:42:04.565471+00:00] import openwakeword: ok
[2026-05-23T10:42:04.566120+00:00] import onnxruntime: ok
[2026-05-23T10:42:04.762413+00:00] import sounddevice: ok
[2026-05-23T10:42:04.764824+00:00] import pyttsx3: ok
[2026-05-23T10:42:04.794391+00:00] import PySide6: ok
[2026-05-23T10:42:08.363965+00:00] startup header
  executable=C:\Users\babi2\AppData\Local\Programs\Python\Python313\python.exe
  version=3.13.0
  cwd=C:\J.A.R.V.I.S\local_jarvis
  env=yes
  mode=text(default)+wakeword(env)
[2026-05-23T10:42:08.364787+00:00] startup
  mode=other
  wake=True
  voice=True
  speak=True
  python=C:\Users\babi2\AppData\Local\Programs\Python\Python313\python.exe
[2026-05-23T10:42:08.371874+00:00] wakeword-only: detector starting
[2026-05-23T10:42:08.373894+00:00] wakeword-only: keepalive loop
[2026-05-23T10:57:13.462744+00:00] smoke test begin
[2026-05-23T10:57:13.464137+00:00] smoke test PASS
  .env file=PASS (ok)
  config loaded=PASS (ok)
  pystray import=PASS (ok)
  Pillow import=PASS (ok)
  PySide6 import=PASS (ok)
  openwakeword import=PASS (ok)
  onnxruntime import=PASS (ok)
  sounddevice import=PASS (ok)
  pyttsx3 import=PASS (ok)
  wake word model file=PASS (C:\Users\babi2\AppData\Local\Programs\Python\Python313\Lib\site-packages\openwakeword\resources\models\hey_jarvis_v0.1.onnx)
  microphone query=PASS (18 input device(s))
  overlay config=PASS (OVERLAY_ENABLED=True style=premium_ironman_full theme=jarvis_blue opacity=0.92)
[2026-05-23T10:57:13.466419+00:00] startup header
  executable=C:\Users\babi2\AppData\Local\Programs\Python\Python313\python.exe
  version=3.13.0
  cwd=C:\J.A.R.V.I.S\local_jarvis
  env=yes
  mode=tray+wakeword+speak
[2026-05-23T10:57:17.693710+00:00] startup header
  executable=C:\Users\babi2\AppData\Local\Programs\Python\Python313\python.exe
  version=3.13.0
  cwd=C:\J.A.R.V.I.S\local_jarvis
  env=yes
  mode=tray+wakeword+speak
[2026-05-23T10:57:17.694750+00:00] startup
  mode=tray
  wake=True
  voice=True
  speak=True
  python=C:\Users\babi2\AppData\Local\Programs\Python\Python313\python.exe
[2026-05-23T10:57:17.696661+00:00] background quiet mode: tray only (no console HUD)
[2026-05-23T10:57:17.697320+00:00] tray: entering main loop
[2026-05-23T10:57:17.698663+00:00] tray: main loop ended
[2026-05-23T10:57:17.703747+00:00] watchdog started
[2026-05-23T10:57:17.705251+00:00] tray icon run() starting
[2026-05-23T10:57:17.706754+00:00] tray run() ended
[2026-05-23T10:57:17.713970+00:00] watchdog started
[2026-05-23T10:57:17.715259+00:00] tray icon run() starting
[2026-05-23T10:57:17.716183+00:00] tray run() ended
[2026-05-23T10:57:17.718673+00:00] startup header
  executable=C:\Users\babi2\AppData\Local\Programs\Python\Python313\python.exe
  version=3.13.0
  cwd=C:\J.A.R.V.I.S\local_jarvis
  env=yes
  mode=smoke
[2026-05-23T10:57:17.722100+00:00] startup header
  executable=C:\Users\babi2\AppData\Local\Programs\Python\Python313\python.exe
  version=3.13.0
  cwd=C:\J.A.R.V.I.S\local_jarvis
  env=yes
  mode=tray+wakeword(env)+debug-startup
[2026-05-23T10:57:17.761725+00:00] startup header
  executable=C:\Users\babi2\AppData\Local\Programs\Python\Python313\python.exe
  version=3.13.0
  cwd=C:\J.A.R.V.I.S\local_jarvis
  env=yes
  mode=tray+wakeword(env)+debug-startup
[2026-05-23T10:57:17.762601+00:00] startup
  mode=tray
  wake=True
  voice=True
  speak=False
  python=C:\Users\babi2\AppData\Local\Programs\Python\Python313\python.exe
[2026-05-23T10:57:17.764440+00:00] background quiet mode: tray only (no console HUD)
[2026-05-23T10:57:17.765779+00:00] tray: entering main loop
[2026-05-23T10:57:17.770567+00:00] tray: main loop ended
[2026-05-23T11:03:00.675070+00:00] smoke test begin
[2026-05-23T11:03:00.676495+00:00] smoke test PASS
  .env file=PASS (ok)
  config loaded=PASS (ok)
  pystray import=PASS (ok)
  Pillow import=PASS (ok)
  PySide6 import=PASS (ok)
  openwakeword import=PASS (ok)
  onnxruntime import=PASS (ok)
  sounddevice import=PASS (ok)
  pyttsx3 import=PASS (ok)
  wake word model file=PASS (C:\Users\babi2\AppData\Local\Programs\Python\Python313\Lib\site-packages\openwakeword\resources\models\hey_jarvis_v0.1.onnx)
  microphone query=PASS (18 input device(s))
  overlay config=PASS (OVERLAY_ENABLED=True style=premium_ironman_full theme=jarvis_blue opacity=0.92)
[2026-05-23T11:03:00.678604+00:00] startup header
  executable=C:\Users\babi2\AppData\Local\Programs\Python\Python313\python.exe
  version=3.13.0
  cwd=C:\J.A.R.V.I.S\local_jarvis
  env=yes
  mode=tray+wakeword+speak
[2026-05-23T11:03:05.104138+00:00] startup header
  executable=C:\Users\babi2\AppData\Local\Programs\Python\Python313\python.exe
  version=3.13.0
  cwd=C:\J.A.R.V.I.S\local_jarvis
  env=yes
  mode=tray+wakeword+speak
[2026-05-23T11:03:05.104971+00:00] startup
  mode=tray
  wake=True
  voice=True
  speak=True
  python=C:\Users\babi2\AppData\Local\Programs\Python\Python313\python.exe
[2026-05-23T11:03:05.106365+00:00] background quiet mode: tray only (no console HUD)
[2026-05-23T11:03:05.106952+00:00] tray: entering main loop
[2026-05-23T11:03:05.108012+00:00] tray: main loop ended
[2026-05-23T11:03:05.111951+00:00] watchdog started
[2026-05-23T11:03:05.112976+00:00] tray icon run() starting
[2026-05-23T11:03:05.114021+00:00] tray run() ended
[2026-05-23T11:03:05.119365+00:00] watchdog started
[2026-05-23T11:03:05.120357+00:00] tray icon run() starting
[2026-05-23T11:03:05.121310+00:00] tray run() ended
[2026-05-23T11:03:05.123555+00:00] startup header
  executable=C:\Users\babi2\AppData\Local\Programs\Python\Python313\python.exe
  version=3.13.0
  cwd=C:\J.A.R.V.I.S\local_jarvis
  env=yes
  mode=smoke
[2026-05-23T11:03:05.126286+00:00] startup header
  executable=C:\Users\babi2\AppData\Local\Programs\Python\Python313\python.exe
  version=3.13.0
  cwd=C:\J.A.R.V.I.S\local_jarvis
  env=yes
  mode=tray+wakeword(env)+debug-startup
[2026-05-23T11:03:05.161738+00:00] startup header
  executable=C:\Users\babi2\AppData\Local\Programs\Python\Python313\python.exe
  version=3.13.0
  cwd=C:\J.A.R.V.I.S\local_jarvis
  env=yes
  mode=tray+wakeword(env)+debug-startup
[2026-05-23T11:03:05.162504+00:00] startup
  mode=tray
  wake=True
  voice=True
  speak=False
  python=C:\Users\babi2\AppData\Local\Programs\Python\Python313\python.exe
[2026-05-23T11:03:05.164064+00:00] background quiet mode: tray only (no console HUD)
[2026-05-23T11:03:05.165452+00:00] tray: entering main loop
[2026-05-23T11:03:05.169599+00:00] tray: main loop ended
[2026-05-23T11:14:04.723449+00:00] wakeword-only: stopped
[2026-05-23T11:14:08.752990+00:00] startup header
  executable=C:\Users\babi2\AppData\Local\Programs\Python\Python313\python.exe
  version=3.13.0
  cwd=C:\J.A.R.V.I.S\local_jarvis
  env=yes
  mode=text(default)+wakeword(env)
[2026-05-23T11:14:08.794944+00:00] import pystray: ok
[2026-05-23T11:14:08.796693+00:00] import Pillow: ok
[2026-05-23T11:14:09.800916+00:00] import openwakeword: ok
[2026-05-23T11:14:09.801506+00:00] import onnxruntime: ok
[2026-05-23T11:14:09.981562+00:00] import sounddevice: ok
[2026-05-23T11:14:09.983724+00:00] import pyttsx3: ok
[2026-05-23T11:14:10.012433+00:00] import PySide6: ok
[2026-05-23T11:17:01.978518+00:00] startup header
  executable=C:\Users\babi2\AppData\Local\Programs\Python\Python313\python.exe
  version=3.13.0
  cwd=C:\J.A.R.V.I.S\local_jarvis
  env=yes
  mode=text(default)+wakeword(env)
[2026-05-23T11:17:01.979451+00:00] startup
  mode=other
  wake=True
  voice=True
  speak=True
  python=C:\Users\babi2\AppData\Local\Programs\Python\Python313\python.exe
[2026-05-23T11:17:01.988298+00:00] wakeword-only: detector starting
[2026-05-23T11:17:01.990586+00:00] wakeword-only: keepalive loop
[2026-05-23T11:25:53.042451+00:00] smoke test begin
[2026-05-23T11:25:53.043897+00:00] smoke test PASS
  .env file=PASS (ok)
  config loaded=PASS (ok)
  pystray import=PASS (ok)
  Pillow import=PASS (ok)
  PySide6 import=PASS (ok)
  openwakeword import=PASS (ok)
  onnxruntime import=PASS (ok)
  sounddevice import=PASS (ok)
  pyttsx3 import=PASS (ok)
  wake word model file=PASS (C:\Users\babi2\AppData\Local\Programs\Python\Python313\Lib\site-packages\openwakeword\resources\models\hey_jarvis_v0.1.onnx)
  microphone query=PASS (18 input device(s))
  overlay config=PASS (OVERLAY_ENABLED=True style=premium_ironman_full theme=jarvis_blue opacity=0.92)
[2026-05-23T11:25:53.046182+00:00] startup header
  executable=C:\Users\babi2\AppData\Local\Programs\Python\Python313\python.exe
  version=3.13.0
  cwd=C:\J.A.R.V.I.S\local_jarvis
  env=yes
  mode=tray+wakeword+speak
[2026-05-23T11:28:44.824996+00:00] startup header
  executable=C:\Users\babi2\AppData\Local\Programs\Python\Python313\python.exe
  version=3.13.0
  cwd=C:\J.A.R.V.I.S\local_jarvis
  env=yes
  mode=tray+wakeword+speak
[2026-05-23T11:28:44.825933+00:00] startup
  mode=tray
  wake=True
  voice=True
  speak=True
  python=C:\Users\babi2\AppData\Local\Programs\Python\Python313\python.exe
[2026-05-23T11:28:44.827391+00:00] background quiet mode: tray only (no console HUD)
[2026-05-23T11:28:44.827985+00:00] tray: entering main loop
[2026-05-23T11:28:44.828699+00:00] tray: main loop ended
[2026-05-23T11:28:44.832406+00:00] watchdog started
[2026-05-23T11:28:44.833407+00:00] tray icon run() starting
[2026-05-23T11:28:44.834185+00:00] tray run() ended
[2026-05-23T11:28:44.839096+00:00] watchdog started
[2026-05-23T11:28:44.840139+00:00] tray icon run() starting
[2026-05-23T11:28:44.840876+00:00] tray run() ended
[2026-05-23T11:28:44.842868+00:00] startup header
  executable=C:\Users\babi2\AppData\Local\Programs\Python\Python313\python.exe
  version=3.13.0
  cwd=C:\J.A.R.V.I.S\local_jarvis
  env=yes
  mode=smoke
[2026-05-23T11:28:44.845498+00:00] startup header
  executable=C:\Users\babi2\AppData\Local\Programs\Python\Python313\python.exe
  version=3.13.0
  cwd=C:\J.A.R.V.I.S\local_jarvis
  env=yes
  mode=tray+wakeword(env)+debug-startup
[2026-05-23T11:28:44.930940+00:00] startup header
  executable=C:\Users\babi2\AppData\Local\Programs\Python\Python313\python.exe
  version=3.13.0
  cwd=C:\J.A.R.V.I.S\local_jarvis
  env=yes
  mode=tray+wakeword(env)+debug-startup
[2026-05-23T11:28:44.931823+00:00] startup
  mode=tray
  wake=True
  voice=True
  speak=False
  python=C:\Users\babi2\AppData\Local\Programs\Python\Python313\python.exe
[2026-05-23T11:28:44.933073+00:00] background quiet mode: tray only (no console HUD)
[2026-05-23T11:28:44.934199+00:00] tray: entering main loop
[2026-05-23T11:28:44.937897+00:00] tray: main loop ended
[2026-05-23T11:40:05.369309+00:00] smoke test begin
[2026-05-23T11:40:05.370595+00:00] smoke test PASS
  .env file=PASS (ok)
  config loaded=PASS (ok)
  pystray import=PASS (ok)
  Pillow import=PASS (ok)
  PySide6 import=PASS (ok)
  openwakeword import=PASS (ok)
  onnxruntime import=PASS (ok)
  sounddevice import=PASS (ok)
  pyttsx3 import=PASS (ok)
  wake word model file=PASS (C:\Users\babi2\AppData\Local\Programs\Python\Python313\Lib\site-packages\openwakeword\resources\models\hey_jarvis_v0.1.onnx)
  microphone query=PASS (18 input device(s))
  overlay config=PASS (OVERLAY_ENABLED=True style=premium_ironman_full theme=jarvis_blue opacity=0.92)
[2026-05-23T11:40:05.372907+00:00] startup header
  executable=C:\Users\babi2\AppData\Local\Programs\Python\Python313\python.exe
  version=3.13.0
  cwd=C:\J.A.R.V.I.S\local_jarvis
  env=yes
  mode=tray+wakeword+speak
[2026-05-23T11:40:08.622746+00:00] startup header
  executable=C:\Users\babi2\AppData\Local\Programs\Python\Python313\python.exe
  version=3.13.0
  cwd=C:\J.A.R.V.I.S\local_jarvis
  env=yes
  mode=tray+wakeword+speak
[2026-05-23T11:40:08.623560+00:00] startup
  mode=tray
  wake=True
  voice=True
  speak=True
  python=C:\Users\babi2\AppData\Local\Programs\Python\Python313\python.exe
[2026-05-23T11:40:08.624788+00:00] background quiet mode: tray only (no console HUD)
[2026-05-23T11:40:08.625435+00:00] tray: entering main loop
[2026-05-23T11:40:08.626493+00:00] tray: main loop ended
[2026-05-23T11:40:08.629762+00:00] watchdog started
[2026-05-23T11:40:08.630741+00:00] tray icon run() starting
[2026-05-23T11:40:08.631638+00:00] tray run() ended
[2026-05-23T11:40:08.636750+00:00] watchdog started
[2026-05-23T11:40:08.637716+00:00] tray icon run() starting
[2026-05-23T11:40:08.638453+00:00] tray run() ended
[2026-05-23T11:40:08.640407+00:00] startup header
  executable=C:\Users\babi2\AppData\Local\Programs\Python\Python313\python.exe
  version=3.13.0
  cwd=C:\J.A.R.V.I.S\local_jarvis
  env=yes
  mode=smoke
[2026-05-23T11:40:08.642699+00:00] startup header
  executable=C:\Users\babi2\AppData\Local\Programs\Python\Python313\python.exe
  version=3.13.0
  cwd=C:\J.A.R.V.I.S\local_jarvis
  env=yes
  mode=tray+wakeword(env)+debug-startup
[2026-05-23T11:40:08.730323+00:00] startup header
  executable=C:\Users\babi2\AppData\Local\Programs\Python\Python313\python.exe
  version=3.13.0
  cwd=C:\J.A.R.V.I.S\local_jarvis
  env=yes
  mode=tray+wakeword(env)+debug-startup
[2026-05-23T11:40:08.731306+00:00] startup
  mode=tray
  wake=True
  voice=True
  speak=False
  python=C:\Users\babi2\AppData\Local\Programs\Python\Python313\python.exe
[2026-05-23T11:40:08.732598+00:00] background quiet mode: tray only (no console HUD)
[2026-05-23T11:40:08.734099+00:00] tray: entering main loop
[2026-05-23T11:40:08.737958+00:00] tray: main loop ended
[2026-05-23T11:46:37.144614+00:00] smoke test begin
[2026-05-23T11:46:37.145971+00:00] smoke test PASS
  .env file=PASS (ok)
  config loaded=PASS (ok)
  pystray import=PASS (ok)
  Pillow import=PASS (ok)
  PySide6 import=PASS (ok)
  openwakeword import=PASS (ok)
  onnxruntime import=PASS (ok)
  sounddevice import=PASS (ok)
  pyttsx3 import=PASS (ok)
  wake word model file=PASS (C:\Users\babi2\AppData\Local\Programs\Python\Python313\Lib\site-packages\openwakeword\resources\models\hey_jarvis_v0.1.onnx)
  microphone query=PASS (18 input device(s))
  overlay config=PASS (OVERLAY_ENABLED=True style=premium_ironman_full theme=jarvis_blue opacity=0.92)
[2026-05-23T11:46:37.148015+00:00] startup header
  executable=C:\Users\babi2\AppData\Local\Programs\Python\Python313\python.exe
  version=3.13.0
  cwd=C:\J.A.R.V.I.S\local_jarvis
  env=yes
  mode=tray+wakeword+speak
[2026-05-23T11:49:28.811478+00:00] startup header
  executable=C:\Users\babi2\AppData\Local\Programs\Python\Python313\python.exe
  version=3.13.0
  cwd=C:\J.A.R.V.I.S\local_jarvis
  env=yes
  mode=tray+wakeword+speak
[2026-05-23T11:49:28.812249+00:00] startup
  mode=tray
  wake=True
  voice=True
  speak=True
  python=C:\Users\babi2\AppData\Local\Programs\Python\Python313\python.exe
[2026-05-23T11:49:28.813440+00:00] background quiet mode: tray only (no console HUD)
[2026-05-23T11:49:28.814037+00:00] tray: entering main loop
[2026-05-23T11:49:28.814743+00:00] tray: main loop ended
[2026-05-23T11:49:28.818014+00:00] watchdog started
[2026-05-23T11:49:28.818918+00:00] tray icon run() starting
[2026-05-23T11:49:28.819624+00:00] tray run() ended
[2026-05-23T11:49:28.824146+00:00] watchdog started
[2026-05-23T11:49:28.825075+00:00] tray icon run() starting
[2026-05-23T11:49:28.825792+00:00] tray run() ended
[2026-05-23T11:49:28.827661+00:00] startup header
  executable=C:\Users\babi2\AppData\Local\Programs\Python\Python313\python.exe
  version=3.13.0
  cwd=C:\J.A.R.V.I.S\local_jarvis
  env=yes
  mode=smoke
[2026-05-23T11:49:28.829949+00:00] startup header
  executable=C:\Users\babi2\AppData\Local\Programs\Python\Python313\python.exe
  version=3.13.0
  cwd=C:\J.A.R.V.I.S\local_jarvis
  env=yes
  mode=tray+wakeword(env)+debug-startup
[2026-05-23T11:49:28.912423+00:00] startup header
  executable=C:\Users\babi2\AppData\Local\Programs\Python\Python313\python.exe
  version=3.13.0
  cwd=C:\J.A.R.V.I.S\local_jarvis
  env=yes
  mode=tray+wakeword(env)+debug-startup
[2026-05-23T11:49:28.913132+00:00] startup
  mode=tray
  wake=True
  voice=True
  speak=False
  python=C:\Users\babi2\AppData\Local\Programs\Python\Python313\python.exe
[2026-05-23T11:49:28.914337+00:00] background quiet mode: tray only (no console HUD)
[2026-05-23T11:49:28.915404+00:00] tray: entering main loop
[2026-05-23T11:49:28.918839+00:00] tray: main loop ended
[2026-05-23T11:59:50.069565+00:00] smoke test begin
[2026-05-23T11:59:51.403447+00:00] smoke test PASS
  .env file=PASS (ok)
  config loaded=PASS (ok)
  pystray import=PASS (ok)
  Pillow import=PASS (ok)
  PySide6 import=PASS (ok)
  openwakeword import=PASS (ok)
  onnxruntime import=PASS (ok)
  sounddevice import=PASS (ok)
  pyttsx3 import=PASS (ok)
  wake word model file=PASS (C:\Users\babi2\AppData\Local\Programs\Python\Python313\Lib\site-packages\openwakeword\resources\models\hey_jarvis_v0.1.onnx)
  microphone query=PASS (18 input device(s))
  overlay config=PASS (OVERLAY_ENABLED=True style=premium_ironman_full theme=jarvis_blue opacity=0.92)
[2026-05-23T11:59:51.584916+00:00] startup header
  executable=C:\Users\babi2\AppData\Local\Programs\Python\Python313\python.exe
  version=3.13.0
  cwd=C:\J.A.R.V.I.S\local_jarvis
  env=yes
  mode=tray+wakeword+speak
[2026-05-23T12:02:43.356779+00:00] startup header
  executable=C:\Users\babi2\AppData\Local\Programs\Python\Python313\python.exe
  version=3.13.0
  cwd=C:\J.A.R.V.I.S\local_jarvis
  env=yes
  mode=tray+wakeword+speak
[2026-05-23T12:02:43.357508+00:00] startup
  mode=tray
  wake=True
  voice=True
  speak=True
  python=C:\Users\babi2\AppData\Local\Programs\Python\Python313\python.exe
[2026-05-23T12:02:43.358723+00:00] background quiet mode: tray only (no console HUD)
[2026-05-23T12:02:43.359321+00:00] tray: entering main loop
[2026-05-23T12:02:43.360259+00:00] tray: main loop ended
[2026-05-23T12:02:43.365629+00:00] watchdog started
[2026-05-23T12:02:43.366562+00:00] tray icon run() starting
[2026-05-23T12:02:43.370950+00:00] tray run() ended
[2026-05-23T12:02:43.381724+00:00] watchdog started
[2026-05-23T12:02:43.382700+00:00] tray icon run() starting
[2026-05-23T12:02:43.384138+00:00] tray run() ended
[2026-05-23T12:02:43.386033+00:00] startup header
  executable=C:\Users\babi2\AppData\Local\Programs\Python\Python313\python.exe
  version=3.13.0
  cwd=C:\J.A.R.V.I.S\local_jarvis
  env=yes
  mode=smoke
[2026-05-23T12:02:43.388299+00:00] startup header
  executable=C:\Users\babi2\AppData\Local\Programs\Python\Python313\python.exe
  version=3.13.0
  cwd=C:\J.A.R.V.I.S\local_jarvis
  env=yes
  mode=tray+wakeword(env)+debug-startup
[2026-05-23T12:02:43.475414+00:00] startup header
  executable=C:\Users\babi2\AppData\Local\Programs\Python\Python313\python.exe
  version=3.13.0
  cwd=C:\J.A.R.V.I.S\local_jarvis
  env=yes
  mode=tray+wakeword(env)+debug-startup
[2026-05-23T12:02:43.476175+00:00] startup
  mode=tray
  wake=True
  voice=True
  speak=False
  python=C:\Users\babi2\AppData\Local\Programs\Python\Python313\python.exe
[2026-05-23T12:02:43.477498+00:00] background quiet mode: tray only (no console HUD)
[2026-05-23T12:02:43.478637+00:00] tray: entering main loop
[2026-05-23T12:02:43.479977+00:00] tray: main loop ended
[2026-05-23T12:13:15.194691+00:00] wakeword-only: stopped
[2026-05-23T12:13:37.773247+00:00] startup header
  executable=C:\Users\babi2\AppData\Local\Programs\Python\Python313\python.exe
  version=3.13.0
  cwd=C:\J.A.R.V.I.S\local_jarvis
  env=yes
  mode=text(default)+wakeword(env)
[2026-05-23T12:13:37.820616+00:00] import pystray: ok
[2026-05-23T12:13:37.822639+00:00] import Pillow: ok
[2026-05-23T12:13:39.016020+00:00] import openwakeword: ok
[2026-05-23T12:13:39.016798+00:00] import onnxruntime: ok
[2026-05-23T12:13:39.207811+00:00] import sounddevice: ok
[2026-05-23T12:13:39.210165+00:00] import pyttsx3: ok
[2026-05-23T12:13:39.240315+00:00] import PySide6: ok
[2026-05-23T12:13:42.872738+00:00] startup header
  executable=C:\Users\babi2\AppData\Local\Programs\Python\Python313\python.exe
  version=3.13.0
  cwd=C:\J.A.R.V.I.S\local_jarvis
  env=yes
  mode=text(default)+wakeword(env)
[2026-05-23T12:13:42.873617+00:00] startup
  mode=other
  wake=True
  voice=True
  speak=True
  python=C:\Users\babi2\AppData\Local\Programs\Python\Python313\python.exe
[2026-05-23T12:13:42.882044+00:00] wakeword-only: detector starting
[2026-05-23T12:13:42.884578+00:00] wakeword-only: keepalive loop
[2026-05-23T12:21:50.140621+00:00] startup header
  executable=C:\Users\babi2\AppData\Local\Programs\Python\Python313\python.exe
  version=3.13.0
  cwd=C:\J.A.R.V.I.S\local_jarvis
  env=yes
  mode=tray+voice+wakeword+speak
[2026-05-23T12:21:50.213644+00:00] import pystray: ok
[2026-05-23T12:21:50.217990+00:00] import Pillow: ok
[2026-05-23T12:22:01.838423+00:00] import openwakeword: ok
[2026-05-23T12:22:01.839464+00:00] import onnxruntime: ok
[2026-05-23T12:22:02.043981+00:00] import sounddevice: ok
[2026-05-23T12:22:02.048057+00:00] import pyttsx3: ok
[2026-05-23T12:22:02.181614+00:00] import PySide6: ok
[2026-05-23T12:22:30.217367+00:00] startup header
  executable=C:\Users\babi2\AppData\Local\Programs\Python\Python313\python.exe
  version=3.13.0
  cwd=C:\J.A.R.V.I.S\local_jarvis
  env=yes
  mode=tray+voice+wakeword+speak
[2026-05-23T12:22:30.218431+00:00] startup
  mode=tray
  wake=True
  voice=True
  speak=True
  python=C:\Users\babi2\AppData\Local\Programs\Python\Python313\python.exe
[2026-05-23T12:22:30.299321+00:00] background quiet mode: tray only (no console HUD)
[2026-05-23T12:22:30.300458+00:00] tray: entering main loop
[2026-05-23T12:22:30.540339+00:00] watchdog started
[2026-05-23T12:22:30.652974+00:00] tray icon run() starting
[2026-05-23T12:39:47.508865+00:00] smoke test begin
[2026-05-23T12:39:47.510203+00:00] smoke test PASS
  .env file=PASS (ok)
  config loaded=PASS (ok)
  pystray import=PASS (ok)
  Pillow import=PASS (ok)
  PySide6 import=PASS (ok)
  openwakeword import=PASS (ok)
  onnxruntime import=PASS (ok)
  sounddevice import=PASS (ok)
  pyttsx3 import=PASS (ok)
  wake word model file=PASS (C:\Users\babi2\AppData\Local\Programs\Python\Python313\Lib\site-packages\openwakeword\resources\models\hey_jarvis_v0.1.onnx)
  microphone query=PASS (18 input device(s))
  overlay config=PASS (OVERLAY_ENABLED=True style=premium_ironman_full theme=jarvis_blue opacity=0.92)
[2026-05-23T12:39:47.512371+00:00] startup header
  executable=C:\Users\babi2\AppData\Local\Programs\Python\Python313\python.exe
  version=3.13.0
  cwd=C:\J.A.R.V.I.S\local_jarvis
  env=yes
  mode=tray+wakeword+speak
[2026-05-23T12:39:51.802750+00:00] startup header
  executable=C:\Users\babi2\AppData\Local\Programs\Python\Python313\python.exe
  version=3.13.0
  cwd=C:\J.A.R.V.I.S\local_jarvis
  env=yes
  mode=tray+wakeword+speak
[2026-05-23T12:39:51.803532+00:00] startup
  mode=tray
  wake=True
  voice=True
  speak=True
  python=C:\Users\babi2\AppData\Local\Programs\Python\Python313\python.exe
[2026-05-23T12:39:51.804744+00:00] background quiet mode: tray only (no console HUD)
[2026-05-23T12:39:51.805238+00:00] tray: entering main loop
[2026-05-23T12:39:51.806157+00:00] tray: main loop ended
[2026-05-23T12:39:51.809258+00:00] watchdog started
[2026-05-23T12:39:51.810207+00:00] tray icon run() starting
[2026-05-23T12:39:51.811201+00:00] tray run() ended
[2026-05-23T12:39:51.815918+00:00] watchdog started
[2026-05-23T12:39:51.816754+00:00] tray icon run() starting
[2026-05-23T12:39:51.817433+00:00] tray run() ended
[2026-05-23T12:39:51.819394+00:00] startup header
  executable=C:\Users\babi2\AppData\Local\Programs\Python\Python313\python.exe
  version=3.13.0
  cwd=C:\J.A.R.V.I.S\local_jarvis
  env=yes
  mode=smoke
[2026-05-23T12:39:51.821595+00:00] startup header
  executable=C:\Users\babi2\AppData\Local\Programs\Python\Python313\python.exe
  version=3.13.0
  cwd=C:\J.A.R.V.I.S\local_jarvis
  env=yes
  mode=tray+wakeword(env)+debug-startup
[2026-05-23T12:39:51.949670+00:00] startup header
  executable=C:\Users\babi2\AppData\Local\Programs\Python\Python313\python.exe
  version=3.13.0
  cwd=C:\J.A.R.V.I.S\local_jarvis
  env=yes
  mode=tray+wakeword(env)+debug-startup
[2026-05-23T12:39:51.950378+00:00] startup
  mode=tray
  wake=True
  voice=True
  speak=False
  python=C:\Users\babi2\AppData\Local\Programs\Python\Python313\python.exe
[2026-05-23T12:39:51.951618+00:00] background quiet mode: tray only (no console HUD)
[2026-05-23T12:39:51.952742+00:00] tray: entering main loop
[2026-05-23T12:39:52.030449+00:00] tray: main loop ended
[2026-05-23T12:42:59.962554+00:00] smoke test begin
[2026-05-23T12:42:59.963872+00:00] smoke test PASS
  .env file=PASS (ok)
  config loaded=PASS (ok)
  pystray import=PASS (ok)
  Pillow import=PASS (ok)
  PySide6 import=PASS (ok)
  openwakeword import=PASS (ok)
  onnxruntime import=PASS (ok)
  sounddevice import=PASS (ok)
  pyttsx3 import=PASS (ok)
  wake word model file=PASS (C:\Users\babi2\AppData\Local\Programs\Python\Python313\Lib\site-packages\openwakeword\resources\models\hey_jarvis_v0.1.onnx)
  microphone query=PASS (18 input device(s))
  overlay config=PASS (OVERLAY_ENABLED=True style=premium_ironman_full theme=jarvis_blue opacity=0.92)
[2026-05-23T12:42:59.966039+00:00] startup header
  executable=C:\Users\babi2\AppData\Local\Programs\Python\Python313\python.exe
  version=3.13.0
  cwd=C:\J.A.R.V.I.S\local_jarvis
  env=yes
  mode=tray+wakeword+speak
[2026-05-23T12:43:03.172026+00:00] startup header
  executable=C:\Users\babi2\AppData\Local\Programs\Python\Python313\python.exe
  version=3.13.0
  cwd=C:\J.A.R.V.I.S\local_jarvis
  env=yes
  mode=tray+wakeword+speak
[2026-05-23T12:43:03.172794+00:00] startup
  mode=tray
  wake=True
  voice=True
  speak=True
  python=C:\Users\babi2\AppData\Local\Programs\Python\Python313\python.exe
[2026-05-23T12:43:03.173948+00:00] background quiet mode: tray only (no console HUD)
[2026-05-23T12:43:03.174444+00:00] tray: entering main loop
[2026-05-23T12:43:03.175399+00:00] tray: main loop ended
[2026-05-23T12:43:03.178475+00:00] watchdog started
[2026-05-23T12:43:03.179456+00:00] tray icon run() starting
[2026-05-23T12:43:03.180425+00:00] tray run() ended
[2026-05-23T12:43:03.185063+00:00] watchdog started
[2026-05-23T12:43:03.185934+00:00] tray icon run() starting
[2026-05-23T12:43:03.186767+00:00] tray run() ended
[2026-05-23T12:43:03.188687+00:00] startup header
  executable=C:\Users\babi2\AppData\Local\Programs\Python\Python313\python.exe
  version=3.13.0
  cwd=C:\J.A.R.V.I.S\local_jarvis
  env=yes
  mode=smoke
[2026-05-23T12:43:03.190949+00:00] startup header
  executable=C:\Users\babi2\AppData\Local\Programs\Python\Python313\python.exe
  version=3.13.0
  cwd=C:\J.A.R.V.I.S\local_jarvis
  env=yes
  mode=tray+wakeword(env)+debug-startup
[2026-05-23T12:43:03.309723+00:00] startup header
  executable=C:\Users\babi2\AppData\Local\Programs\Python\Python313\python.exe
  version=3.13.0
  cwd=C:\J.A.R.V.I.S\local_jarvis
  env=yes
  mode=tray+wakeword(env)+debug-startup
[2026-05-23T12:43:03.310538+00:00] startup
  mode=tray
  wake=True
  voice=True
  speak=False
  python=C:\Users\babi2\AppData\Local\Programs\Python\Python313\python.exe
[2026-05-23T12:43:03.311755+00:00] background quiet mode: tray only (no console HUD)
[2026-05-23T12:43:03.312983+00:00] tray: entering main loop
[2026-05-23T12:43:03.316559+00:00] tray: main loop ended
[2026-05-23T13:08:45.344847+00:00] smoke test begin
[2026-05-23T13:08:45.346928+00:00] smoke test PASS
  .env file=PASS (ok)
  config loaded=PASS (ok)
  pystray import=PASS (ok)
  Pillow import=PASS (ok)
  PySide6 import=PASS (ok)
  openwakeword import=PASS (ok)
  onnxruntime import=PASS (ok)
  sounddevice import=PASS (ok)
  pyttsx3 import=PASS (ok)
  wake word model file=PASS (C:\Users\babi2\AppData\Local\Programs\Python\Python313\Lib\site-packages\openwakeword\resources\models\hey_jarvis_v0.1.onnx)
  microphone query=PASS (18 input device(s))
  overlay config=PASS (OVERLAY_ENABLED=True style=premium_ironman_full theme=jarvis_blue opacity=0.92)
[2026-05-23T13:08:45.349571+00:00] startup header
  executable=C:\Users\babi2\AppData\Local\Programs\Python\Python313\python.exe
  version=3.13.0
  cwd=C:\J.A.R.V.I.S\local_jarvis
  env=yes
  mode=tray+wakeword+speak
[2026-05-23T13:08:49.369015+00:00] startup header
  executable=C:\Users\babi2\AppData\Local\Programs\Python\Python313\python.exe
  version=3.13.0
  cwd=C:\J.A.R.V.I.S\local_jarvis
  env=yes
  mode=tray+wakeword+speak
[2026-05-23T13:08:49.369921+00:00] startup
  mode=tray
  wake=True
  voice=True
  speak=True
  python=C:\Users\babi2\AppData\Local\Programs\Python\Python313\python.exe
[2026-05-23T13:08:49.371874+00:00] background quiet mode: tray only (no console HUD)
[2026-05-23T13:08:49.372659+00:00] tray: entering main loop
[2026-05-23T13:08:49.374058+00:00] tray: main loop ended
[2026-05-23T13:08:49.377844+00:00] watchdog started
[2026-05-23T13:08:49.379042+00:00] tray icon run() starting
[2026-05-23T13:08:49.380687+00:00] tray run() ended
[2026-05-23T13:08:49.386832+00:00] watchdog started
[2026-05-23T13:08:49.388468+00:00] tray icon run() starting
[2026-05-23T13:08:49.389568+00:00] tray run() ended
[2026-05-23T13:08:49.392317+00:00] startup header
  executable=C:\Users\babi2\AppData\Local\Programs\Python\Python313\python.exe
  version=3.13.0
  cwd=C:\J.A.R.V.I.S\local_jarvis
  env=yes
  mode=smoke
[2026-05-23T13:08:49.395692+00:00] startup header
  executable=C:\Users\babi2\AppData\Local\Programs\Python\Python313\python.exe
  version=3.13.0
  cwd=C:\J.A.R.V.I.S\local_jarvis
  env=yes
  mode=tray+wakeword(env)+debug-startup
[2026-05-23T13:08:49.510542+00:00] startup header
  executable=C:\Users\babi2\AppData\Local\Programs\Python\Python313\python.exe
  version=3.13.0
  cwd=C:\J.A.R.V.I.S\local_jarvis
  env=yes
  mode=tray+wakeword(env)+debug-startup
[2026-05-23T13:08:49.511398+00:00] startup
  mode=tray
  wake=True
  voice=True
  speak=False
  python=C:\Users\babi2\AppData\Local\Programs\Python\Python313\python.exe
[2026-05-23T13:08:49.512834+00:00] background quiet mode: tray only (no console HUD)
[2026-05-23T13:08:49.514597+00:00] tray: entering main loop
[2026-05-23T13:08:49.520033+00:00] tray: main loop ended
[2026-05-23T13:20:16.129223+00:00] smoke test begin
[2026-05-23T13:20:16.130908+00:00] smoke test PASS
  .env file=PASS (ok)
  config loaded=PASS (ok)
  pystray import=PASS (ok)
  Pillow import=PASS (ok)
  PySide6 import=PASS (ok)
  openwakeword import=PASS (ok)
  onnxruntime import=PASS (ok)
  sounddevice import=PASS (ok)
  pyttsx3 import=PASS (ok)
  wake word model file=PASS (C:\Users\babi2\AppData\Local\Programs\Python\Python313\Lib\site-packages\openwakeword\resources\models\hey_jarvis_v0.1.onnx)
  microphone query=PASS (18 input device(s))
  overlay config=PASS (OVERLAY_ENABLED=True style=premium_ironman_full theme=jarvis_blue opacity=0.92)
[2026-05-23T13:20:16.133384+00:00] startup header
  executable=C:\Users\babi2\AppData\Local\Programs\Python\Python313\python.exe
  version=3.13.0
  cwd=C:\J.A.R.V.I.S\local_jarvis
  env=yes
  mode=tray+wakeword+speak
[2026-05-23T13:20:20.055724+00:00] startup header
  executable=C:\Users\babi2\AppData\Local\Programs\Python\Python313\python.exe
  version=3.13.0
  cwd=C:\J.A.R.V.I.S\local_jarvis
  env=yes
  mode=tray+wakeword+speak
[2026-05-23T13:20:20.056527+00:00] startup
  mode=tray
  wake=True
  voice=True
  speak=True
  python=C:\Users\babi2\AppData\Local\Programs\Python\Python313\python.exe
[2026-05-23T13:20:20.057849+00:00] background quiet mode: tray only (no console HUD)
[2026-05-23T13:20:20.058405+00:00] tray: entering main loop
[2026-05-23T13:20:20.059463+00:00] tray: main loop ended
[2026-05-23T13:20:20.062710+00:00] watchdog started
[2026-05-23T13:20:20.063841+00:00] tray icon run() starting
[2026-05-23T13:20:20.065120+00:00] tray run() ended
[2026-05-23T13:20:20.070687+00:00] watchdog started
[2026-05-23T13:20:20.071704+00:00] tray icon run() starting
[2026-05-23T13:20:20.072520+00:00] tray run() ended
[2026-05-23T13:20:20.074600+00:00] startup header
  executable=C:\Users\babi2\AppData\Local\Programs\Python\Python313\python.exe
  version=3.13.0
  cwd=C:\J.A.R.V.I.S\local_jarvis
  env=yes
  mode=smoke
[2026-05-23T13:20:20.077161+00:00] startup header
  executable=C:\Users\babi2\AppData\Local\Programs\Python\Python313\python.exe
  version=3.13.0
  cwd=C:\J.A.R.V.I.S\local_jarvis
  env=yes
  mode=tray+wakeword(env)+debug-startup
[2026-05-23T13:20:20.178280+00:00] startup header
  executable=C:\Users\babi2\AppData\Local\Programs\Python\Python313\python.exe
  version=3.13.0
  cwd=C:\J.A.R.V.I.S\local_jarvis
  env=yes
  mode=tray+wakeword(env)+debug-startup
[2026-05-23T13:20:20.179360+00:00] startup
  mode=tray
  wake=True
  voice=True
  speak=False
  python=C:\Users\babi2\AppData\Local\Programs\Python\Python313\python.exe
[2026-05-23T13:20:20.180814+00:00] background quiet mode: tray only (no console HUD)
[2026-05-23T13:20:20.182054+00:00] tray: entering main loop
[2026-05-23T13:20:20.186800+00:00] tray: main loop ended
[2026-05-23T13:28:33.355457+00:00] smoke test begin
[2026-05-23T13:28:33.357739+00:00] smoke test PASS
  .env file=PASS (ok)
  config loaded=PASS (ok)
  pystray import=PASS (ok)
  Pillow import=PASS (ok)
  PySide6 import=PASS (ok)
  openwakeword import=PASS (ok)
  onnxruntime import=PASS (ok)
  sounddevice import=PASS (ok)
  pyttsx3 import=PASS (ok)
  wake word model file=PASS (C:\Users\babi2\AppData\Local\Programs\Python\Python313\Lib\site-packages\openwakeword\resources\models\hey_jarvis_v0.1.onnx)
  microphone query=PASS (18 input device(s))
  overlay config=PASS (OVERLAY_ENABLED=True style=premium_ironman_full theme=jarvis_blue opacity=0.92)
[2026-05-23T13:28:33.360882+00:00] startup header
  executable=C:\Users\babi2\AppData\Local\Programs\Python\Python313\python.exe
  version=3.13.0
  cwd=C:\J.A.R.V.I.S\local_jarvis
  env=yes
  mode=tray+wakeword+speak
[2026-05-23T13:28:37.943822+00:00] startup header
  executable=C:\Users\babi2\AppData\Local\Programs\Python\Python313\python.exe
  version=3.13.0
  cwd=C:\J.A.R.V.I.S\local_jarvis
  env=yes
  mode=tray+wakeword+speak
[2026-05-23T13:28:37.945160+00:00] startup
  mode=tray
  wake=True
  voice=True
  speak=True
  python=C:\Users\babi2\AppData\Local\Programs\Python\Python313\python.exe
[2026-05-23T13:28:37.948034+00:00] background quiet mode: tray only (no console HUD)
[2026-05-23T13:28:37.948921+00:00] tray: entering main loop
[2026-05-23T13:28:37.950286+00:00] tray: main loop ended
[2026-05-23T13:28:37.976183+00:00] watchdog started
[2026-05-23T13:28:37.978009+00:00] tray icon run() starting
[2026-05-23T13:28:37.979457+00:00] tray run() ended
[2026-05-23T13:28:37.987236+00:00] watchdog started
[2026-05-23T13:28:37.989039+00:00] tray icon run() starting
[2026-05-23T13:28:37.990265+00:00] tray run() ended
[2026-05-23T13:28:37.994453+00:00] startup header
  executable=C:\Users\babi2\AppData\Local\Programs\Python\Python313\python.exe
  version=3.13.0
  cwd=C:\J.A.R.V.I.S\local_jarvis
  env=yes
  mode=smoke
[2026-05-23T13:28:37.997889+00:00] startup header
  executable=C:\Users\babi2\AppData\Local\Programs\Python\Python313\python.exe
  version=3.13.0
  cwd=C:\J.A.R.V.I.S\local_jarvis
  env=yes
  mode=tray+wakeword(env)+debug-startup
[2026-05-23T13:28:38.120708+00:00] startup header
  executable=C:\Users\babi2\AppData\Local\Programs\Python\Python313\python.exe
  version=3.13.0
  cwd=C:\J.A.R.V.I.S\local_jarvis
  env=yes
  mode=tray+wakeword(env)+debug-startup
[2026-05-23T13:28:38.122512+00:00] startup
  mode=tray
  wake=True
  voice=True
  speak=False
  python=C:\Users\babi2\AppData\Local\Programs\Python\Python313\python.exe
[2026-05-23T13:28:38.124411+00:00] background quiet mode: tray only (no console HUD)
[2026-05-23T13:28:38.126569+00:00] tray: entering main loop
[2026-05-23T13:28:38.136850+00:00] tray: main loop ended
[2026-05-23T13:39:47.493183+00:00] smoke test begin
[2026-05-23T13:39:47.495640+00:00] smoke test PASS
  .env file=PASS (ok)
  config loaded=PASS (ok)
  pystray import=PASS (ok)
  Pillow import=PASS (ok)
  PySide6 import=PASS (ok)
  openwakeword import=PASS (ok)
  onnxruntime import=PASS (ok)
  sounddevice import=PASS (ok)
  pyttsx3 import=PASS (ok)
  wake word model file=PASS (C:\Users\babi2\AppData\Local\Programs\Python\Python313\Lib\site-packages\openwakeword\resources\models\hey_jarvis_v0.1.onnx)
  microphone query=PASS (18 input device(s))
  overlay config=PASS (OVERLAY_ENABLED=True style=premium_ironman_full theme=jarvis_blue opacity=0.92)
[2026-05-23T13:39:47.498817+00:00] startup header
  executable=C:\Users\babi2\AppData\Local\Programs\Python\Python313\python.exe
  version=3.13.0
  cwd=C:\J.A.R.V.I.S\local_jarvis
  env=yes
  mode=tray+wakeword+speak
[2026-05-23T13:39:51.672038+00:00] startup header
  executable=C:\Users\babi2\AppData\Local\Programs\Python\Python313\python.exe
  version=3.13.0
  cwd=C:\J.A.R.V.I.S\local_jarvis
  env=yes
  mode=tray+wakeword+speak
[2026-05-23T13:39:51.673330+00:00] startup
  mode=tray
  wake=True
  voice=True
  speak=True
  python=C:\Users\babi2\AppData\Local\Programs\Python\Python313\python.exe
[2026-05-23T13:39:51.675200+00:00] background quiet mode: tray only (no console HUD)
[2026-05-23T13:39:51.676027+00:00] tray: entering main loop
[2026-05-23T13:39:51.677757+00:00] tray: main loop ended
[2026-05-23T13:39:51.699102+00:00] watchdog started
[2026-05-23T13:39:51.700805+00:00] tray icon run() starting
[2026-05-23T13:39:51.702163+00:00] tray run() ended
[2026-05-23T13:39:51.709197+00:00] watchdog started
[2026-05-23T13:39:51.710673+00:00] tray icon run() starting
[2026-05-23T13:39:51.712076+00:00] tray run() ended
[2026-05-23T13:39:51.715125+00:00] startup header
  executable=C:\Users\babi2\AppData\Local\Programs\Python\Python313\python.exe
  version=3.13.0
  cwd=C:\J.A.R.V.I.S\local_jarvis
  env=yes
  mode=smoke
[2026-05-23T13:39:51.718931+00:00] startup header
  executable=C:\Users\babi2\AppData\Local\Programs\Python\Python313\python.exe
  version=3.13.0
  cwd=C:\J.A.R.V.I.S\local_jarvis
  env=yes
  mode=tray+wakeword(env)+debug-startup
[2026-05-23T13:39:51.833158+00:00] startup header
  executable=C:\Users\babi2\AppData\Local\Programs\Python\Python313\python.exe
  version=3.13.0
  cwd=C:\J.A.R.V.I.S\local_jarvis
  env=yes
  mode=tray+wakeword(env)+debug-startup
[2026-05-23T13:39:51.834625+00:00] startup
  mode=tray
  wake=True
  voice=True
  speak=False
  python=C:\Users\babi2\AppData\Local\Programs\Python\Python313\python.exe
[2026-05-23T13:39:51.836443+00:00] background quiet mode: tray only (no console HUD)
[2026-05-23T13:39:51.838277+00:00] tray: entering main loop
[2026-05-23T13:39:51.843594+00:00] tray: main loop ended
[2026-05-23T13:43:48.781863+00:00] smoke test begin
[2026-05-23T13:43:48.794263+00:00] smoke test PASS
  .env file=PASS (ok)
  config loaded=PASS (ok)
  pystray import=PASS (ok)
  Pillow import=PASS (ok)
  PySide6 import=PASS (ok)
  openwakeword import=PASS (ok)
  onnxruntime import=PASS (ok)
  sounddevice import=PASS (ok)
  pyttsx3 import=PASS (ok)
  wake word model file=PASS (C:\Users\babi2\AppData\Local\Programs\Python\Python313\Lib\site-packages\openwakeword\resources\models\hey_jarvis_v0.1.onnx)
  microphone query=PASS (18 input device(s))
  overlay config=PASS (OVERLAY_ENABLED=True style=premium_ironman_full theme=jarvis_blue opacity=0.92)
[2026-05-23T13:43:48.807195+00:00] startup header
  executable=C:\Users\babi2\AppData\Local\Programs\Python\Python313\python.exe
  version=3.13.0
  cwd=C:\J.A.R.V.I.S\local_jarvis
  env=yes
  mode=tray+wakeword+speak
[2026-05-23T13:43:53.260893+00:00] startup header
  executable=C:\Users\babi2\AppData\Local\Programs\Python\Python313\python.exe
  version=3.13.0
  cwd=C:\J.A.R.V.I.S\local_jarvis
  env=yes
  mode=tray+wakeword+speak
[2026-05-23T13:43:53.262067+00:00] startup
  mode=tray
  wake=True
  voice=True
  speak=True
  python=C:\Users\babi2\AppData\Local\Programs\Python\Python313\python.exe
[2026-05-23T13:43:53.264250+00:00] background quiet mode: tray only (no console HUD)
[2026-05-23T13:43:53.265018+00:00] tray: entering main loop
[2026-05-23T13:43:53.266884+00:00] tray: main loop ended
[2026-05-23T13:43:53.283097+00:00] watchdog started
[2026-05-23T13:43:53.284908+00:00] tray icon run() starting
[2026-05-23T13:43:53.286338+00:00] tray run() ended
[2026-05-23T13:43:53.294061+00:00] watchdog started
[2026-05-23T13:43:53.295471+00:00] tray icon run() starting
[2026-05-23T13:43:53.296543+00:00] tray run() ended
[2026-05-23T13:43:53.299505+00:00] startup header
  executable=C:\Users\babi2\AppData\Local\Programs\Python\Python313\python.exe
  version=3.13.0
  cwd=C:\J.A.R.V.I.S\local_jarvis
  env=yes
  mode=smoke
[2026-05-23T13:43:53.303438+00:00] startup header
  executable=C:\Users\babi2\AppData\Local\Programs\Python\Python313\python.exe
  version=3.13.0
  cwd=C:\J.A.R.V.I.S\local_jarvis
  env=yes
  mode=tray+wakeword(env)+debug-startup
[2026-05-23T13:43:53.420968+00:00] startup header
  executable=C:\Users\babi2\AppData\Local\Programs\Python\Python313\python.exe
  version=3.13.0
  cwd=C:\J.A.R.V.I.S\local_jarvis
  env=yes
  mode=tray+wakeword(env)+debug-startup
[2026-05-23T13:43:53.422172+00:00] startup
  mode=tray
  wake=True
  voice=True
  speak=False
  python=C:\Users\babi2\AppData\Local\Programs\Python\Python313\python.exe
[2026-05-23T13:43:53.424416+00:00] background quiet mode: tray only (no console HUD)
[2026-05-23T13:43:53.426610+00:00] tray: entering main loop
[2026-05-23T13:43:53.432377+00:00] tray: main loop ended
[2026-05-23T13:47:48.918772+00:00] smoke test begin
[2026-05-23T13:47:48.922176+00:00] smoke test PASS
  .env file=PASS (ok)
  config loaded=PASS (ok)
  pystray import=PASS (ok)
  Pillow import=PASS (ok)
  PySide6 import=PASS (ok)
  openwakeword import=PASS (ok)
  onnxruntime import=PASS (ok)
  sounddevice import=PASS (ok)
  pyttsx3 import=PASS (ok)
  wake word model file=PASS (C:\Users\babi2\AppData\Local\Programs\Python\Python313\Lib\site-packages\openwakeword\resources\models\hey_jarvis_v0.1.onnx)
  microphone query=PASS (18 input device(s))
  overlay config=PASS (OVERLAY_ENABLED=True style=premium_ironman_full theme=jarvis_blue opacity=0.92)
[2026-05-23T13:47:48.928359+00:00] startup header
  executable=C:\Users\babi2\AppData\Local\Programs\Python\Python313\python.exe
  version=3.13.0
  cwd=C:\J.A.R.V.I.S\local_jarvis
  env=yes
  mode=tray+wakeword+speak
[2026-05-23T13:47:53.073031+00:00] startup header
  executable=C:\Users\babi2\AppData\Local\Programs\Python\Python313\python.exe
  version=3.13.0
  cwd=C:\J.A.R.V.I.S\local_jarvis
  env=yes
  mode=tray+wakeword+speak
[2026-05-23T13:47:53.074105+00:00] startup
  mode=tray
  wake=True
  voice=True
  speak=True
  python=C:\Users\babi2\AppData\Local\Programs\Python\Python313\python.exe
[2026-05-23T13:47:53.076869+00:00] background quiet mode: tray only (no console HUD)
[2026-05-23T13:47:53.077671+00:00] tray: entering main loop
[2026-05-23T13:47:53.079508+00:00] tray: main loop ended
[2026-05-23T13:47:53.096394+00:00] watchdog started
[2026-05-23T13:47:53.098272+00:00] tray icon run() starting
[2026-05-23T13:47:53.100125+00:00] tray run() ended
[2026-05-23T13:47:53.108206+00:00] watchdog started
[2026-05-23T13:47:53.110076+00:00] tray icon run() starting
[2026-05-23T13:47:53.111244+00:00] tray run() ended
[2026-05-23T13:47:53.115720+00:00] startup header
  executable=C:\Users\babi2\AppData\Local\Programs\Python\Python313\python.exe
  version=3.13.0
  cwd=C:\J.A.R.V.I.S\local_jarvis
  env=yes
  mode=smoke
[2026-05-23T13:47:53.121417+00:00] startup header
  executable=C:\Users\babi2\AppData\Local\Programs\Python\Python313\python.exe
  version=3.13.0
  cwd=C:\J.A.R.V.I.S\local_jarvis
  env=yes
  mode=tray+wakeword(env)+debug-startup
[2026-05-23T13:47:53.243108+00:00] startup header
  executable=C:\Users\babi2\AppData\Local\Programs\Python\Python313\python.exe
  version=3.13.0
  cwd=C:\J.A.R.V.I.S\local_jarvis
  env=yes
  mode=tray+wakeword(env)+debug-startup
[2026-05-23T13:47:53.244320+00:00] startup
  mode=tray
  wake=True
  voice=True
  speak=False
  python=C:\Users\babi2\AppData\Local\Programs\Python\Python313\python.exe
[2026-05-23T13:47:53.246279+00:00] background quiet mode: tray only (no console HUD)
[2026-05-23T13:47:53.248279+00:00] tray: entering main loop
[2026-05-23T13:47:53.254767+00:00] tray: main loop ended
[2026-05-23T13:51:06.225731+00:00] smoke test begin
[2026-05-23T13:51:06.228718+00:00] smoke test PASS
  .env file=PASS (ok)
  config loaded=PASS (ok)
  pystray import=PASS (ok)
  Pillow import=PASS (ok)
  PySide6 import=PASS (ok)
  openwakeword import=PASS (ok)
  onnxruntime import=PASS (ok)
  sounddevice import=PASS (ok)
  pyttsx3 import=PASS (ok)
  wake word model file=PASS (C:\Users\babi2\AppData\Local\Programs\Python\Python313\Lib\site-packages\openwakeword\resources\models\hey_jarvis_v0.1.onnx)
  microphone query=PASS (18 input device(s))
  overlay config=PASS (OVERLAY_ENABLED=True style=premium_ironman_full theme=jarvis_blue opacity=0.92)
[2026-05-23T13:51:06.232418+00:00] startup header
  executable=C:\Users\babi2\AppData\Local\Programs\Python\Python313\python.exe
  version=3.13.0
  cwd=C:\J.A.R.V.I.S\local_jarvis
  env=yes
  mode=tray+wakeword+speak
[2026-05-23T13:51:10.699781+00:00] startup header
  executable=C:\Users\babi2\AppData\Local\Programs\Python\Python313\python.exe
  version=3.13.0
  cwd=C:\J.A.R.V.I.S\local_jarvis
  env=yes
  mode=tray+wakeword+speak
[2026-05-23T13:51:10.700852+00:00] startup
  mode=tray
  wake=True
  voice=True
  speak=True
  python=C:\Users\babi2\AppData\Local\Programs\Python\Python313\python.exe
[2026-05-23T13:51:10.703006+00:00] background quiet mode: tray only (no console HUD)
[2026-05-23T13:51:10.704201+00:00] tray: entering main loop
[2026-05-23T13:51:10.706102+00:00] tray: main loop ended
[2026-05-23T13:51:10.729486+00:00] watchdog started
[2026-05-23T13:51:10.731716+00:00] tray icon run() starting
[2026-05-23T13:51:10.733609+00:00] tray run() ended
[2026-05-23T13:51:10.741826+00:00] watchdog started
[2026-05-23T13:51:10.744410+00:00] tray icon run() starting
[2026-05-23T13:51:10.745609+00:00] tray run() ended
[2026-05-23T13:51:10.748186+00:00] startup header
  executable=C:\Users\babi2\AppData\Local\Programs\Python\Python313\python.exe
  version=3.13.0
  cwd=C:\J.A.R.V.I.S\local_jarvis
  env=yes
  mode=smoke
[2026-05-23T13:51:10.752997+00:00] startup header
  executable=C:\Users\babi2\AppData\Local\Programs\Python\Python313\python.exe
  version=3.13.0
  cwd=C:\J.A.R.V.I.S\local_jarvis
  env=yes
  mode=tray+wakeword(env)+debug-startup
[2026-05-23T13:51:10.870535+00:00] startup header
  executable=C:\Users\babi2\AppData\Local\Programs\Python\Python313\python.exe
  version=3.13.0
  cwd=C:\J.A.R.V.I.S\local_jarvis
  env=yes
  mode=tray+wakeword(env)+debug-startup
[2026-05-23T13:51:10.872444+00:00] startup
  mode=tray
  wake=True
  voice=True
  speak=False
  python=C:\Users\babi2\AppData\Local\Programs\Python\Python313\python.exe
[2026-05-23T13:51:10.874717+00:00] background quiet mode: tray only (no console HUD)
[2026-05-23T13:51:10.876677+00:00] tray: entering main loop
[2026-05-23T13:51:10.882265+00:00] tray: main loop ended
[2026-05-23T13:54:19.659923+00:00] smoke test begin
[2026-05-23T13:54:19.662090+00:00] smoke test PASS
  .env file=PASS (ok)
  config loaded=PASS (ok)
  pystray import=PASS (ok)
  Pillow import=PASS (ok)
  PySide6 import=PASS (ok)
  openwakeword import=PASS (ok)
  onnxruntime import=PASS (ok)
  sounddevice import=PASS (ok)
  pyttsx3 import=PASS (ok)
  wake word model file=PASS (C:\Users\babi2\AppData\Local\Programs\Python\Python313\Lib\site-packages\openwakeword\resources\models\hey_jarvis_v0.1.onnx)
  microphone query=PASS (18 input device(s))
  overlay config=PASS (OVERLAY_ENABLED=True style=premium_ironman_full theme=jarvis_blue opacity=0.92)
[2026-05-23T13:54:19.665305+00:00] startup header
  executable=C:\Users\babi2\AppData\Local\Programs\Python\Python313\python.exe
  version=3.13.0
  cwd=C:\J.A.R.V.I.S\local_jarvis
  env=yes
  mode=tray+wakeword+speak
[2026-05-23T13:54:24.031824+00:00] startup header
  executable=C:\Users\babi2\AppData\Local\Programs\Python\Python313\python.exe
  version=3.13.0
  cwd=C:\J.A.R.V.I.S\local_jarvis
  env=yes
  mode=tray+wakeword+speak
[2026-05-23T13:54:24.033310+00:00] startup
  mode=tray
  wake=True
  voice=True
  speak=True
  python=C:\Users\babi2\AppData\Local\Programs\Python\Python313\python.exe
[2026-05-23T13:54:24.035765+00:00] background quiet mode: tray only (no console HUD)
[2026-05-23T13:54:24.036738+00:00] tray: entering main loop
[2026-05-23T13:54:24.038177+00:00] tray: main loop ended
[2026-05-23T13:54:24.061768+00:00] watchdog started
[2026-05-23T13:54:24.063603+00:00] tray icon run() starting
[2026-05-23T13:54:24.064753+00:00] tray run() ended
[2026-05-23T13:54:24.072298+00:00] watchdog started
[2026-05-23T13:54:24.074265+00:00] tray icon run() starting
[2026-05-23T13:54:24.075598+00:00] tray run() ended
[2026-05-23T13:54:24.079332+00:00] startup header
  executable=C:\Users\babi2\AppData\Local\Programs\Python\Python313\python.exe
  version=3.13.0
  cwd=C:\J.A.R.V.I.S\local_jarvis
  env=yes
  mode=smoke
[2026-05-23T13:54:24.083244+00:00] startup header
  executable=C:\Users\babi2\AppData\Local\Programs\Python\Python313\python.exe
  version=3.13.0
  cwd=C:\J.A.R.V.I.S\local_jarvis
  env=yes
  mode=tray+wakeword(env)+debug-startup
[2026-05-23T13:54:24.202669+00:00] startup header
  executable=C:\Users\babi2\AppData\Local\Programs\Python\Python313\python.exe
  version=3.13.0
  cwd=C:\J.A.R.V.I.S\local_jarvis
  env=yes
  mode=tray+wakeword(env)+debug-startup
[2026-05-23T13:54:24.203929+00:00] startup
  mode=tray
  wake=True
  voice=True
  speak=False
  python=C:\Users\babi2\AppData\Local\Programs\Python\Python313\python.exe
[2026-05-23T13:54:24.206082+00:00] background quiet mode: tray only (no console HUD)
[2026-05-23T13:54:24.208769+00:00] tray: entering main loop
[2026-05-23T13:54:24.214473+00:00] tray: main loop ended
[2026-05-23T13:58:00.105941+00:00] smoke test begin
[2026-05-23T13:58:00.108360+00:00] smoke test PASS
  .env file=PASS (ok)
  config loaded=PASS (ok)
  pystray import=PASS (ok)
  Pillow import=PASS (ok)
  PySide6 import=PASS (ok)
  openwakeword import=PASS (ok)
  onnxruntime import=PASS (ok)
  sounddevice import=PASS (ok)
  pyttsx3 import=PASS (ok)
  wake word model file=PASS (C:\Users\babi2\AppData\Local\Programs\Python\Python313\Lib\site-packages\openwakeword\resources\models\hey_jarvis_v0.1.onnx)
  microphone query=PASS (18 input device(s))
  overlay config=PASS (OVERLAY_ENABLED=True style=premium_ironman_full theme=jarvis_blue opacity=0.92)
[2026-05-23T13:58:00.112103+00:00] startup header
  executable=C:\Users\babi2\AppData\Local\Programs\Python\Python313\python.exe
  version=3.13.0
  cwd=C:\J.A.R.V.I.S\local_jarvis
  env=yes
  mode=tray+wakeword+speak
[2026-05-23T13:58:04.503368+00:00] startup header
  executable=C:\Users\babi2\AppData\Local\Programs\Python\Python313\python.exe
  version=3.13.0
  cwd=C:\J.A.R.V.I.S\local_jarvis
  env=yes
  mode=tray+wakeword+speak
[2026-05-23T13:58:04.505089+00:00] startup
  mode=tray
  wake=True
  voice=True
  speak=True
  python=C:\Users\babi2\AppData\Local\Programs\Python\Python313\python.exe
[2026-05-23T13:58:04.507072+00:00] background quiet mode: tray only (no console HUD)
[2026-05-23T13:58:04.507942+00:00] tray: entering main loop
[2026-05-23T13:58:04.509377+00:00] tray: main loop ended
[2026-05-23T13:58:04.534221+00:00] watchdog started
[2026-05-23T13:58:04.536168+00:00] tray icon run() starting
[2026-05-23T13:58:04.537604+00:00] tray run() ended
[2026-05-23T13:58:04.545875+00:00] watchdog started
[2026-05-23T13:58:04.547578+00:00] tray icon run() starting
[2026-05-23T13:58:04.548839+00:00] tray run() ended
[2026-05-23T13:58:04.552291+00:00] startup header
  executable=C:\Users\babi2\AppData\Local\Programs\Python\Python313\python.exe
  version=3.13.0
  cwd=C:\J.A.R.V.I.S\local_jarvis
  env=yes
  mode=smoke
[2026-05-23T13:58:04.555792+00:00] startup header
  executable=C:\Users\babi2\AppData\Local\Programs\Python\Python313\python.exe
  version=3.13.0
  cwd=C:\J.A.R.V.I.S\local_jarvis
  env=yes
  mode=tray+wakeword(env)+debug-startup
[2026-05-23T13:58:04.682755+00:00] startup header
  executable=C:\Users\babi2\AppData\Local\Programs\Python\Python313\python.exe
  version=3.13.0
  cwd=C:\J.A.R.V.I.S\local_jarvis
  env=yes
  mode=tray+wakeword(env)+debug-startup
[2026-05-23T13:58:04.683997+00:00] startup
  mode=tray
  wake=True
  voice=True
  speak=False
  python=C:\Users\babi2\AppData\Local\Programs\Python\Python313\python.exe
[2026-05-23T13:58:04.685831+00:00] background quiet mode: tray only (no console HUD)
[2026-05-23T13:58:04.687671+00:00] tray: entering main loop
[2026-05-23T13:58:04.693773+00:00] tray: main loop ended
[2026-05-23T14:08:09.649408+00:00] smoke test begin
[2026-05-23T14:08:09.652228+00:00] smoke test PASS
  .env file=PASS (ok)
  config loaded=PASS (ok)
  pystray import=PASS (ok)
  Pillow import=PASS (ok)
  PySide6 import=PASS (ok)
  openwakeword import=PASS (ok)
  onnxruntime import=PASS (ok)
  sounddevice import=PASS (ok)
  pyttsx3 import=PASS (ok)
  wake word model file=PASS (C:\Users\babi2\AppData\Local\Programs\Python\Python313\Lib\site-packages\openwakeword\resources\models\hey_jarvis_v0.1.onnx)
  microphone query=PASS (18 input device(s))
  overlay config=PASS (OVERLAY_ENABLED=True style=premium_ironman_full theme=jarvis_blue opacity=0.92)
[2026-05-23T14:08:09.655709+00:00] startup header
  executable=C:\Users\babi2\AppData\Local\Programs\Python\Python313\python.exe
  version=3.13.0
  cwd=C:\J.A.R.V.I.S\local_jarvis
  env=yes
  mode=tray+wakeword+speak
[2026-05-23T14:08:13.770078+00:00] startup header
  executable=C:\Users\babi2\AppData\Local\Programs\Python\Python313\python.exe
  version=3.13.0
  cwd=C:\J.A.R.V.I.S\local_jarvis
  env=yes
  mode=tray+wakeword+speak
[2026-05-23T14:08:13.771498+00:00] startup
  mode=tray
  wake=True
  voice=True
  speak=True
  python=C:\Users\babi2\AppData\Local\Programs\Python\Python313\python.exe
[2026-05-23T14:08:13.773804+00:00] background quiet mode: tray only (no console HUD)
[2026-05-23T14:08:13.774615+00:00] tray: entering main loop
[2026-05-23T14:08:13.776047+00:00] tray: main loop ended
[2026-05-23T14:08:13.798387+00:00] watchdog started
[2026-05-23T14:08:13.800293+00:00] tray icon run() starting
[2026-05-23T14:08:13.801380+00:00] tray run() ended
[2026-05-23T14:08:13.809137+00:00] watchdog started
[2026-05-23T14:08:13.811072+00:00] tray icon run() starting
[2026-05-23T14:08:13.812347+00:00] tray run() ended
[2026-05-23T14:08:13.815771+00:00] startup header
  executable=C:\Users\babi2\AppData\Local\Programs\Python\Python313\python.exe
  version=3.13.0
  cwd=C:\J.A.R.V.I.S\local_jarvis
  env=yes
  mode=smoke
[2026-05-23T14:08:13.819270+00:00] startup header
  executable=C:\Users\babi2\AppData\Local\Programs\Python\Python313\python.exe
  version=3.13.0
  cwd=C:\J.A.R.V.I.S\local_jarvis
  env=yes
  mode=tray+wakeword(env)+debug-startup
[2026-05-23T14:08:13.936204+00:00] startup header
  executable=C:\Users\babi2\AppData\Local\Programs\Python\Python313\python.exe
  version=3.13.0
  cwd=C:\J.A.R.V.I.S\local_jarvis
  env=yes
  mode=tray+wakeword(env)+debug-startup
[2026-05-23T14:08:13.937336+00:00] startup
  mode=tray
  wake=True
  voice=True
  speak=False
  python=C:\Users\babi2\AppData\Local\Programs\Python\Python313\python.exe
[2026-05-23T14:08:13.939441+00:00] background quiet mode: tray only (no console HUD)
[2026-05-23T14:08:13.941379+00:00] tray: entering main loop
[2026-05-23T14:08:13.947844+00:00] tray: main loop ended
[2026-05-23T14:18:17.715335+00:00] smoke test begin
[2026-05-23T14:18:17.717278+00:00] smoke test PASS
  .env file=PASS (ok)
  config loaded=PASS (ok)
  pystray import=PASS (ok)
  Pillow import=PASS (ok)
  PySide6 import=PASS (ok)
  openwakeword import=PASS (ok)
  onnxruntime import=PASS (ok)
  sounddevice import=PASS (ok)
  pyttsx3 import=PASS (ok)
  wake word model file=PASS (C:\Users\babi2\AppData\Local\Programs\Python\Python313\Lib\site-packages\openwakeword\resources\models\hey_jarvis_v0.1.onnx)
  microphone query=PASS (18 input device(s))
  overlay config=PASS (OVERLAY_ENABLED=True style=premium_ironman_full theme=jarvis_blue opacity=0.92)
[2026-05-23T14:18:17.720515+00:00] startup header
  executable=C:\Users\babi2\AppData\Local\Programs\Python\Python313\python.exe
  version=3.13.0
  cwd=C:\J.A.R.V.I.S\local_jarvis
  env=yes
  mode=tray+wakeword+speak
[2026-05-23T14:18:21.969012+00:00] startup header
  executable=C:\Users\babi2\AppData\Local\Programs\Python\Python313\python.exe
  version=3.13.0
  cwd=C:\J.A.R.V.I.S\local_jarvis
  env=yes
  mode=tray+wakeword+speak
[2026-05-23T14:18:21.970422+00:00] startup
  mode=tray
  wake=True
  voice=True
  speak=True
  python=C:\Users\babi2\AppData\Local\Programs\Python\Python313\python.exe
[2026-05-23T14:18:21.972596+00:00] background quiet mode: tray only (no console HUD)
[2026-05-23T14:18:21.973363+00:00] tray: entering main loop
[2026-05-23T14:18:21.974444+00:00] tray: main loop ended
[2026-05-23T14:18:22.000306+00:00] watchdog started
[2026-05-23T14:18:22.003576+00:00] tray icon run() starting
[2026-05-23T14:18:22.004843+00:00] tray run() ended
[2026-05-23T14:18:22.014075+00:00] watchdog started
[2026-05-23T14:18:22.016067+00:00] tray icon run() starting
[2026-05-23T14:18:22.017597+00:00] tray run() ended
[2026-05-23T14:18:22.021141+00:00] startup header
  executable=C:\Users\babi2\AppData\Local\Programs\Python\Python313\python.exe
  version=3.13.0
  cwd=C:\J.A.R.V.I.S\local_jarvis
  env=yes
  mode=smoke
[2026-05-23T14:18:22.025534+00:00] startup header
  executable=C:\Users\babi2\AppData\Local\Programs\Python\Python313\python.exe
  version=3.13.0
  cwd=C:\J.A.R.V.I.S\local_jarvis
  env=yes
  mode=tray+wakeword(env)+debug-startup
[2026-05-23T14:18:22.156143+00:00] startup header
  executable=C:\Users\babi2\AppData\Local\Programs\Python\Python313\python.exe
  version=3.13.0
  cwd=C:\J.A.R.V.I.S\local_jarvis
  env=yes
  mode=tray+wakeword(env)+debug-startup
[2026-05-23T14:18:22.157629+00:00] startup
  mode=tray
  wake=True
  voice=True
  speak=False
  python=C:\Users\babi2\AppData\Local\Programs\Python\Python313\python.exe
[2026-05-23T14:18:22.160033+00:00] background quiet mode: tray only (no console HUD)
[2026-05-23T14:18:22.162059+00:00] tray: entering main loop
[2026-05-23T14:18:22.168060+00:00] tray: main loop ended
[2026-05-23T14:25:35.490828+00:00] smoke test begin
[2026-05-23T14:25:35.492874+00:00] smoke test PASS
  .env file=PASS (ok)
  config loaded=PASS (ok)
  pystray import=PASS (ok)
  Pillow import=PASS (ok)
  PySide6 import=PASS (ok)
  openwakeword import=PASS (ok)
  onnxruntime import=PASS (ok)
  sounddevice import=PASS (ok)
  pyttsx3 import=PASS (ok)
  wake word model file=PASS (C:\Users\babi2\AppData\Local\Programs\Python\Python313\Lib\site-packages\openwakeword\resources\models\hey_jarvis_v0.1.onnx)
  microphone query=PASS (18 input device(s))
  overlay config=PASS (OVERLAY_ENABLED=True style=premium_ironman_full theme=jarvis_blue opacity=0.92)
[2026-05-23T14:25:35.496885+00:00] startup header
  executable=C:\Users\babi2\AppData\Local\Programs\Python\Python313\python.exe
  version=3.13.0
  cwd=C:\J.A.R.V.I.S\local_jarvis
  env=yes
  mode=tray+wakeword+speak
[2026-05-23T14:25:39.708099+00:00] startup header
  executable=C:\Users\babi2\AppData\Local\Programs\Python\Python313\python.exe
  version=3.13.0
  cwd=C:\J.A.R.V.I.S\local_jarvis
  env=yes
  mode=tray+wakeword+speak
[2026-05-23T14:25:39.709446+00:00] startup
  mode=tray
  wake=True
  voice=True
  speak=True
  python=C:\Users\babi2\AppData\Local\Programs\Python\Python313\python.exe
[2026-05-23T14:25:39.711307+00:00] background quiet mode: tray only (no console HUD)
[2026-05-23T14:25:39.712597+00:00] tray: entering main loop
[2026-05-23T14:25:39.713825+00:00] tray: main loop ended
[2026-05-23T14:25:39.737814+00:00] watchdog started
[2026-05-23T14:25:39.739820+00:00] tray icon run() starting
[2026-05-23T14:25:39.741081+00:00] tray run() ended
[2026-05-23T14:25:39.749802+00:00] watchdog started
[2026-05-23T14:25:39.751686+00:00] tray icon run() starting
[2026-05-23T14:25:39.753007+00:00] tray run() ended
[2026-05-23T14:25:39.755741+00:00] startup header
  executable=C:\Users\babi2\AppData\Local\Programs\Python\Python313\python.exe
  version=3.13.0
  cwd=C:\J.A.R.V.I.S\local_jarvis
  env=yes
  mode=smoke
[2026-05-23T14:25:39.760596+00:00] startup header
  executable=C:\Users\babi2\AppData\Local\Programs\Python\Python313\python.exe
  version=3.13.0
  cwd=C:\J.A.R.V.I.S\local_jarvis
  env=yes
  mode=tray+wakeword(env)+debug-startup
[2026-05-23T14:25:39.883245+00:00] startup header
  executable=C:\Users\babi2\AppData\Local\Programs\Python\Python313\python.exe
  version=3.13.0
  cwd=C:\J.A.R.V.I.S\local_jarvis
  env=yes
  mode=tray+wakeword(env)+debug-startup
[2026-05-23T14:25:39.884405+00:00] startup
  mode=tray
  wake=True
  voice=True
  speak=False
  python=C:\Users\babi2\AppData\Local\Programs\Python\Python313\python.exe
[2026-05-23T14:25:39.886298+00:00] background quiet mode: tray only (no console HUD)
[2026-05-23T14:25:39.888646+00:00] tray: entering main loop
[2026-05-23T14:25:39.894051+00:00] tray: main loop ended
[2026-05-23T14:30:20.071288+00:00] startup header
  executable=C:\Users\babi2\AppData\Local\Programs\Python\Python313\python.exe
  version=3.13.0
  cwd=C:\J.A.R.V.I.S\local_jarvis
  env=yes
  mode=text(default)+wakeword(env)
[2026-05-23T14:30:20.157198+00:00] import pystray: ok
[2026-05-23T14:30:20.159398+00:00] import Pillow: ok
[2026-05-23T14:30:21.637227+00:00] import openwakeword: ok
[2026-05-23T14:30:21.638875+00:00] import onnxruntime: ok
[2026-05-23T14:30:22.010286+00:00] import sounddevice: ok
[2026-05-23T14:30:22.013248+00:00] import pyttsx3: ok
[2026-05-23T14:30:22.049862+00:00] import PySide6: ok
[2026-05-23T14:30:31.623835+00:00] startup header
  executable=C:\Users\babi2\AppData\Local\Programs\Python\Python313\python.exe
  version=3.13.0
  cwd=C:\J.A.R.V.I.S\local_jarvis
  env=yes
  mode=text(default)+wakeword(env)
[2026-05-23T14:30:31.625287+00:00] startup
  mode=other
  wake=True
  voice=True
  speak=True
  python=C:\Users\babi2\AppData\Local\Programs\Python\Python313\python.exe
[2026-05-23T14:30:31.641079+00:00] wakeword-only: detector starting
[2026-05-23T14:30:31.662752+00:00] wakeword-only: keepalive loop
[2026-05-23T14:36:35.655463+00:00] smoke test begin
[2026-05-23T14:36:35.657528+00:00] smoke test PASS
  .env file=PASS (ok)
  config loaded=PASS (ok)
  pystray import=PASS (ok)
  Pillow import=PASS (ok)
  PySide6 import=PASS (ok)
  openwakeword import=PASS (ok)
  onnxruntime import=PASS (ok)
  sounddevice import=PASS (ok)
  pyttsx3 import=PASS (ok)
  wake word model file=PASS (C:\Users\babi2\AppData\Local\Programs\Python\Python313\Lib\site-packages\openwakeword\resources\models\hey_jarvis_v0.1.onnx)
  microphone query=PASS (18 input device(s))
  overlay config=PASS (OVERLAY_ENABLED=True style=premium_ironman_full theme=jarvis_blue opacity=0.92)
[2026-05-23T14:36:35.660991+00:00] startup header
  executable=C:\Users\babi2\AppData\Local\Programs\Python\Python313\python.exe
  version=3.13.0
  cwd=C:\J.A.R.V.I.S\local_jarvis
  env=yes
  mode=tray+wakeword+speak
[2026-05-23T14:36:40.047349+00:00] startup header
  executable=C:\Users\babi2\AppData\Local\Programs\Python\Python313\python.exe
  version=3.13.0
  cwd=C:\J.A.R.V.I.S\local_jarvis
  env=yes
  mode=tray+wakeword+speak
[2026-05-23T14:36:40.048551+00:00] startup
  mode=tray
  wake=True
  voice=True
  speak=True
  python=C:\Users\babi2\AppData\Local\Programs\Python\Python313\python.exe
[2026-05-23T14:36:40.050729+00:00] background quiet mode: tray only (no console HUD)
[2026-05-23T14:36:40.051543+00:00] tray: entering main loop
[2026-05-23T14:36:40.053279+00:00] tray: main loop ended
[2026-05-23T14:36:40.071759+00:00] watchdog started
[2026-05-23T14:36:40.074301+00:00] tray icon run() starting
[2026-05-23T14:36:40.076309+00:00] tray run() ended
[2026-05-23T14:36:40.084446+00:00] watchdog started
[2026-05-23T14:36:40.086752+00:00] tray icon run() starting
[2026-05-23T14:36:40.088007+00:00] tray run() ended
[2026-05-23T14:36:40.091689+00:00] startup header
  executable=C:\Users\babi2\AppData\Local\Programs\Python\Python313\python.exe
  version=3.13.0
  cwd=C:\J.A.R.V.I.S\local_jarvis
  env=yes
  mode=smoke
[2026-05-23T14:36:40.095769+00:00] startup header
  executable=C:\Users\babi2\AppData\Local\Programs\Python\Python313\python.exe
  version=3.13.0
  cwd=C:\J.A.R.V.I.S\local_jarvis
  env=yes
  mode=tray+wakeword(env)+debug-startup
[2026-05-23T14:36:40.212886+00:00] startup header
  executable=C:\Users\babi2\AppData\Local\Programs\Python\Python313\python.exe
  version=3.13.0
  cwd=C:\J.A.R.V.I.S\local_jarvis
  env=yes
  mode=tray+wakeword(env)+debug-startup
[2026-05-23T14:36:40.214158+00:00] startup
  mode=tray
  wake=True
  voice=True
  speak=False
  python=C:\Users\babi2\AppData\Local\Programs\Python\Python313\python.exe
[2026-05-23T14:36:40.216014+00:00] background quiet mode: tray only (no console HUD)
[2026-05-23T14:36:40.217814+00:00] tray: entering main loop
[2026-05-23T14:36:40.223214+00:00] tray: main loop ended
[2026-05-23T14:40:48.505639+00:00] smoke test begin
[2026-05-23T14:40:48.508792+00:00] smoke test PASS
  .env file=PASS (ok)
  config loaded=PASS (ok)
  pystray import=PASS (ok)
  Pillow import=PASS (ok)
  PySide6 import=PASS (ok)
  openwakeword import=PASS (ok)
  onnxruntime import=PASS (ok)
  sounddevice import=PASS (ok)
  pyttsx3 import=PASS (ok)
  wake word model file=PASS (C:\Users\babi2\AppData\Local\Programs\Python\Python313\Lib\site-packages\openwakeword\resources\models\hey_jarvis_v0.1.onnx)
  microphone query=PASS (18 input device(s))
  overlay config=PASS (OVERLAY_ENABLED=True style=premium_ironman_full theme=jarvis_blue opacity=0.92)
[2026-05-23T14:40:48.512537+00:00] startup header
  executable=C:\Users\babi2\AppData\Local\Programs\Python\Python313\python.exe
  version=3.13.0
  cwd=C:\J.A.R.V.I.S\local_jarvis
  env=yes
  mode=tray+wakeword+speak
[2026-05-23T14:40:52.899577+00:00] startup header
  executable=C:\Users\babi2\AppData\Local\Programs\Python\Python313\python.exe
  version=3.13.0
  cwd=C:\J.A.R.V.I.S\local_jarvis
  env=yes
  mode=tray+wakeword+speak
[2026-05-23T14:40:52.901211+00:00] startup
  mode=tray
  wake=True
  voice=True
  speak=True
  python=C:\Users\babi2\AppData\Local\Programs\Python\Python313\python.exe
[2026-05-23T14:40:52.903478+00:00] background quiet mode: tray only (no console HUD)
[2026-05-23T14:40:52.904375+00:00] tray: entering main loop
[2026-05-23T14:40:52.905874+00:00] tray: main loop ended
[2026-05-23T14:40:52.923180+00:00] watchdog started
[2026-05-23T14:40:52.925226+00:00] tray icon run() starting
[2026-05-23T14:40:52.927062+00:00] tray run() ended
[2026-05-23T14:40:52.935157+00:00] watchdog started
[2026-05-23T14:40:52.937071+00:00] tray icon run() starting
[2026-05-23T14:40:52.938254+00:00] tray run() ended
[2026-05-23T14:40:52.941815+00:00] startup header
  executable=C:\Users\babi2\AppData\Local\Programs\Python\Python313\python.exe
  version=3.13.0
  cwd=C:\J.A.R.V.I.S\local_jarvis
  env=yes
  mode=smoke
[2026-05-23T14:40:52.945133+00:00] startup header
  executable=C:\Users\babi2\AppData\Local\Programs\Python\Python313\python.exe
  version=3.13.0
  cwd=C:\J.A.R.V.I.S\local_jarvis
  env=yes
  mode=tray+wakeword(env)+debug-startup
[2026-05-23T14:40:53.063948+00:00] startup header
  executable=C:\Users\babi2\AppData\Local\Programs\Python\Python313\python.exe
  version=3.13.0
  cwd=C:\J.A.R.V.I.S\local_jarvis
  env=yes
  mode=tray+wakeword(env)+debug-startup
[2026-05-23T14:40:53.065081+00:00] startup
  mode=tray
  wake=True
  voice=True
  speak=False
  python=C:\Users\babi2\AppData\Local\Programs\Python\Python313\python.exe
[2026-05-23T14:40:53.067486+00:00] background quiet mode: tray only (no console HUD)
[2026-05-23T14:40:53.069965+00:00] tray: entering main loop
[2026-05-23T14:40:53.076385+00:00] tray: main loop ended
[2026-05-23T14:51:30.399109+00:00] smoke test begin
[2026-05-23T14:51:30.401095+00:00] smoke test PASS
  .env file=PASS (ok)
  config loaded=PASS (ok)
  pystray import=PASS (ok)
  Pillow import=PASS (ok)
  PySide6 import=PASS (ok)
  openwakeword import=PASS (ok)
  onnxruntime import=PASS (ok)
  sounddevice import=PASS (ok)
  pyttsx3 import=PASS (ok)
  wake word model file=PASS (C:\Users\babi2\AppData\Local\Programs\Python\Python313\Lib\site-packages\openwakeword\resources\models\hey_jarvis_v0.1.onnx)
  microphone query=PASS (18 input device(s))
  overlay config=PASS (OVERLAY_ENABLED=True style=premium_ironman_full theme=jarvis_blue opacity=0.92)
[2026-05-23T14:51:30.404027+00:00] startup header
  executable=C:\Users\babi2\AppData\Local\Programs\Python\Python313\python.exe
  version=3.13.0
  cwd=C:\J.A.R.V.I.S\local_jarvis
  env=yes
  mode=tray+wakeword+speak
[2026-05-23T14:51:32.747602+00:00] startup header
  executable=C:\Users\babi2\AppData\Local\Programs\Python\Python313\python.exe
  version=3.13.0
  cwd=C:\J.A.R.V.I.S\local_jarvis
  env=yes
  mode=tray+wakeword+speak
[2026-05-23T14:51:32.748503+00:00] startup
  mode=tray
  wake=True
  voice=True
  speak=True
  python=C:\Users\babi2\AppData\Local\Programs\Python\Python313\python.exe
[2026-05-23T14:51:32.749962+00:00] background quiet mode: tray only (no console HUD)
[2026-05-23T14:51:32.750652+00:00] tray: entering main loop
[2026-05-23T14:51:32.751738+00:00] tray: main loop ended
[2026-05-23T14:51:32.773074+00:00] watchdog started
[2026-05-23T14:51:32.774695+00:00] tray icon run() starting
[2026-05-23T14:51:32.775691+00:00] tray run() ended
[2026-05-23T14:51:32.782128+00:00] watchdog started
[2026-05-23T14:51:32.783636+00:00] tray icon run() starting
[2026-05-23T14:51:32.784951+00:00] tray run() ended
[2026-05-23T14:51:32.787504+00:00] startup header
  executable=C:\Users\babi2\AppData\Local\Programs\Python\Python313\python.exe
  version=3.13.0
  cwd=C:\J.A.R.V.I.S\local_jarvis
  env=yes
  mode=smoke
[2026-05-23T14:51:32.790898+00:00] startup header
  executable=C:\Users\babi2\AppData\Local\Programs\Python\Python313\python.exe
  version=3.13.0
  cwd=C:\J.A.R.V.I.S\local_jarvis
  env=yes
  mode=tray+wakeword(env)+debug-startup
[2026-05-23T14:51:32.944451+00:00] startup header
  executable=C:\Users\babi2\AppData\Local\Programs\Python\Python313\python.exe
  version=3.13.0
  cwd=C:\J.A.R.V.I.S\local_jarvis
  env=yes
  mode=tray+wakeword(env)+debug-startup
[2026-05-23T14:51:32.945453+00:00] startup
  mode=tray
  wake=True
  voice=True
  speak=False
  python=C:\Users\babi2\AppData\Local\Programs\Python\Python313\python.exe
[2026-05-23T14:51:32.947315+00:00] background quiet mode: tray only (no console HUD)
[2026-05-23T14:51:32.948749+00:00] tray: entering main loop
[2026-05-23T14:51:32.953334+00:00] tray: main loop ended
[2026-05-23T14:54:53.687549+00:00] smoke test begin
[2026-05-23T14:54:53.689005+00:00] smoke test PASS
  .env file=PASS (ok)
  config loaded=PASS (ok)
  pystray import=PASS (ok)
  Pillow import=PASS (ok)
  PySide6 import=PASS (ok)
  openwakeword import=PASS (ok)
  onnxruntime import=PASS (ok)
  sounddevice import=PASS (ok)
  pyttsx3 import=PASS (ok)
  wake word model file=PASS (C:\Users\babi2\AppData\Local\Programs\Python\Python313\Lib\site-packages\openwakeword\resources\models\hey_jarvis_v0.1.onnx)
  microphone query=PASS (18 input device(s))
  overlay config=PASS (OVERLAY_ENABLED=True style=premium_ironman_full theme=jarvis_blue opacity=0.92)
[2026-05-23T14:54:53.691296+00:00] startup header
  executable=C:\Users\babi2\AppData\Local\Programs\Python\Python313\python.exe
  version=3.13.0
  cwd=C:\J.A.R.V.I.S\local_jarvis
  env=yes
  mode=tray+wakeword+speak
[2026-05-23T14:54:57.549311+00:00] startup header
  executable=C:\Users\babi2\AppData\Local\Programs\Python\Python313\python.exe
  version=3.13.0
  cwd=C:\J.A.R.V.I.S\local_jarvis
  env=yes
  mode=tray+wakeword+speak
[2026-05-23T14:54:57.550262+00:00] startup
  mode=tray
  wake=True
  voice=True
  speak=True
  python=C:\Users\babi2\AppData\Local\Programs\Python\Python313\python.exe
[2026-05-23T14:54:57.551552+00:00] background quiet mode: tray only (no console HUD)
[2026-05-23T14:54:57.552125+00:00] tray: entering main loop
[2026-05-23T14:54:57.553118+00:00] tray: main loop ended
[2026-05-23T14:54:57.564398+00:00] watchdog started
[2026-05-23T14:54:57.565434+00:00] tray icon run() starting
[2026-05-23T14:54:57.566529+00:00] tray run() ended
[2026-05-23T14:54:57.571801+00:00] watchdog started
[2026-05-23T14:54:57.572787+00:00] tray icon run() starting
[2026-05-23T14:54:57.573549+00:00] tray run() ended
[2026-05-23T14:54:57.575609+00:00] startup header
  executable=C:\Users\babi2\AppData\Local\Programs\Python\Python313\python.exe
  version=3.13.0
  cwd=C:\J.A.R.V.I.S\local_jarvis
  env=yes
  mode=smoke
[2026-05-23T14:54:57.578082+00:00] startup header
  executable=C:\Users\babi2\AppData\Local\Programs\Python\Python313\python.exe
  version=3.13.0
  cwd=C:\J.A.R.V.I.S\local_jarvis
  env=yes
  mode=tray+wakeword(env)+debug-startup
[2026-05-23T14:54:57.692582+00:00] startup header
  executable=C:\Users\babi2\AppData\Local\Programs\Python\Python313\python.exe
  version=3.13.0
  cwd=C:\J.A.R.V.I.S\local_jarvis
  env=yes
  mode=tray+wakeword(env)+debug-startup
[2026-05-23T14:54:57.693454+00:00] startup
  mode=tray
  wake=True
  voice=True
  speak=False
  python=C:\Users\babi2\AppData\Local\Programs\Python\Python313\python.exe
[2026-05-23T14:54:57.694730+00:00] background quiet mode: tray only (no console HUD)
[2026-05-23T14:54:57.695968+00:00] tray: entering main loop
[2026-05-23T14:54:57.700061+00:00] tray: main loop ended
[2026-05-23T14:58:18.263737+00:00] smoke test begin
[2026-05-23T14:58:18.265785+00:00] smoke test PASS
  .env file=PASS (ok)
  config loaded=PASS (ok)
  pystray import=PASS (ok)
  Pillow import=PASS (ok)
  PySide6 import=PASS (ok)
  openwakeword import=PASS (ok)
  onnxruntime import=PASS (ok)
  sounddevice import=PASS (ok)
  pyttsx3 import=PASS (ok)
  wake word model file=PASS (C:\Users\babi2\AppData\Local\Programs\Python\Python313\Lib\site-packages\openwakeword\resources\models\hey_jarvis_v0.1.onnx)
  microphone query=PASS (18 input device(s))
  overlay config=PASS (OVERLAY_ENABLED=True style=premium_ironman_full theme=jarvis_blue opacity=0.92)
[2026-05-23T14:58:18.269064+00:00] startup header
  executable=C:\Users\babi2\AppData\Local\Programs\Python\Python313\python.exe
  version=3.13.0
  cwd=C:\J.A.R.V.I.S\local_jarvis
  env=yes
  mode=tray+wakeword+speak
[2026-05-23T14:58:22.174905+00:00] startup header
  executable=C:\Users\babi2\AppData\Local\Programs\Python\Python313\python.exe
  version=3.13.0
  cwd=C:\J.A.R.V.I.S\local_jarvis
  env=yes
  mode=tray+wakeword+speak
[2026-05-23T14:58:22.175736+00:00] startup
  mode=tray
  wake=True
  voice=True
  speak=True
  python=C:\Users\babi2\AppData\Local\Programs\Python\Python313\python.exe
[2026-05-23T14:58:22.176976+00:00] background quiet mode: tray only (no console HUD)
[2026-05-23T14:58:22.177931+00:00] tray: entering main loop
[2026-05-23T14:58:22.181225+00:00] tray: main loop ended
[2026-05-23T14:58:22.192089+00:00] watchdog started
[2026-05-23T14:58:22.193114+00:00] tray icon run() starting
[2026-05-23T14:58:22.194335+00:00] tray run() ended
[2026-05-23T14:58:22.199255+00:00] watchdog started
[2026-05-23T14:58:22.200183+00:00] tray icon run() starting
[2026-05-23T14:58:22.200952+00:00] tray run() ended
[2026-05-23T14:58:22.203020+00:00] startup header
  executable=C:\Users\babi2\AppData\Local\Programs\Python\Python313\python.exe
  version=3.13.0
  cwd=C:\J.A.R.V.I.S\local_jarvis
  env=yes
  mode=smoke
[2026-05-23T14:58:22.205342+00:00] startup header
  executable=C:\Users\babi2\AppData\Local\Programs\Python\Python313\python.exe
  version=3.13.0
  cwd=C:\J.A.R.V.I.S\local_jarvis
  env=yes
  mode=tray+wakeword(env)+debug-startup
[2026-05-23T14:58:22.331213+00:00] startup header
  executable=C:\Users\babi2\AppData\Local\Programs\Python\Python313\python.exe
  version=3.13.0
  cwd=C:\J.A.R.V.I.S\local_jarvis
  env=yes
  mode=tray+wakeword(env)+debug-startup
[2026-05-23T14:58:22.332124+00:00] startup
  mode=tray
  wake=True
  voice=True
  speak=False
  python=C:\Users\babi2\AppData\Local\Programs\Python\Python313\python.exe
[2026-05-23T14:58:22.333431+00:00] background quiet mode: tray only (no console HUD)
[2026-05-23T14:58:22.334547+00:00] tray: entering main loop
[2026-05-23T14:58:22.338138+00:00] tray: main loop ended
[2026-05-23T15:01:44.415502+00:00] smoke test begin
[2026-05-23T15:01:44.417687+00:00] smoke test PASS
  .env file=PASS (ok)
  config loaded=PASS (ok)
  pystray import=PASS (ok)
  Pillow import=PASS (ok)
  PySide6 import=PASS (ok)
  openwakeword import=PASS (ok)
  onnxruntime import=PASS (ok)
  sounddevice import=PASS (ok)
  pyttsx3 import=PASS (ok)
  wake word model file=PASS (C:\Users\babi2\AppData\Local\Programs\Python\Python313\Lib\site-packages\openwakeword\resources\models\hey_jarvis_v0.1.onnx)
  microphone query=PASS (18 input device(s))
  overlay config=PASS (OVERLAY_ENABLED=True style=premium_ironman_full theme=jarvis_blue opacity=0.92)
[2026-05-23T15:01:44.420572+00:00] startup header
  executable=C:\Users\babi2\AppData\Local\Programs\Python\Python313\python.exe
  version=3.13.0
  cwd=C:\J.A.R.V.I.S\local_jarvis
  env=yes
  mode=tray+wakeword+speak
[2026-05-23T15:01:47.766591+00:00] startup header
  executable=C:\Users\babi2\AppData\Local\Programs\Python\Python313\python.exe
  version=3.13.0
  cwd=C:\J.A.R.V.I.S\local_jarvis
  env=yes
  mode=tray+wakeword+speak
[2026-05-23T15:01:47.767326+00:00] startup
  mode=tray
  wake=True
  voice=True
  speak=True
  python=C:\Users\babi2\AppData\Local\Programs\Python\Python313\python.exe
[2026-05-23T15:01:47.768605+00:00] background quiet mode: tray only (no console HUD)
[2026-05-23T15:01:47.769146+00:00] tray: entering main loop
[2026-05-23T15:01:47.769987+00:00] tray: main loop ended
[2026-05-23T15:01:47.781762+00:00] watchdog started
[2026-05-23T15:01:47.782927+00:00] tray icon run() starting
[2026-05-23T15:01:47.783725+00:00] tray run() ended
[2026-05-23T15:01:47.790347+00:00] watchdog started
[2026-05-23T15:01:47.791320+00:00] tray icon run() starting
[2026-05-23T15:01:47.792136+00:00] tray run() ended
[2026-05-23T15:01:47.794159+00:00] startup header
  executable=C:\Users\babi2\AppData\Local\Programs\Python\Python313\python.exe
  version=3.13.0
  cwd=C:\J.A.R.V.I.S\local_jarvis
  env=yes
  mode=smoke
[2026-05-23T15:01:47.796563+00:00] startup header
  executable=C:\Users\babi2\AppData\Local\Programs\Python\Python313\python.exe
  version=3.13.0
  cwd=C:\J.A.R.V.I.S\local_jarvis
  env=yes
  mode=tray+wakeword(env)+debug-startup
[2026-05-23T15:01:47.911206+00:00] startup header
  executable=C:\Users\babi2\AppData\Local\Programs\Python\Python313\python.exe
  version=3.13.0
  cwd=C:\J.A.R.V.I.S\local_jarvis
  env=yes
  mode=tray+wakeword(env)+debug-startup
[2026-05-23T15:01:47.912061+00:00] startup
  mode=tray
  wake=True
  voice=True
  speak=False
  python=C:\Users\babi2\AppData\Local\Programs\Python\Python313\python.exe
[2026-05-23T15:01:47.913392+00:00] background quiet mode: tray only (no console HUD)
[2026-05-23T15:01:47.914521+00:00] tray: entering main loop
[2026-05-23T15:01:47.917963+00:00] tray: main loop ended
[2026-05-23T15:22:07.722647+00:00] smoke test begin
[2026-05-23T15:22:07.724283+00:00] smoke test PASS
  .env file=PASS (ok)
  config loaded=PASS (ok)
  pystray import=PASS (ok)
  Pillow import=PASS (ok)
  PySide6 import=PASS (ok)
  openwakeword import=PASS (ok)
  onnxruntime import=PASS (ok)
  sounddevice import=PASS (ok)
  pyttsx3 import=PASS (ok)
  wake word model file=PASS (C:\Users\babi2\AppData\Local\Programs\Python\Python313\Lib\site-packages\openwakeword\resources\models\hey_jarvis_v0.1.onnx)
  microphone query=PASS (18 input device(s))
  overlay config=PASS (OVERLAY_ENABLED=True style=premium_ironman_full theme=jarvis_blue opacity=0.92)
[2026-05-23T15:22:07.726777+00:00] startup header
  executable=C:\Users\babi2\AppData\Local\Programs\Python\Python313\python.exe
  version=3.13.0
  cwd=C:\J.A.R.V.I.S\local_jarvis
  env=yes
  mode=tray+wakeword+speak
[2026-05-23T15:22:10.041204+00:00] startup header
  executable=C:\Users\babi2\AppData\Local\Programs\Python\Python313\python.exe
  version=3.13.0
  cwd=C:\J.A.R.V.I.S\local_jarvis
  env=yes
  mode=tray+wakeword+speak
[2026-05-23T15:22:10.041976+00:00] startup
  mode=tray
  wake=True
  voice=True
  speak=True
  python=C:\Users\babi2\AppData\Local\Programs\Python\Python313\python.exe
[2026-05-23T15:22:10.043221+00:00] background quiet mode: tray only (no console HUD)
[2026-05-23T15:22:10.043742+00:00] tray: entering main loop
[2026-05-23T15:22:10.045017+00:00] tray: main loop ended
[2026-05-23T15:22:10.060973+00:00] watchdog started
[2026-05-23T15:22:10.062147+00:00] tray icon run() starting
[2026-05-23T15:22:10.063097+00:00] tray run() ended
[2026-05-23T15:22:10.068917+00:00] watchdog started
[2026-05-23T15:22:10.069981+00:00] tray icon run() starting
[2026-05-23T15:22:10.070766+00:00] tray run() ended
[2026-05-23T15:22:10.073184+00:00] startup header
  executable=C:\Users\babi2\AppData\Local\Programs\Python\Python313\python.exe
  version=3.13.0
  cwd=C:\J.A.R.V.I.S\local_jarvis
  env=yes
  mode=smoke
[2026-05-23T15:22:10.076037+00:00] startup header
  executable=C:\Users\babi2\AppData\Local\Programs\Python\Python313\python.exe
  version=3.13.0
  cwd=C:\J.A.R.V.I.S\local_jarvis
  env=yes
  mode=tray+wakeword(env)+debug-startup
[2026-05-23T15:22:10.896068+00:00] startup header
  executable=C:\Users\babi2\AppData\Local\Programs\Python\Python313\python.exe
  version=3.13.0
  cwd=C:\J.A.R.V.I.S\local_jarvis
  env=yes
  mode=tray+wakeword(env)+debug-startup
[2026-05-23T15:22:10.896894+00:00] startup
  mode=tray
  wake=True
  voice=True
  speak=False
  python=C:\Users\babi2\AppData\Local\Programs\Python\Python313\python.exe
[2026-05-23T15:22:10.898102+00:00] background quiet mode: tray only (no console HUD)
[2026-05-23T15:22:10.899466+00:00] tray: entering main loop
[2026-05-23T15:22:10.903142+00:00] tray: main loop ended
[2026-05-23T15:24:56.886275+00:00] smoke test begin
[2026-05-23T15:24:56.887738+00:00] smoke test PASS
  .env file=PASS (ok)
  config loaded=PASS (ok)
  pystray import=PASS (ok)
  Pillow import=PASS (ok)
  PySide6 import=PASS (ok)
  openwakeword import=PASS (ok)
  onnxruntime import=PASS (ok)
  sounddevice import=PASS (ok)
  pyttsx3 import=PASS (ok)
  wake word model file=PASS (C:\Users\babi2\AppData\Local\Programs\Python\Python313\Lib\site-packages\openwakeword\resources\models\hey_jarvis_v0.1.onnx)
  microphone query=PASS (18 input device(s))
  overlay config=PASS (OVERLAY_ENABLED=True style=premium_ironman_full theme=jarvis_blue opacity=0.92)
[2026-05-23T15:24:56.890288+00:00] startup header
  executable=C:\Users\babi2\AppData\Local\Programs\Python\Python313\python.exe
  version=3.13.0
  cwd=C:\J.A.R.V.I.S\local_jarvis
  env=yes
  mode=tray+wakeword+speak
[2026-05-23T15:24:59.856318+00:00] startup header
  executable=C:\Users\babi2\AppData\Local\Programs\Python\Python313\python.exe
  version=3.13.0
  cwd=C:\J.A.R.V.I.S\local_jarvis
  env=yes
  mode=tray+wakeword+speak
[2026-05-23T15:24:59.857182+00:00] startup
  mode=tray
  wake=True
  voice=True
  speak=True
  python=C:\Users\babi2\AppData\Local\Programs\Python\Python313\python.exe
[2026-05-23T15:24:59.858377+00:00] background quiet mode: tray only (no console HUD)
[2026-05-23T15:24:59.858905+00:00] tray: entering main loop
[2026-05-23T15:24:59.859610+00:00] tray: main loop ended
[2026-05-23T15:24:59.875293+00:00] watchdog started
[2026-05-23T15:24:59.876509+00:00] tray icon run() starting
[2026-05-23T15:24:59.877257+00:00] tray run() ended
[2026-05-23T15:24:59.885419+00:00] watchdog started
[2026-05-23T15:24:59.886331+00:00] tray icon run() starting
[2026-05-23T15:24:59.887097+00:00] tray run() ended
[2026-05-23T15:24:59.889713+00:00] startup header
  executable=C:\Users\babi2\AppData\Local\Programs\Python\Python313\python.exe
  version=3.13.0
  cwd=C:\J.A.R.V.I.S\local_jarvis
  env=yes
  mode=smoke
[2026-05-23T15:24:59.892598+00:00] startup header
  executable=C:\Users\babi2\AppData\Local\Programs\Python\Python313\python.exe
  version=3.13.0
  cwd=C:\J.A.R.V.I.S\local_jarvis
  env=yes
  mode=tray+wakeword(env)+debug-startup
[2026-05-23T15:25:01.010833+00:00] startup header
  executable=C:\Users\babi2\AppData\Local\Programs\Python\Python313\python.exe
  version=3.13.0
  cwd=C:\J.A.R.V.I.S\local_jarvis
  env=yes
  mode=tray+wakeword(env)+debug-startup
[2026-05-23T15:25:01.011578+00:00] startup
  mode=tray
  wake=True
  voice=True
  speak=False
  python=C:\Users\babi2\AppData\Local\Programs\Python\Python313\python.exe
[2026-05-23T15:25:01.013063+00:00] background quiet mode: tray only (no console HUD)
[2026-05-23T15:25:01.014269+00:00] tray: entering main loop
[2026-05-23T15:25:01.018018+00:00] tray: main loop ended
[2026-05-23T15:50:02.478128+00:00] smoke test begin
[2026-05-23T15:50:02.479645+00:00] smoke test PASS
  .env file=PASS (ok)
  config loaded=PASS (ok)
  pystray import=PASS (ok)
  Pillow import=PASS (ok)
  PySide6 import=PASS (ok)
  openwakeword import=PASS (ok)
  onnxruntime import=PASS (ok)
  sounddevice import=PASS (ok)
  pyttsx3 import=PASS (ok)
  wake word model file=PASS (C:\Users\babi2\AppData\Local\Programs\Python\Python313\Lib\site-packages\openwakeword\resources\models\hey_jarvis_v0.1.onnx)
  microphone query=PASS (18 input device(s))
  overlay config=PASS (OVERLAY_ENABLED=True style=premium_ironman_full theme=jarvis_blue opacity=0.92)
[2026-05-23T15:50:02.482271+00:00] startup header
  executable=C:\Users\babi2\AppData\Local\Programs\Python\Python313\python.exe
  version=3.13.0
  cwd=C:\J.A.R.V.I.S\local_jarvis
  env=yes
  mode=tray+wakeword+speak
[2026-05-23T15:50:07.460359+00:00] startup header
  executable=C:\Users\babi2\AppData\Local\Programs\Python\Python313\python.exe
  version=3.13.0
  cwd=C:\J.A.R.V.I.S\local_jarvis
  env=yes
  mode=tray+wakeword+speak
[2026-05-23T15:50:07.461135+00:00] startup
  mode=tray
  wake=True
  voice=True
  speak=True
  python=C:\Users\babi2\AppData\Local\Programs\Python\Python313\python.exe
[2026-05-23T15:50:07.462588+00:00] background quiet mode: tray only (no console HUD)
[2026-05-23T15:50:07.463108+00:00] tray: entering main loop
[2026-05-23T15:50:07.463824+00:00] tray: main loop ended
[2026-05-23T15:50:07.480226+00:00] watchdog started
[2026-05-23T15:50:07.481234+00:00] tray icon run() starting
[2026-05-23T15:50:07.482032+00:00] tray run() ended
[2026-05-23T15:50:07.488167+00:00] watchdog started
[2026-05-23T15:50:07.489073+00:00] tray icon run() starting
[2026-05-23T15:50:07.489804+00:00] tray run() ended
[2026-05-23T15:50:07.492402+00:00] startup header
  executable=C:\Users\babi2\AppData\Local\Programs\Python\Python313\python.exe
  version=3.13.0
  cwd=C:\J.A.R.V.I.S\local_jarvis
  env=yes
  mode=smoke
[2026-05-23T15:50:07.495499+00:00] startup header
  executable=C:\Users\babi2\AppData\Local\Programs\Python\Python313\python.exe
  version=3.13.0
  cwd=C:\J.A.R.V.I.S\local_jarvis
  env=yes
  mode=tray+wakeword(env)+debug-startup
[2026-05-23T15:50:08.511013+00:00] startup header
  executable=C:\Users\babi2\AppData\Local\Programs\Python\Python313\python.exe
  version=3.13.0
  cwd=C:\J.A.R.V.I.S\local_jarvis
  env=yes
  mode=tray+wakeword(env)+debug-startup
[2026-05-23T15:50:08.511801+00:00] startup
  mode=tray
  wake=True
  voice=True
  speak=False
  python=C:\Users\babi2\AppData\Local\Programs\Python\Python313\python.exe
[2026-05-23T15:50:08.513207+00:00] background quiet mode: tray only (no console HUD)
[2026-05-23T15:50:08.514389+00:00] tray: entering main loop
[2026-05-23T15:50:08.518363+00:00] tray: main loop ended
[2026-05-23T15:59:13.182149+00:00] smoke test begin
[2026-05-23T15:59:13.183589+00:00] smoke test PASS
  .env file=PASS (ok)
  config loaded=PASS (ok)
  pystray import=PASS (ok)
  Pillow import=PASS (ok)
  PySide6 import=PASS (ok)
  openwakeword import=PASS (ok)
  onnxruntime import=PASS (ok)
  sounddevice import=PASS (ok)
  pyttsx3 import=PASS (ok)
  wake word model file=PASS (C:\Users\babi2\AppData\Local\Programs\Python\Python313\Lib\site-packages\openwakeword\resources\models\hey_jarvis_v0.1.onnx)
  microphone query=PASS (18 input device(s))
  overlay config=PASS (OVERLAY_ENABLED=True style=premium_ironman_full theme=jarvis_blue opacity=0.92)
[2026-05-23T15:59:13.187477+00:00] startup header
  executable=C:\Users\babi2\AppData\Local\Programs\Python\Python313\python.exe
  version=3.13.0
  cwd=C:\J.A.R.V.I.S\local_jarvis
  env=yes
  mode=tray+wakeword+speak
[2026-05-23T15:59:15.383881+00:00] startup header
  executable=C:\Users\babi2\AppData\Local\Programs\Python\Python313\python.exe
  version=3.13.0
  cwd=C:\J.A.R.V.I.S\local_jarvis
  env=yes
  mode=tray+wakeword+speak
[2026-05-23T15:59:15.384693+00:00] startup
  mode=tray
  wake=True
  voice=True
  speak=True
  python=C:\Users\babi2\AppData\Local\Programs\Python\Python313\python.exe
[2026-05-23T15:59:15.386151+00:00] background quiet mode: tray only (no console HUD)
[2026-05-23T15:59:15.386773+00:00] tray: entering main loop
[2026-05-23T15:59:15.387562+00:00] tray: main loop ended
[2026-05-23T15:59:18.474570+00:00] watchdog started
[2026-05-23T15:59:18.475900+00:00] tray icon run() starting
[2026-05-23T15:59:18.476713+00:00] tray run() ended
[2026-05-23T15:59:24.614377+00:00] watchdog started
[2026-05-23T15:59:24.615747+00:00] tray icon run() starting
[2026-05-23T15:59:24.616492+00:00] tray run() ended
[2026-05-23T15:59:27.384865+00:00] startup header
  executable=C:\Users\babi2\AppData\Local\Programs\Python\Python313\python.exe
  version=3.13.0
  cwd=C:\J.A.R.V.I.S\local_jarvis
  env=yes
  mode=smoke
[2026-05-23T15:59:27.388905+00:00] startup header
  executable=C:\Users\babi2\AppData\Local\Programs\Python\Python313\python.exe
  version=3.13.0
  cwd=C:\J.A.R.V.I.S\local_jarvis
  env=yes
  mode=tray+wakeword(env)+debug-startup
[2026-05-23T15:59:28.964641+00:00] startup header
  executable=C:\Users\babi2\AppData\Local\Programs\Python\Python313\python.exe
  version=3.13.0
  cwd=C:\J.A.R.V.I.S\local_jarvis
  env=yes
  mode=tray+wakeword(env)+debug-startup
[2026-05-23T15:59:28.965633+00:00] startup
  mode=tray
  wake=True
  voice=True
  speak=False
  python=C:\Users\babi2\AppData\Local\Programs\Python\Python313\python.exe
[2026-05-23T15:59:28.967085+00:00] background quiet mode: tray only (no console HUD)
[2026-05-23T15:59:28.968221+00:00] tray: entering main loop
[2026-05-23T15:59:28.971876+00:00] tray: main loop ended
[2026-05-23T17:44:15.464204+00:00] startup header
  executable=C:\Users\babi2\AppData\Local\Programs\Python\Python313\python.exe
  version=3.13.0
  cwd=C:\J.A.R.V.I.S\local_jarvis
  env=yes
  mode=tray+voice+wakeword+speak
[2026-05-23T17:44:15.537625+00:00] import pystray: ok
[2026-05-23T17:44:15.556502+00:00] import Pillow: ok
[2026-05-23T17:44:25.076063+00:00] import openwakeword: ok
[2026-05-23T17:44:25.076971+00:00] import onnxruntime: ok
[2026-05-23T17:44:25.316273+00:00] import sounddevice: ok
[2026-05-23T17:44:25.320100+00:00] import pyttsx3: ok
[2026-05-23T17:44:25.405016+00:00] import PySide6: ok
[2026-05-23T17:44:47.891635+00:00] startup header
  executable=C:\Users\babi2\AppData\Local\Programs\Python\Python313\python.exe
  version=3.13.0
  cwd=C:\J.A.R.V.I.S\local_jarvis
  env=yes
  mode=tray+voice+wakeword+speak
[2026-05-23T17:44:47.892683+00:00] startup
  mode=tray
  wake=True
  voice=True
  speak=True
  python=C:\Users\babi2\AppData\Local\Programs\Python\Python313\python.exe
[2026-05-23T17:44:47.928214+00:00] background quiet mode: tray only (no console HUD)
[2026-05-23T17:44:47.929201+00:00] tray: entering main loop
[2026-05-23T17:44:48.116917+00:00] watchdog started
[2026-05-23T17:44:48.165564+00:00] tray icon run() starting
[2026-05-23T17:52:47.402181+00:00] startup header
  executable=C:\Users\babi2\AppData\Local\Programs\Python\Python313\python.exe
  version=3.13.0
  cwd=C:\J.A.R.V.I.S\local_jarvis
  env=yes
  mode=text(default)+wakeword(env)
[2026-05-23T17:52:47.445034+00:00] import pystray: ok
[2026-05-23T17:52:47.446971+00:00] import Pillow: ok
[2026-05-23T17:52:52.226747+00:00] import openwakeword: ok
[2026-05-23T17:52:52.227463+00:00] import onnxruntime: ok
[2026-05-23T17:52:52.438379+00:00] import sounddevice: ok
[2026-05-23T17:52:52.440792+00:00] import pyttsx3: ok
[2026-05-23T17:52:52.519544+00:00] import PySide6: ok
[2026-05-23T17:53:00.997355+00:00] startup header
  executable=C:\Users\babi2\AppData\Local\Programs\Python\Python313\python.exe
  version=3.13.0
  cwd=C:\J.A.R.V.I.S\local_jarvis
  env=yes
  mode=text(default)+wakeword(env)
[2026-05-23T17:53:00.998306+00:00] startup
  mode=other
  wake=True
  voice=True
  speak=True
  python=C:\Users\babi2\AppData\Local\Programs\Python\Python313\python.exe
[2026-05-23T17:53:01.009082+00:00] wakeword-only: detector starting
[2026-05-23T17:53:01.020317+00:00] wakeword-only: keepalive loop
[2026-05-23T17:55:09.243833+00:00] wakeword-only: stopped
[2026-05-23T17:55:11.414616+00:00] startup header
  executable=C:\Users\babi2\AppData\Local\Programs\Python\Python313\python.exe
  version=3.13.0
  cwd=C:\J.A.R.V.I.S\local_jarvis
  env=yes
  mode=text(default)+wakeword(env)
[2026-05-23T17:55:11.458266+00:00] import pystray: ok
[2026-05-23T17:55:11.460284+00:00] import Pillow: ok
[2026-05-23T17:55:16.324592+00:00] import openwakeword: ok
[2026-05-23T17:55:16.325258+00:00] import onnxruntime: ok
[2026-05-23T17:55:16.517513+00:00] import sounddevice: ok
[2026-05-23T17:55:16.519929+00:00] import pyttsx3: ok
[2026-05-23T17:55:16.593627+00:00] import PySide6: ok
[2026-05-23T17:55:25.731720+00:00] startup header
  executable=C:\Users\babi2\AppData\Local\Programs\Python\Python313\python.exe
  version=3.13.0
  cwd=C:\J.A.R.V.I.S\local_jarvis
  env=yes
  mode=text(default)+wakeword(env)
[2026-05-23T17:55:25.732792+00:00] startup
  mode=other
  wake=True
  voice=True
  speak=True
  python=C:\Users\babi2\AppData\Local\Programs\Python\Python313\python.exe
[2026-05-23T17:55:25.798071+00:00] wakeword-only: detector starting
[2026-05-23T17:55:25.808362+00:00] wakeword-only: keepalive loop
[2026-05-23T18:17:08.564631+00:00] smoke test begin
[2026-05-23T18:17:08.566208+00:00] smoke test PASS
  .env file=PASS (ok)
  config loaded=PASS (ok)
  pystray import=PASS (ok)
  Pillow import=PASS (ok)
  PySide6 import=PASS (ok)
  openwakeword import=PASS (ok)
  onnxruntime import=PASS (ok)
  sounddevice import=PASS (ok)
  pyttsx3 import=PASS (ok)
  wake word model file=PASS (C:\Users\babi2\AppData\Local\Programs\Python\Python313\Lib\site-packages\openwakeword\resources\models\hey_jarvis_v0.1.onnx)
  microphone query=PASS (18 input device(s))
  overlay config=PASS (OVERLAY_ENABLED=True style=premium_ironman_full theme=jarvis_blue opacity=0.92)
[2026-05-23T18:17:11.841861+00:00] startup header
  executable=C:\Users\babi2\AppData\Local\Programs\Python\Python313\python.exe
  version=3.13.0
  cwd=C:\J.A.R.V.I.S\local_jarvis
  env=yes
  mode=tray+wakeword+speak
[2026-05-23T18:17:18.138819+00:00] startup header
  executable=C:\Users\babi2\AppData\Local\Programs\Python\Python313\python.exe
  version=3.13.0
  cwd=C:\J.A.R.V.I.S\local_jarvis
  env=yes
  mode=tray+wakeword+speak
[2026-05-23T18:17:18.139752+00:00] startup
  mode=tray
  wake=True
  voice=True
  speak=True
  python=C:\Users\babi2\AppData\Local\Programs\Python\Python313\python.exe
[2026-05-23T18:17:18.140933+00:00] background quiet mode: tray only (no console HUD)
[2026-05-23T18:17:18.141601+00:00] tray: entering main loop
[2026-05-23T18:17:18.142599+00:00] tray: main loop ended
[2026-05-23T18:17:21.404730+00:00] watchdog started
[2026-05-23T18:17:21.406274+00:00] tray icon run() starting
[2026-05-23T18:17:21.407161+00:00] tray run() ended
[2026-05-23T18:17:27.807277+00:00] watchdog started
[2026-05-23T18:17:27.808574+00:00] tray icon run() starting
[2026-05-23T18:17:27.809389+00:00] tray run() ended
[2026-05-23T18:17:31.000560+00:00] startup header
  executable=C:\Users\babi2\AppData\Local\Programs\Python\Python313\python.exe
  version=3.13.0
  cwd=C:\J.A.R.V.I.S\local_jarvis
  env=yes
  mode=smoke
[2026-05-23T18:17:34.029343+00:00] startup header
  executable=C:\Users\babi2\AppData\Local\Programs\Python\Python313\python.exe
  version=3.13.0
  cwd=C:\J.A.R.V.I.S\local_jarvis
  env=yes
  mode=tray+wakeword(env)+debug-startup
[2026-05-23T18:20:23.960531+00:00] startup header
  executable=C:\Users\babi2\AppData\Local\Programs\Python\Python313\python.exe
  version=3.13.0
  cwd=C:\J.A.R.V.I.S\local_jarvis
  env=yes
  mode=tray+wakeword(env)+debug-startup
[2026-05-23T18:20:23.961351+00:00] startup
  mode=tray
  wake=True
  voice=True
  speak=False
  python=C:\Users\babi2\AppData\Local\Programs\Python\Python313\python.exe
[2026-05-23T18:20:23.962703+00:00] background quiet mode: tray only (no console HUD)
[2026-05-23T18:20:23.963826+00:00] tray: entering main loop
[2026-05-23T18:20:24.016820+00:00] tray: main loop ended
[2026-05-23T19:04:04.282219+00:00] smoke test begin
[2026-05-23T19:04:04.284051+00:00] smoke test PASS
  .env file=PASS (ok)
  config loaded=PASS (ok)
  pystray import=PASS (ok)
  Pillow import=PASS (ok)
  PySide6 import=PASS (ok)
  openwakeword import=PASS (ok)
  onnxruntime import=PASS (ok)
  sounddevice import=PASS (ok)
  pyttsx3 import=PASS (ok)
  wake word model file=PASS (C:\Users\babi2\AppData\Local\Programs\Python\Python313\Lib\site-packages\openwakeword\resources\models\hey_jarvis_v0.1.onnx)
  microphone query=PASS (18 input device(s))
  overlay config=PASS (OVERLAY_ENABLED=True style=premium_ironman_full theme=jarvis_blue opacity=0.92)
[2026-05-23T19:04:07.549400+00:00] startup header
  executable=C:\Users\babi2\AppData\Local\Programs\Python\Python313\python.exe
  version=3.13.0
  cwd=C:\J.A.R.V.I.S\local_jarvis
  env=yes
  mode=tray+wakeword+speak
[2026-05-23T19:04:10.190720+00:00] startup header
  executable=C:\Users\babi2\AppData\Local\Programs\Python\Python313\python.exe
  version=3.13.0
  cwd=C:\J.A.R.V.I.S\local_jarvis
  env=yes
  mode=tray+wakeword+speak
[2026-05-23T19:04:10.191438+00:00] startup
  mode=tray
  wake=True
  voice=True
  speak=True
  python=C:\Users\babi2\AppData\Local\Programs\Python\Python313\python.exe
[2026-05-23T19:04:10.192620+00:00] background quiet mode: tray only (no console HUD)
[2026-05-23T19:04:10.193176+00:00] tray: entering main loop
[2026-05-23T19:04:10.194204+00:00] tray: main loop ended
[2026-05-23T19:04:13.370313+00:00] watchdog started
[2026-05-23T19:04:13.372367+00:00] tray icon run() starting
[2026-05-23T19:04:13.373215+00:00] tray run() ended
[2026-05-23T19:04:19.776690+00:00] watchdog started
[2026-05-23T19:04:19.778140+00:00] tray icon run() starting
[2026-05-23T19:04:19.778971+00:00] tray run() ended
[2026-05-23T19:04:22.964119+00:00] startup header
  executable=C:\Users\babi2\AppData\Local\Programs\Python\Python313\python.exe
  version=3.13.0
  cwd=C:\J.A.R.V.I.S\local_jarvis
  env=yes
  mode=smoke
[2026-05-23T19:04:25.992566+00:00] startup header
  executable=C:\Users\babi2\AppData\Local\Programs\Python\Python313\python.exe
  version=3.13.0
  cwd=C:\J.A.R.V.I.S\local_jarvis
  env=yes
  mode=tray+wakeword(env)+debug-startup
[2026-05-23T19:07:16.277961+00:00] startup header
  executable=C:\Users\babi2\AppData\Local\Programs\Python\Python313\python.exe
  version=3.13.0
  cwd=C:\J.A.R.V.I.S\local_jarvis
  env=yes
  mode=tray+wakeword(env)+debug-startup
[2026-05-23T19:07:16.278824+00:00] startup
  mode=tray
  wake=True
  voice=True
  speak=False
  python=C:\Users\babi2\AppData\Local\Programs\Python\Python313\python.exe
[2026-05-23T19:07:16.280401+00:00] background quiet mode: tray only (no console HUD)
[2026-05-23T19:07:16.281804+00:00] tray: entering main loop
[2026-05-23T19:07:16.286627+00:00] tray: main loop ended
[2026-05-24T12:21:25.153570+00:00] startup header
  executable=C:\Users\babi2\AppData\Local\Programs\Python\Python313\python.exe
  version=3.13.0
  cwd=C:\J.A.R.V.I.S\local_jarvis
  env=yes
  mode=text(default)+wakeword(env)
[2026-05-24T12:21:25.196660+00:00] import pystray: ok
[2026-05-24T12:21:25.198452+00:00] import Pillow: ok
[2026-05-24T12:21:30.201319+00:00] import openwakeword: ok
[2026-05-24T12:21:30.201978+00:00] import onnxruntime: ok
[2026-05-24T12:21:30.392894+00:00] import sounddevice: ok
[2026-05-24T12:21:30.395196+00:00] import pyttsx3: ok
[2026-05-24T12:21:30.488124+00:00] import PySide6: ok
[2026-05-24T12:21:36.767424+00:00] startup header
  executable=C:\Users\babi2\AppData\Local\Programs\Python\Python313\python.exe
  version=3.13.0
  cwd=C:\J.A.R.V.I.S\local_jarvis
  env=yes
  mode=text(default)+wakeword(env)
[2026-05-24T12:21:36.768263+00:00] startup
  mode=other
  wake=True
  voice=True
  speak=True
  python=C:\Users\babi2\AppData\Local\Programs\Python\Python313\python.exe
[2026-05-24T12:21:36.775330+00:00] wakeword-only: detector starting
[2026-05-24T12:21:36.777260+00:00] wakeword-only: keepalive loop
[2026-05-24T12:23:13.619242+00:00] wakeword-only: stopped
[2026-05-24T12:37:41.791445+00:00] startup header
  executable=C:\Users\babi2\AppData\Local\Programs\Python\Python313\python.exe
  version=3.13.0
  cwd=C:\J.A.R.V.I.S\local_jarvis
  env=yes
  mode=text(default)+wakeword(env)
[2026-05-24T12:37:41.840889+00:00] import pystray: ok
[2026-05-24T12:37:41.843355+00:00] import Pillow: ok
[2026-05-24T12:37:42.818092+00:00] import openwakeword: ok
[2026-05-24T12:37:42.818731+00:00] import onnxruntime: ok
[2026-05-24T12:37:43.001505+00:00] import sounddevice: ok
[2026-05-24T12:37:43.003758+00:00] import pyttsx3: ok
[2026-05-24T12:37:43.032887+00:00] import PySide6: ok
[2026-05-24T12:37:46.573009+00:00] startup header
  executable=C:\Users\babi2\AppData\Local\Programs\Python\Python313\python.exe
  version=3.13.0
  cwd=C:\J.A.R.V.I.S\local_jarvis
  env=yes
  mode=text(default)+wakeword(env)
[2026-05-24T12:37:46.573692+00:00] startup
  mode=other
  wake=True
  voice=True
  speak=True
  python=C:\Users\babi2\AppData\Local\Programs\Python\Python313\python.exe
[2026-05-24T12:37:46.578508+00:00] wakeword-only: detector starting
[2026-05-24T12:37:46.593381+00:00] wakeword-only: keepalive loop
[2026-05-24T13:27:50.698395+00:00] startup header
  executable=C:\Users\babi2\AppData\Local\Programs\Python\Python313\python.exe
  version=3.13.0
  cwd=C:\J.A.R.V.I.S\local_jarvis
  env=yes
  mode=text(default)+wakeword(env)
[2026-05-24T13:27:50.741434+00:00] import pystray: ok
[2026-05-24T13:27:50.743354+00:00] import Pillow: ok
[2026-05-24T13:27:51.779930+00:00] import openwakeword: ok
[2026-05-24T13:27:51.780572+00:00] import onnxruntime: ok
[2026-05-24T13:27:51.972163+00:00] import sounddevice: ok
[2026-05-24T13:27:51.974462+00:00] import pyttsx3: ok
[2026-05-24T13:27:52.004763+00:00] import PySide6: ok
[2026-05-24T13:27:55.913495+00:00] startup header
  executable=C:\Users\babi2\AppData\Local\Programs\Python\Python313\python.exe
  version=3.13.0
  cwd=C:\J.A.R.V.I.S\local_jarvis
  env=yes
  mode=text(default)+wakeword(env)
[2026-05-24T13:27:55.914290+00:00] startup
  mode=other
  wake=True
  voice=True
  speak=True
  python=C:\Users\babi2\AppData\Local\Programs\Python\Python313\python.exe
[2026-05-24T13:27:55.921222+00:00] wakeword-only: detector starting
[2026-05-24T13:27:55.933021+00:00] wakeword-only: keepalive loop
[2026-05-24T14:07:09.281620+00:00] smoke test begin
[2026-05-24T14:07:09.283217+00:00] smoke test PASS
  .env file=PASS (ok)
  config loaded=PASS (ok)
  pystray import=PASS (ok)
  Pillow import=PASS (ok)
  PySide6 import=PASS (ok)
  openwakeword import=PASS (ok)
  onnxruntime import=PASS (ok)
  sounddevice import=PASS (ok)
  pyttsx3 import=PASS (ok)
  wake word model file=PASS (C:\Users\babi2\AppData\Local\Programs\Python\Python313\Lib\site-packages\openwakeword\resources\models\hey_jarvis_v0.1.onnx)
  microphone query=PASS (18 input device(s))
  overlay config=PASS (OVERLAY_ENABLED=True style=premium_ironman_full theme=jarvis_blue opacity=0.92)
[2026-05-24T14:07:12.559699+00:00] startup header
  executable=C:\Users\babi2\AppData\Local\Programs\Python\Python313\python.exe
  version=3.13.0
  cwd=C:\J.A.R.V.I.S\local_jarvis
  env=yes
  mode=tray+wakeword+speak
[2026-05-24T14:07:16.377350+00:00] startup header
  executable=C:\Users\babi2\AppData\Local\Programs\Python\Python313\python.exe
  version=3.13.0
  cwd=C:\J.A.R.V.I.S\local_jarvis
  env=yes
  mode=tray+wakeword+speak
[2026-05-24T14:07:16.378099+00:00] startup
  mode=tray
  wake=True
  voice=True
  speak=True
  python=C:\Users\babi2\AppData\Local\Programs\Python\Python313\python.exe
[2026-05-24T14:07:16.379306+00:00] background quiet mode: tray only (no console HUD)
[2026-05-24T14:07:16.379862+00:00] tray: entering main loop
[2026-05-24T14:07:16.380677+00:00] tray: main loop ended
[2026-05-24T14:07:19.625989+00:00] watchdog started
[2026-05-24T14:07:19.627327+00:00] tray icon run() starting
[2026-05-24T14:07:19.628329+00:00] tray run() ended
[2026-05-24T14:07:26.023184+00:00] watchdog started
[2026-05-24T14:07:26.024468+00:00] tray icon run() starting
[2026-05-24T14:07:26.025276+00:00] tray run() ended
[2026-05-24T14:07:29.220484+00:00] startup header
  executable=C:\Users\babi2\AppData\Local\Programs\Python\Python313\python.exe
  version=3.13.0
  cwd=C:\J.A.R.V.I.S\local_jarvis
  env=yes
  mode=smoke
[2026-05-24T14:07:32.238616+00:00] startup header
  executable=C:\Users\babi2\AppData\Local\Programs\Python\Python313\python.exe
  version=3.13.0
  cwd=C:\J.A.R.V.I.S\local_jarvis
  env=yes
  mode=tray+wakeword(env)+debug-startup
[2026-05-24T14:07:35.186673+00:00] startup header
  executable=C:\Users\babi2\AppData\Local\Programs\Python\Python313\python.exe
  version=3.13.0
  cwd=C:\J.A.R.V.I.S\local_jarvis
  env=yes
  mode=tray+wakeword(env)+debug-startup
[2026-05-24T14:07:35.187470+00:00] startup
  mode=tray
  wake=True
  voice=True
  speak=False
  python=C:\Users\babi2\AppData\Local\Programs\Python\Python313\python.exe
[2026-05-24T14:07:35.188883+00:00] background quiet mode: tray only (no console HUD)
[2026-05-24T14:07:35.190168+00:00] tray: entering main loop
[2026-05-24T14:07:35.252209+00:00] tray: main loop ended
[2026-05-24T14:29:11.021008+00:00] smoke test begin
[2026-05-24T14:29:11.022560+00:00] smoke test PASS
  .env file=PASS (ok)
  config loaded=PASS (ok)
  pystray import=PASS (ok)
  Pillow import=PASS (ok)
  PySide6 import=PASS (ok)
  openwakeword import=PASS (ok)
  onnxruntime import=PASS (ok)
  sounddevice import=PASS (ok)
  pyttsx3 import=PASS (ok)
  wake word model file=PASS (C:\Users\babi2\AppData\Local\Programs\Python\Python313\Lib\site-packages\openwakeword\resources\models\hey_jarvis_v0.1.onnx)
  microphone query=PASS (18 input device(s))
  overlay config=PASS (OVERLAY_ENABLED=True style=premium_ironman_full theme=jarvis_blue opacity=0.92)
[2026-05-24T14:29:14.292657+00:00] startup header
  executable=C:\Users\babi2\AppData\Local\Programs\Python\Python313\python.exe
  version=3.13.0
  cwd=C:\J.A.R.V.I.S\local_jarvis
  env=yes
  mode=tray+wakeword+speak
[2026-05-24T14:29:18.163085+00:00] startup header
  executable=C:\Users\babi2\AppData\Local\Programs\Python\Python313\python.exe
  version=3.13.0
  cwd=C:\J.A.R.V.I.S\local_jarvis
  env=yes
  mode=tray+wakeword+speak
[2026-05-24T14:29:18.163817+00:00] startup
  mode=tray
  wake=True
  voice=True
  speak=True
  python=C:\Users\babi2\AppData\Local\Programs\Python\Python313\python.exe
[2026-05-24T14:29:18.165056+00:00] background quiet mode: tray only (no console HUD)
[2026-05-24T14:29:18.165658+00:00] tray: entering main loop
[2026-05-24T14:29:18.166435+00:00] tray: main loop ended
[2026-05-24T14:29:21.413666+00:00] watchdog started
[2026-05-24T14:29:21.415017+00:00] tray icon run() starting
[2026-05-24T14:29:21.416050+00:00] tray run() ended
[2026-05-24T14:29:27.798250+00:00] watchdog started
[2026-05-24T14:29:27.799873+00:00] tray icon run() starting
[2026-05-24T14:29:27.800711+00:00] tray run() ended
[2026-05-24T14:29:30.979236+00:00] startup header
  executable=C:\Users\babi2\AppData\Local\Programs\Python\Python313\python.exe
  version=3.13.0
  cwd=C:\J.A.R.V.I.S\local_jarvis
  env=yes
  mode=smoke
[2026-05-24T14:29:33.992953+00:00] startup header
  executable=C:\Users\babi2\AppData\Local\Programs\Python\Python313\python.exe
  version=3.13.0
  cwd=C:\J.A.R.V.I.S\local_jarvis
  env=yes
  mode=tray+wakeword(env)+debug-startup
[2026-05-24T14:29:36.874912+00:00] startup header
  executable=C:\Users\babi2\AppData\Local\Programs\Python\Python313\python.exe
  version=3.13.0
  cwd=C:\J.A.R.V.I.S\local_jarvis
  env=yes
  mode=tray+wakeword(env)+debug-startup
[2026-05-24T14:29:36.875675+00:00] startup
  mode=tray
  wake=True
  voice=True
  speak=False
  python=C:\Users\babi2\AppData\Local\Programs\Python\Python313\python.exe
[2026-05-24T14:29:36.876957+00:00] background quiet mode: tray only (no console HUD)
[2026-05-24T14:29:36.878195+00:00] tray: entering main loop
[2026-05-24T14:29:36.881852+00:00] tray: main loop ended
[2026-05-24T14:49:28.010424+00:00] wakeword-only: stopped
[2026-05-24T14:52:22.454670+00:00] smoke test begin
[2026-05-24T14:52:22.457162+00:00] smoke test PASS
  .env file=PASS (ok)
  config loaded=PASS (ok)
  pystray import=PASS (ok)
  Pillow import=PASS (ok)
  PySide6 import=PASS (ok)
  openwakeword import=PASS (ok)
  onnxruntime import=PASS (ok)
  sounddevice import=PASS (ok)
  pyttsx3 import=PASS (ok)
  wake word model file=PASS (C:\Users\babi2\AppData\Local\Programs\Python\Python313\Lib\site-packages\openwakeword\resources\models\hey_jarvis_v0.1.onnx)
  microphone query=PASS (18 input device(s))
  overlay config=PASS (OVERLAY_ENABLED=True style=premium_ironman_full theme=jarvis_blue opacity=0.92)
[2026-05-24T14:52:25.725137+00:00] startup header
  executable=C:\Users\babi2\AppData\Local\Programs\Python\Python313\python.exe
  version=3.13.0
  cwd=C:\J.A.R.V.I.S\local_jarvis
  env=yes
  mode=tray+wakeword+speak
[2026-05-24T14:52:31.337425+00:00] startup header
  executable=C:\Users\babi2\AppData\Local\Programs\Python\Python313\python.exe
  version=3.13.0
  cwd=C:\J.A.R.V.I.S\local_jarvis
  env=yes
  mode=tray+wakeword+speak
[2026-05-24T14:52:31.338839+00:00] startup
  mode=tray
  wake=True
  voice=True
  speak=True
  python=C:\Users\babi2\AppData\Local\Programs\Python\Python313\python.exe
[2026-05-24T14:52:31.340849+00:00] background quiet mode: tray only (no console HUD)
[2026-05-24T14:52:31.342162+00:00] tray: entering main loop
[2026-05-24T14:52:31.343419+00:00] tray: main loop ended
[2026-05-24T14:52:34.579671+00:00] watchdog started
[2026-05-24T14:52:34.581719+00:00] tray icon run() starting
[2026-05-24T14:52:34.583288+00:00] tray run() ended
[2026-05-24T14:52:40.962031+00:00] watchdog started
[2026-05-24T14:52:40.964120+00:00] tray icon run() starting
[2026-05-24T14:52:40.965243+00:00] tray run() ended
[2026-05-24T14:52:44.144732+00:00] startup header
  executable=C:\Users\babi2\AppData\Local\Programs\Python\Python313\python.exe
  version=3.13.0
  cwd=C:\J.A.R.V.I.S\local_jarvis
  env=yes
  mode=smoke
[2026-05-24T14:52:47.158011+00:00] startup header
  executable=C:\Users\babi2\AppData\Local\Programs\Python\Python313\python.exe
  version=3.13.0
  cwd=C:\J.A.R.V.I.S\local_jarvis
  env=yes
  mode=tray+wakeword(env)+debug-startup
[2026-05-24T14:52:50.397301+00:00] startup header
  executable=C:\Users\babi2\AppData\Local\Programs\Python\Python313\python.exe
  version=3.13.0
  cwd=C:\J.A.R.V.I.S\local_jarvis
  env=yes
  mode=tray+wakeword(env)+debug-startup
[2026-05-24T14:52:50.398411+00:00] startup
  mode=tray
  wake=True
  voice=True
  speak=False
  python=C:\Users\babi2\AppData\Local\Programs\Python\Python313\python.exe
[2026-05-24T14:52:50.400825+00:00] background quiet mode: tray only (no console HUD)
[2026-05-24T14:52:50.402528+00:00] tray: entering main loop
[2026-05-24T14:52:50.426672+00:00] tray: main loop ended
[2026-05-24T15:17:36.013537+00:00] smoke test begin
[2026-05-24T15:17:36.016303+00:00] smoke test PASS
  .env file=PASS (ok)
  config loaded=PASS (ok)
  pystray import=PASS (ok)
  Pillow import=PASS (ok)
  PySide6 import=PASS (ok)
  openwakeword import=PASS (ok)
  onnxruntime import=PASS (ok)
  sounddevice import=PASS (ok)
  pyttsx3 import=PASS (ok)
  wake word model file=PASS (C:\Users\babi2\AppData\Local\Programs\Python\Python313\Lib\site-packages\openwakeword\resources\models\hey_jarvis_v0.1.onnx)
  microphone query=PASS (18 input device(s))
  overlay config=PASS (OVERLAY_ENABLED=True style=premium_ironman_full theme=jarvis_blue opacity=0.92)
[2026-05-24T15:17:39.292348+00:00] startup header
  executable=C:\Users\babi2\AppData\Local\Programs\Python\Python313\python.exe
  version=3.13.0
  cwd=C:\J.A.R.V.I.S\local_jarvis
  env=yes
  mode=tray+wakeword+speak
[2026-05-24T15:17:44.659809+00:00] startup header
  executable=C:\Users\babi2\AppData\Local\Programs\Python\Python313\python.exe
  version=3.13.0
  cwd=C:\J.A.R.V.I.S\local_jarvis
  env=yes
  mode=tray+wakeword+speak
[2026-05-24T15:17:44.660806+00:00] startup
  mode=tray
  wake=True
  voice=True
  speak=True
  python=C:\Users\babi2\AppData\Local\Programs\Python\Python313\python.exe
[2026-05-24T15:17:44.663358+00:00] background quiet mode: tray only (no console HUD)
[2026-05-24T15:17:44.664172+00:00] tray: entering main loop
[2026-05-24T15:17:44.665192+00:00] tray: main loop ended
[2026-05-24T15:17:47.902588+00:00] watchdog started
[2026-05-24T15:17:47.904806+00:00] tray icon run() starting
[2026-05-24T15:17:47.906004+00:00] tray run() ended
[2026-05-24T15:17:54.293594+00:00] watchdog started
[2026-05-24T15:17:54.295397+00:00] tray icon run() starting
[2026-05-24T15:17:54.296435+00:00] tray run() ended
[2026-05-24T15:17:57.474131+00:00] startup header
  executable=C:\Users\babi2\AppData\Local\Programs\Python\Python313\python.exe
  version=3.13.0
  cwd=C:\J.A.R.V.I.S\local_jarvis
  env=yes
  mode=smoke
[2026-05-24T15:18:00.494080+00:00] startup header
  executable=C:\Users\babi2\AppData\Local\Programs\Python\Python313\python.exe
  version=3.13.0
  cwd=C:\J.A.R.V.I.S\local_jarvis
  env=yes
  mode=tray+wakeword(env)+debug-startup
[2026-05-24T15:18:03.768663+00:00] startup header
  executable=C:\Users\babi2\AppData\Local\Programs\Python\Python313\python.exe
  version=3.13.0
  cwd=C:\J.A.R.V.I.S\local_jarvis
  env=yes
  mode=tray+wakeword(env)+debug-startup
[2026-05-24T15:18:03.769840+00:00] startup
  mode=tray
  wake=True
  voice=True
  speak=False
  python=C:\Users\babi2\AppData\Local\Programs\Python\Python313\python.exe
[2026-05-24T15:18:03.772527+00:00] background quiet mode: tray only (no console HUD)
[2026-05-24T15:18:03.774436+00:00] tray: entering main loop
[2026-05-24T15:18:03.780437+00:00] tray: main loop ended
[2026-05-24T15:50:08.249718+00:00] smoke test begin
[2026-05-24T15:50:08.251955+00:00] smoke test PASS
  .env file=PASS (ok)
  config loaded=PASS (ok)
  pystray import=PASS (ok)
  Pillow import=PASS (ok)
  PySide6 import=PASS (ok)
  openwakeword import=PASS (ok)
  onnxruntime import=PASS (ok)
  sounddevice import=PASS (ok)
  pyttsx3 import=PASS (ok)
  wake word model file=PASS (C:\Users\babi2\AppData\Local\Programs\Python\Python313\Lib\site-packages\openwakeword\resources\models\hey_jarvis_v0.1.onnx)
  microphone query=PASS (18 input device(s))
  overlay config=PASS (OVERLAY_ENABLED=True style=premium_ironman_full theme=jarvis_blue opacity=0.92)
[2026-05-24T15:50:11.537670+00:00] startup header
  executable=C:\Users\babi2\AppData\Local\Programs\Python\Python313\python.exe
  version=3.13.0
  cwd=C:\J.A.R.V.I.S\local_jarvis
  env=yes
  mode=tray+wakeword+speak
[2026-05-24T15:50:17.247368+00:00] startup header
  executable=C:\Users\babi2\AppData\Local\Programs\Python\Python313\python.exe
  version=3.13.0
  cwd=C:\J.A.R.V.I.S\local_jarvis
  env=yes
  mode=tray+wakeword+speak
[2026-05-24T15:50:17.249064+00:00] startup
  mode=tray
  wake=True
  voice=True
  speak=True
  python=C:\Users\babi2\AppData\Local\Programs\Python\Python313\python.exe
[2026-05-24T15:50:17.250741+00:00] background quiet mode: tray only (no console HUD)
[2026-05-24T15:50:17.251625+00:00] tray: entering main loop
[2026-05-24T15:50:17.252820+00:00] tray: main loop ended
[2026-05-24T15:50:20.469477+00:00] watchdog started
[2026-05-24T15:50:20.471208+00:00] tray icon run() starting
[2026-05-24T15:50:20.472727+00:00] tray run() ended
[2026-05-24T15:50:26.891311+00:00] watchdog started
[2026-05-24T15:50:26.893341+00:00] tray icon run() starting
[2026-05-24T15:50:26.894373+00:00] tray run() ended
[2026-05-24T15:50:30.080030+00:00] startup header
  executable=C:\Users\babi2\AppData\Local\Programs\Python\Python313\python.exe
  version=3.13.0
  cwd=C:\J.A.R.V.I.S\local_jarvis
  env=yes
  mode=smoke
[2026-05-24T15:50:33.105370+00:00] startup header
  executable=C:\Users\babi2\AppData\Local\Programs\Python\Python313\python.exe
  version=3.13.0
  cwd=C:\J.A.R.V.I.S\local_jarvis
  env=yes
  mode=tray+wakeword(env)+debug-startup
[2026-05-24T15:50:36.960352+00:00] startup header
  executable=C:\Users\babi2\AppData\Local\Programs\Python\Python313\python.exe
  version=3.13.0
  cwd=C:\J.A.R.V.I.S\local_jarvis
  env=yes
  mode=tray+wakeword(env)+debug-startup
[2026-05-24T15:50:36.961645+00:00] startup
  mode=tray
  wake=True
  voice=True
  speak=False
  python=C:\Users\babi2\AppData\Local\Programs\Python\Python313\python.exe
[2026-05-24T15:50:36.963599+00:00] background quiet mode: tray only (no console HUD)
[2026-05-24T15:50:36.965808+00:00] tray: entering main loop
[2026-05-24T15:50:36.971364+00:00] tray: main loop ended
[2026-05-24T16:28:25.729809+00:00] smoke test begin
[2026-05-24T16:28:25.731622+00:00] smoke test PASS
  .env file=PASS (ok)
  config loaded=PASS (ok)
  pystray import=PASS (ok)
  Pillow import=PASS (ok)
  PySide6 import=PASS (ok)
  openwakeword import=PASS (ok)
  onnxruntime import=PASS (ok)
  sounddevice import=PASS (ok)
  pyttsx3 import=PASS (ok)
  wake word model file=PASS (C:\Users\babi2\AppData\Local\Programs\Python\Python313\Lib\site-packages\openwakeword\resources\models\hey_jarvis_v0.1.onnx)
  microphone query=PASS (18 input device(s))
  overlay config=PASS (OVERLAY_ENABLED=True style=premium_ironman_full theme=jarvis_blue opacity=0.92)
[2026-05-24T16:28:29.014848+00:00] startup header
  executable=C:\Users\babi2\AppData\Local\Programs\Python\Python313\python.exe
  version=3.13.0
  cwd=C:\J.A.R.V.I.S\local_jarvis
  env=yes
  mode=tray+wakeword+speak
[2026-05-24T16:28:33.955448+00:00] startup header
  executable=C:\Users\babi2\AppData\Local\Programs\Python\Python313\python.exe
  version=3.13.0
  cwd=C:\J.A.R.V.I.S\local_jarvis
  env=yes
  mode=tray+wakeword+speak
[2026-05-24T16:28:33.956551+00:00] startup
  mode=tray
  wake=True
  voice=True
  speak=True
  python=C:\Users\babi2\AppData\Local\Programs\Python\Python313\python.exe
[2026-05-24T16:28:33.958357+00:00] background quiet mode: tray only (no console HUD)
[2026-05-24T16:28:33.958982+00:00] tray: entering main loop
[2026-05-24T16:28:33.959796+00:00] tray: main loop ended
[2026-05-24T16:28:37.184751+00:00] watchdog started
[2026-05-24T16:28:37.186273+00:00] tray icon run() starting
[2026-05-24T16:28:37.187516+00:00] tray run() ended
[2026-05-24T16:28:43.599994+00:00] watchdog started
[2026-05-24T16:28:43.601398+00:00] tray icon run() starting
[2026-05-24T16:28:43.602255+00:00] tray run() ended
[2026-05-24T16:28:46.801372+00:00] startup header
  executable=C:\Users\babi2\AppData\Local\Programs\Python\Python313\python.exe
  version=3.13.0
  cwd=C:\J.A.R.V.I.S\local_jarvis
  env=yes
  mode=smoke
[2026-05-24T16:28:49.833800+00:00] startup header
  executable=C:\Users\babi2\AppData\Local\Programs\Python\Python313\python.exe
  version=3.13.0
  cwd=C:\J.A.R.V.I.S\local_jarvis
  env=yes
  mode=tray+wakeword(env)+debug-startup
[2026-05-24T16:28:53.350603+00:00] startup header
  executable=C:\Users\babi2\AppData\Local\Programs\Python\Python313\python.exe
  version=3.13.0
  cwd=C:\J.A.R.V.I.S\local_jarvis
  env=yes
  mode=tray+wakeword(env)+debug-startup
[2026-05-24T16:28:53.351415+00:00] startup
  mode=tray
  wake=True
  voice=True
  speak=False
  python=C:\Users\babi2\AppData\Local\Programs\Python\Python313\python.exe
[2026-05-24T16:28:53.352853+00:00] background quiet mode: tray only (no console HUD)
[2026-05-24T16:28:53.354441+00:00] tray: entering main loop
[2026-05-24T16:28:53.358648+00:00] tray: main loop ended
[2026-05-24T17:20:58.109322+00:00] smoke test begin
[2026-05-24T17:20:58.111372+00:00] smoke test PASS
  .env file=PASS (ok)
  config loaded=PASS (ok)
  pystray import=PASS (ok)
  Pillow import=PASS (ok)
  PySide6 import=PASS (ok)
  openwakeword import=PASS (ok)
  onnxruntime import=PASS (ok)
  sounddevice import=PASS (ok)
  pyttsx3 import=PASS (ok)
  wake word model file=PASS (C:\Users\babi2\AppData\Local\Programs\Python\Python313\Lib\site-packages\openwakeword\resources\models\hey_jarvis_v0.1.onnx)
  microphone query=PASS (18 input device(s))
  overlay config=PASS (OVERLAY_ENABLED=True style=premium_ironman_full theme=jarvis_blue opacity=0.92)
[2026-05-24T17:21:01.400864+00:00] startup header
  executable=C:\Users\babi2\AppData\Local\Programs\Python\Python313\python.exe
  version=3.13.0
  cwd=C:\J.A.R.V.I.S\local_jarvis
  env=yes
  mode=tray+wakeword+speak
[2026-05-24T17:21:13.471172+00:00] startup header
  executable=C:\Users\babi2\AppData\Local\Programs\Python\Python313\python.exe
  version=3.13.0
  cwd=C:\J.A.R.V.I.S\local_jarvis
  env=yes
  mode=tray+wakeword+speak
[2026-05-24T17:21:13.472020+00:00] startup
  mode=tray
  wake=True
  voice=True
  speak=True
  python=C:\Users\babi2\AppData\Local\Programs\Python\Python313\python.exe
[2026-05-24T17:21:13.473269+00:00] background quiet mode: tray only (no console HUD)
[2026-05-24T17:21:13.473864+00:00] tray: entering main loop
[2026-05-24T17:21:13.474874+00:00] tray: main loop ended
[2026-05-24T17:21:16.693216+00:00] watchdog started
[2026-05-24T17:21:16.694625+00:00] tray icon run() starting
[2026-05-24T17:21:16.695689+00:00] tray run() ended
[2026-05-24T17:21:23.153748+00:00] watchdog started
[2026-05-24T17:21:23.155334+00:00] tray icon run() starting
[2026-05-24T17:21:23.156307+00:00] tray run() ended
[2026-05-24T17:21:26.371083+00:00] startup header
  executable=C:\Users\babi2\AppData\Local\Programs\Python\Python313\python.exe
  version=3.13.0
  cwd=C:\J.A.R.V.I.S\local_jarvis
  env=yes
  mode=smoke
[2026-05-24T17:21:29.411829+00:00] startup header
  executable=C:\Users\babi2\AppData\Local\Programs\Python\Python313\python.exe
  version=3.13.0
  cwd=C:\J.A.R.V.I.S\local_jarvis
  env=yes
  mode=tray+wakeword(env)+debug-startup
[2026-05-24T17:21:40.047473+00:00] startup header
  executable=C:\Users\babi2\AppData\Local\Programs\Python\Python313\python.exe
  version=3.13.0
  cwd=C:\J.A.R.V.I.S\local_jarvis
  env=yes
  mode=tray+wakeword(env)+debug-startup
[2026-05-24T17:21:40.048202+00:00] startup
  mode=tray
  wake=True
  voice=True
  speak=False
  python=C:\Users\babi2\AppData\Local\Programs\Python\Python313\python.exe
[2026-05-24T17:21:40.049419+00:00] background quiet mode: tray only (no console HUD)
[2026-05-24T17:21:40.050938+00:00] tray: entering main loop
[2026-05-24T17:21:40.054575+00:00] tray: main loop ended
[2026-05-24T17:37:46.461618+00:00] startup header
  executable=C:\Users\babi2\AppData\Local\Programs\Python\Python313\python.exe
  version=3.13.0
  cwd=C:\J.A.R.V.I.S\local_jarvis
  env=yes
  mode=text(default)+wakeword(env)
[2026-05-24T17:37:46.516891+00:00] import pystray: ok
[2026-05-24T17:37:46.518814+00:00] import Pillow: ok
[2026-05-24T17:37:47.577390+00:00] import openwakeword: ok
[2026-05-24T17:37:47.578011+00:00] import onnxruntime: ok
[2026-05-24T17:37:47.728622+00:00] import sounddevice: ok
[2026-05-24T17:37:47.730865+00:00] import pyttsx3: ok
[2026-05-24T17:37:47.760567+00:00] import PySide6: ok
[2026-05-24T17:38:36.010012+00:00] startup header
  executable=C:\Users\babi2\AppData\Local\Programs\Python\Python313\python.exe
  version=3.13.0
  cwd=C:\J.A.R.V.I.S\local_jarvis
  env=yes
  mode=text(default)+wakeword(env)
[2026-05-24T17:38:36.010910+00:00] startup
  mode=other
  wake=True
  voice=True
  speak=True
  python=C:\Users\babi2\AppData\Local\Programs\Python\Python313\python.exe
[2026-05-24T17:38:36.016454+00:00] wakeword-only: detector starting
[2026-05-24T17:38:36.042640+00:00] wakeword-only: keepalive loop
[2026-05-24T17:51:44.571987+00:00] smoke test begin
[2026-05-24T17:51:44.573637+00:00] smoke test PASS
  .env file=PASS (ok)
  config loaded=PASS (ok)
  pystray import=PASS (ok)
  Pillow import=PASS (ok)
  PySide6 import=PASS (ok)
  openwakeword import=PASS (ok)
  onnxruntime import=PASS (ok)
  sounddevice import=PASS (ok)
  pyttsx3 import=PASS (ok)
  wake word model file=PASS (C:\Users\babi2\AppData\Local\Programs\Python\Python313\Lib\site-packages\openwakeword\resources\models\hey_jarvis_v0.1.onnx)
  microphone query=PASS (18 input device(s))
  overlay config=PASS (OVERLAY_ENABLED=True style=premium_ironman_full theme=jarvis_blue opacity=0.92)
[2026-05-24T17:51:47.604032+00:00] startup header
  executable=C:\Users\babi2\AppData\Local\Programs\Python\Python313\python.exe
  version=3.13.0
  cwd=C:\J.A.R.V.I.S\local_jarvis
  env=yes
  mode=tray+wakeword+speak
[2026-05-24T17:51:55.241518+00:00] startup header
  executable=C:\Users\babi2\AppData\Local\Programs\Python\Python313\python.exe
  version=3.13.0
  cwd=C:\J.A.R.V.I.S\local_jarvis
  env=yes
  mode=tray+wakeword+speak
[2026-05-24T17:51:55.242260+00:00] startup
  mode=tray
  wake=True
  voice=True
  speak=True
  python=C:\Users\babi2\AppData\Local\Programs\Python\Python313\python.exe
[2026-05-24T17:51:55.243549+00:00] background quiet mode: tray only (no console HUD)
[2026-05-24T17:51:55.244179+00:00] tray: entering main loop
[2026-05-24T17:51:55.244950+00:00] tray: main loop ended
[2026-05-24T17:51:58.440198+00:00] watchdog started
[2026-05-24T17:51:58.441694+00:00] tray icon run() starting
[2026-05-24T17:51:58.442632+00:00] tray run() ended
[2026-05-24T17:52:04.858486+00:00] watchdog started
[2026-05-24T17:52:04.860006+00:00] tray icon run() starting
[2026-05-24T17:52:04.860977+00:00] tray run() ended
[2026-05-24T17:52:08.058226+00:00] startup header
  executable=C:\Users\babi2\AppData\Local\Programs\Python\Python313\python.exe
  version=3.13.0
  cwd=C:\J.A.R.V.I.S\local_jarvis
  env=yes
  mode=smoke
[2026-05-24T17:52:11.092775+00:00] startup header
  executable=C:\Users\babi2\AppData\Local\Programs\Python\Python313\python.exe
  version=3.13.0
  cwd=C:\J.A.R.V.I.S\local_jarvis
  env=yes
  mode=tray+wakeword(env)+debug-startup
[2026-05-24T17:52:14.688251+00:00] startup header
  executable=C:\Users\babi2\AppData\Local\Programs\Python\Python313\python.exe
  version=3.13.0
  cwd=C:\J.A.R.V.I.S\local_jarvis
  env=yes
  mode=tray+wakeword(env)+debug-startup
[2026-05-24T17:52:14.688961+00:00] startup
  mode=tray
  wake=True
  voice=True
  speak=False
  python=C:\Users\babi2\AppData\Local\Programs\Python\Python313\python.exe
[2026-05-24T17:52:14.690187+00:00] background quiet mode: tray only (no console HUD)
[2026-05-24T17:52:14.691357+00:00] tray: entering main loop
[2026-05-24T17:52:14.694936+00:00] tray: main loop ended
[2026-05-24T18:08:01.199985+00:00] wakeword-only: stopped
[2026-05-24T18:08:04.146417+00:00] startup header
  executable=C:\Users\babi2\AppData\Local\Programs\Python\Python313\python.exe
  version=3.13.0
  cwd=C:\J.A.R.V.I.S\local_jarvis
  env=yes
  mode=text(default)+wakeword(env)
[2026-05-24T18:08:04.190373+00:00] import pystray: ok
[2026-05-24T18:08:04.192243+00:00] import Pillow: ok
[2026-05-24T18:08:08.910450+00:00] import openwakeword: ok
[2026-05-24T18:08:08.911189+00:00] import onnxruntime: ok
[2026-05-24T18:08:09.101343+00:00] import sounddevice: ok
[2026-05-24T18:08:09.103762+00:00] import pyttsx3: ok
[2026-05-24T18:08:09.183292+00:00] import PySide6: ok
[2026-05-24T18:08:16.553546+00:00] startup header
  executable=C:\Users\babi2\AppData\Local\Programs\Python\Python313\python.exe
  version=3.13.0
  cwd=C:\J.A.R.V.I.S\local_jarvis
  env=yes
  mode=text(default)+wakeword(env)
[2026-05-24T18:08:16.554442+00:00] startup
  mode=other
  wake=True
  voice=True
  speak=True
  python=C:\Users\babi2\AppData\Local\Programs\Python\Python313\python.exe
[2026-05-24T18:08:16.559674+00:00] wakeword-only: detector starting
[2026-05-24T18:08:16.599346+00:00] wakeword-only: keepalive loop
[2026-05-24T18:15:24.508965+00:00] smoke test begin
[2026-05-24T18:15:24.510468+00:00] smoke test PASS
  .env file=PASS (ok)
  config loaded=PASS (ok)
  pystray import=PASS (ok)
  Pillow import=PASS (ok)
  PySide6 import=PASS (ok)
  openwakeword import=PASS (ok)
  onnxruntime import=PASS (ok)
  sounddevice import=PASS (ok)
  pyttsx3 import=PASS (ok)
  wake word model file=PASS (C:\Users\babi2\AppData\Local\Programs\Python\Python313\Lib\site-packages\openwakeword\resources\models\hey_jarvis_v0.1.onnx)
  microphone query=PASS (18 input device(s))
  overlay config=PASS (OVERLAY_ENABLED=True style=premium_ironman_full theme=jarvis_blue opacity=0.92)
[2026-05-24T18:15:24.525176+00:00] startup header
  executable=C:\Users\babi2\AppData\Local\Programs\Python\Python313\python.exe
  version=3.13.0
  cwd=C:\J.A.R.V.I.S\local_jarvis
  env=yes
  mode=tray+wakeword+speak
[2026-05-24T18:15:29.955847+00:00] startup header
  executable=C:\Users\babi2\AppData\Local\Programs\Python\Python313\python.exe
  version=3.13.0
  cwd=C:\J.A.R.V.I.S\local_jarvis
  env=yes
  mode=tray+wakeword+speak
[2026-05-24T18:15:29.956607+00:00] startup
  mode=tray
  wake=True
  voice=True
  speak=True
  python=C:\Users\babi2\AppData\Local\Programs\Python\Python313\python.exe
[2026-05-24T18:15:29.957837+00:00] background quiet mode: tray only (no console HUD)
[2026-05-24T18:15:29.958502+00:00] tray: entering main loop
[2026-05-24T18:15:29.959294+00:00] tray: main loop ended
[2026-05-24T18:15:33.214788+00:00] watchdog started
[2026-05-24T18:15:33.216288+00:00] tray icon run() starting
[2026-05-24T18:15:33.217227+00:00] tray run() ended
[2026-05-24T18:15:39.634985+00:00] watchdog started
[2026-05-24T18:15:39.636371+00:00] tray icon run() starting
[2026-05-24T18:15:39.637365+00:00] tray run() ended
[2026-05-24T18:15:42.831457+00:00] startup header
  executable=C:\Users\babi2\AppData\Local\Programs\Python\Python313\python.exe
  version=3.13.0
  cwd=C:\J.A.R.V.I.S\local_jarvis
  env=yes
  mode=smoke
[2026-05-24T18:15:45.865356+00:00] startup header
  executable=C:\Users\babi2\AppData\Local\Programs\Python\Python313\python.exe
  version=3.13.0
  cwd=C:\J.A.R.V.I.S\local_jarvis
  env=yes
  mode=tray+wakeword(env)+debug-startup
[2026-05-24T18:15:49.542174+00:00] startup header
  executable=C:\Users\babi2\AppData\Local\Programs\Python\Python313\python.exe
  version=3.13.0
  cwd=C:\J.A.R.V.I.S\local_jarvis
  env=yes
  mode=tray+wakeword(env)+debug-startup
[2026-05-24T18:15:49.542937+00:00] startup
  mode=tray
  wake=True
  voice=True
  speak=False
  python=C:\Users\babi2\AppData\Local\Programs\Python\Python313\python.exe
[2026-05-24T18:15:49.544244+00:00] background quiet mode: tray only (no console HUD)
[2026-05-24T18:15:49.545381+00:00] tray: entering main loop
[2026-05-24T18:15:49.546687+00:00] tray: main loop ended
[2026-05-24T18:31:03.798759+00:00] smoke test begin
[2026-05-24T18:31:03.800416+00:00] smoke test PASS
  .env file=PASS (ok)
  config loaded=PASS (ok)
  pystray import=PASS (ok)
  Pillow import=PASS (ok)
  PySide6 import=PASS (ok)
  openwakeword import=PASS (ok)
  onnxruntime import=PASS (ok)
  sounddevice import=PASS (ok)
  pyttsx3 import=PASS (ok)
  wake word model file=PASS (C:\Users\babi2\AppData\Local\Programs\Python\Python313\Lib\site-packages\openwakeword\resources\models\hey_jarvis_v0.1.onnx)
  microphone query=PASS (18 input device(s))
  overlay config=PASS (OVERLAY_ENABLED=True style=premium_ironman_full theme=jarvis_blue opacity=0.92)
[2026-05-24T18:31:06.832384+00:00] startup header
  executable=C:\Users\babi2\AppData\Local\Programs\Python\Python313\python.exe
  version=3.13.0
  cwd=C:\J.A.R.V.I.S\local_jarvis
  env=yes
  mode=tray+wakeword+speak
[2026-05-24T18:31:11.384055+00:00] startup header
  executable=C:\Users\babi2\AppData\Local\Programs\Python\Python313\python.exe
  version=3.13.0
  cwd=C:\J.A.R.V.I.S\local_jarvis
  env=yes
  mode=tray+wakeword+speak
[2026-05-24T18:31:11.384803+00:00] startup
  mode=tray
  wake=True
  voice=True
  speak=True
  python=C:\Users\babi2\AppData\Local\Programs\Python\Python313\python.exe
[2026-05-24T18:31:11.386075+00:00] background quiet mode: tray only (no console HUD)
[2026-05-24T18:31:11.386640+00:00] tray: entering main loop
[2026-05-24T18:31:11.387402+00:00] tray: main loop ended
[2026-05-24T18:31:14.578281+00:00] watchdog started
[2026-05-24T18:31:14.579727+00:00] tray icon run() starting
[2026-05-24T18:31:14.598054+00:00] tray run() ended
[2026-05-24T18:31:20.991455+00:00] watchdog started
[2026-05-24T18:31:20.992877+00:00] tray icon run() starting
[2026-05-24T18:31:20.994258+00:00] tray run() ended
[2026-05-24T18:31:24.174464+00:00] startup header
  executable=C:\Users\babi2\AppData\Local\Programs\Python\Python313\python.exe
  version=3.13.0
  cwd=C:\J.A.R.V.I.S\local_jarvis
  env=yes
  mode=smoke
[2026-05-24T18:31:27.207941+00:00] startup header
  executable=C:\Users\babi2\AppData\Local\Programs\Python\Python313\python.exe
  version=3.13.0
  cwd=C:\J.A.R.V.I.S\local_jarvis
  env=yes
  mode=tray+wakeword(env)+debug-startup
[2026-05-24T18:31:30.697105+00:00] startup header
  executable=C:\Users\babi2\AppData\Local\Programs\Python\Python313\python.exe
  version=3.13.0
  cwd=C:\J.A.R.V.I.S\local_jarvis
  env=yes
  mode=tray+wakeword(env)+debug-startup
[2026-05-24T18:31:30.697842+00:00] startup
  mode=tray
  wake=True
  voice=True
  speak=False
  python=C:\Users\babi2\AppData\Local\Programs\Python\Python313\python.exe
[2026-05-24T18:31:30.699051+00:00] background quiet mode: tray only (no console HUD)
[2026-05-24T18:31:30.700254+00:00] tray: entering main loop
[2026-05-24T18:31:30.701812+00:00] tray: main loop ended
[2026-05-24T18:40:17.752760+00:00] smoke test begin
[2026-05-24T18:40:17.754335+00:00] smoke test PASS
  .env file=PASS (ok)
  config loaded=PASS (ok)
  pystray import=PASS (ok)
  Pillow import=PASS (ok)
  PySide6 import=PASS (ok)
  openwakeword import=PASS (ok)
  onnxruntime import=PASS (ok)
  sounddevice import=PASS (ok)
  pyttsx3 import=PASS (ok)
  wake word model file=PASS (C:\Users\babi2\AppData\Local\Programs\Python\Python313\Lib\site-packages\openwakeword\resources\models\hey_jarvis_v0.1.onnx)
  microphone query=PASS (18 input device(s))
  overlay config=PASS (OVERLAY_ENABLED=True style=premium_ironman_full theme=jarvis_blue opacity=0.92)
[2026-05-24T18:40:20.795984+00:00] startup header
  executable=C:\Users\babi2\AppData\Local\Programs\Python\Python313\python.exe
  version=3.13.0
  cwd=C:\J.A.R.V.I.S\local_jarvis
  env=yes
  mode=tray+wakeword+speak
[2026-05-24T18:40:25.416978+00:00] startup header
  executable=C:\Users\babi2\AppData\Local\Programs\Python\Python313\python.exe
  version=3.13.0
  cwd=C:\J.A.R.V.I.S\local_jarvis
  env=yes
  mode=tray+wakeword+speak
[2026-05-24T18:40:25.417804+00:00] startup
  mode=tray
  wake=True
  voice=True
  speak=True
  python=C:\Users\babi2\AppData\Local\Programs\Python\Python313\python.exe
[2026-05-24T18:40:25.419119+00:00] background quiet mode: tray only (no console HUD)
[2026-05-24T18:40:25.419690+00:00] tray: entering main loop
[2026-05-24T18:40:25.420459+00:00] tray: main loop ended
[2026-05-24T18:40:28.617405+00:00] watchdog started
[2026-05-24T18:40:28.618753+00:00] tray icon run() starting
[2026-05-24T18:40:28.622858+00:00] tray run() ended
[2026-05-24T18:40:35.024409+00:00] watchdog started
[2026-05-24T18:40:35.025785+00:00] tray icon run() starting
[2026-05-24T18:40:35.027166+00:00] tray run() ended
[2026-05-24T18:40:38.219134+00:00] startup header
  executable=C:\Users\babi2\AppData\Local\Programs\Python\Python313\python.exe
  version=3.13.0
  cwd=C:\J.A.R.V.I.S\local_jarvis
  env=yes
  mode=smoke
[2026-05-24T18:40:41.240335+00:00] startup header
  executable=C:\Users\babi2\AppData\Local\Programs\Python\Python313\python.exe
  version=3.13.0
  cwd=C:\J.A.R.V.I.S\local_jarvis
  env=yes
  mode=tray+wakeword(env)+debug-startup
[2026-05-24T18:40:44.639982+00:00] startup header
  executable=C:\Users\babi2\AppData\Local\Programs\Python\Python313\python.exe
  version=3.13.0
  cwd=C:\J.A.R.V.I.S\local_jarvis
  env=yes
  mode=tray+wakeword(env)+debug-startup
[2026-05-24T18:40:44.640771+00:00] startup
  mode=tray
  wake=True
  voice=True
  speak=False
  python=C:\Users\babi2\AppData\Local\Programs\Python\Python313\python.exe
[2026-05-24T18:40:44.642214+00:00] background quiet mode: tray only (no console HUD)
[2026-05-24T18:40:44.643365+00:00] tray: entering main loop
[2026-05-24T18:40:44.644909+00:00] tray: main loop ended
[2026-05-24T18:48:59.847430+00:00] smoke test begin
[2026-05-24T18:48:59.849152+00:00] smoke test PASS
  .env file=PASS (ok)
  config loaded=PASS (ok)
  pystray import=PASS (ok)
  Pillow import=PASS (ok)
  PySide6 import=PASS (ok)
  openwakeword import=PASS (ok)
  onnxruntime import=PASS (ok)
  sounddevice import=PASS (ok)
  pyttsx3 import=PASS (ok)
  wake word model file=PASS (C:\Users\babi2\AppData\Local\Programs\Python\Python313\Lib\site-packages\openwakeword\resources\models\hey_jarvis_v0.1.onnx)
  microphone query=PASS (18 input device(s))
  overlay config=PASS (OVERLAY_ENABLED=True style=premium_ironman_full theme=jarvis_blue opacity=0.92)
[2026-05-24T18:49:02.878692+00:00] startup header
  executable=C:\Users\babi2\AppData\Local\Programs\Python\Python313\python.exe
  version=3.13.0
  cwd=C:\J.A.R.V.I.S\local_jarvis
  env=yes
  mode=tray+wakeword+speak
[2026-05-24T18:49:07.381633+00:00] startup header
  executable=C:\Users\babi2\AppData\Local\Programs\Python\Python313\python.exe
  version=3.13.0
  cwd=C:\J.A.R.V.I.S\local_jarvis
  env=yes
  mode=tray+wakeword+speak
[2026-05-24T18:49:07.382395+00:00] startup
  mode=tray
  wake=True
  voice=True
  speak=True
  python=C:\Users\babi2\AppData\Local\Programs\Python\Python313\python.exe
[2026-05-24T18:49:07.383692+00:00] background quiet mode: tray only (no console HUD)
[2026-05-24T18:49:07.384264+00:00] tray: entering main loop
[2026-05-24T18:49:07.385016+00:00] tray: main loop ended
[2026-05-24T18:49:10.629577+00:00] watchdog started
[2026-05-24T18:49:10.630862+00:00] tray icon run() starting
[2026-05-24T18:49:10.631693+00:00] tray run() ended
[2026-05-24T18:49:17.024699+00:00] watchdog started
[2026-05-24T18:49:17.025997+00:00] tray icon run() starting
[2026-05-24T18:49:17.026779+00:00] tray run() ended
[2026-05-24T18:49:20.211107+00:00] startup header
  executable=C:\Users\babi2\AppData\Local\Programs\Python\Python313\python.exe
  version=3.13.0
  cwd=C:\J.A.R.V.I.S\local_jarvis
  env=yes
  mode=smoke
[2026-05-24T18:49:23.253384+00:00] startup header
  executable=C:\Users\babi2\AppData\Local\Programs\Python\Python313\python.exe
  version=3.13.0
  cwd=C:\J.A.R.V.I.S\local_jarvis
  env=yes
  mode=tray+wakeword(env)+debug-startup
[2026-05-24T18:49:26.787375+00:00] startup header
  executable=C:\Users\babi2\AppData\Local\Programs\Python\Python313\python.exe
  version=3.13.0
  cwd=C:\J.A.R.V.I.S\local_jarvis
  env=yes
  mode=tray+wakeword(env)+debug-startup
[2026-05-24T18:49:26.788153+00:00] startup
  mode=tray
  wake=True
  voice=True
  speak=False
  python=C:\Users\babi2\AppData\Local\Programs\Python\Python313\python.exe
[2026-05-24T18:49:26.789404+00:00] background quiet mode: tray only (no console HUD)
[2026-05-24T18:49:26.790530+00:00] tray: entering main loop
[2026-05-24T18:49:26.794036+00:00] tray: main loop ended
[2026-05-25T09:05:33.380031+00:00] startup header
  executable=C:\Users\babi2\AppData\Local\Programs\Python\Python313\python.exe
  version=3.13.0
  cwd=C:\J.A.R.V.I.S\local_jarvis
  env=yes
  mode=text(default)+wakeword(env)
[2026-05-25T09:05:33.425108+00:00] import pystray: ok
[2026-05-25T09:05:33.451952+00:00] import Pillow: ok
[2026-05-25T09:05:38.476749+00:00] import openwakeword: ok
[2026-05-25T09:05:38.477439+00:00] import onnxruntime: ok
[2026-05-25T09:05:38.699663+00:00] import sounddevice: ok
[2026-05-25T09:05:38.702184+00:00] import pyttsx3: ok
[2026-05-25T09:05:38.777984+00:00] import PySide6: ok
[2026-05-25T09:05:47.971233+00:00] startup header
  executable=C:\Users\babi2\AppData\Local\Programs\Python\Python313\python.exe
  version=3.13.0
  cwd=C:\J.A.R.V.I.S\local_jarvis
  env=yes
  mode=text(default)+wakeword(env)
[2026-05-25T09:05:47.972008+00:00] startup
  mode=other
  wake=True
  voice=True
  speak=True
  python=C:\Users\babi2\AppData\Local\Programs\Python\Python313\python.exe
[2026-05-25T09:05:47.978559+00:00] wakeword-only: detector starting
[2026-05-25T09:05:48.006374+00:00] wakeword-only: keepalive loop
[2026-05-25T09:31:09.320277+00:00] startup header
  executable=C:\Users\babi2\AppData\Local\Programs\Python\Python313\python.exe
  version=3.13.0
  cwd=C:\J.A.R.V.I.S\local_jarvis
  env=yes
  mode=text(default)+wakeword(env)
[2026-05-25T09:31:09.365556+00:00] import pystray: ok
[2026-05-25T09:31:09.367311+00:00] import Pillow: ok
[2026-05-25T09:31:10.406695+00:00] import openwakeword: ok
[2026-05-25T09:31:10.407343+00:00] import onnxruntime: ok
[2026-05-25T09:31:10.601532+00:00] import sounddevice: ok
[2026-05-25T09:31:10.603656+00:00] import pyttsx3: ok
[2026-05-25T09:31:10.633295+00:00] import PySide6: ok
[2026-05-25T09:31:13.885225+00:00] startup header
  executable=C:\Users\babi2\AppData\Local\Programs\Python\Python313\python.exe
  version=3.13.0
  cwd=C:\J.A.R.V.I.S\local_jarvis
  env=yes
  mode=text(default)+wakeword(env)
[2026-05-25T09:31:13.886027+00:00] startup
  mode=other
  wake=True
  voice=True
  speak=True
  python=C:\Users\babi2\AppData\Local\Programs\Python\Python313\python.exe
[2026-05-25T09:31:13.892730+00:00] wakeword-only: detector starting
[2026-05-25T09:31:13.910351+00:00] wakeword-only: keepalive loop
[2026-05-25T09:33:54.056756+00:00] wakeword-only: stopped
[2026-05-25T09:33:58.608741+00:00] startup header
  executable=C:\Users\babi2\AppData\Local\Programs\Python\Python313\python.exe
  version=3.13.0
  cwd=C:\J.A.R.V.I.S\local_jarvis
  env=yes
  mode=text(default)+wakeword(env)
[2026-05-25T09:33:58.652257+00:00] import pystray: ok
[2026-05-25T09:33:58.654172+00:00] import Pillow: ok
[2026-05-25T09:33:59.666059+00:00] import openwakeword: ok
[2026-05-25T09:33:59.666711+00:00] import onnxruntime: ok
[2026-05-25T09:33:59.863284+00:00] import sounddevice: ok
[2026-05-25T09:33:59.865559+00:00] import pyttsx3: ok
[2026-05-25T09:33:59.894937+00:00] import PySide6: ok
[2026-05-25T09:34:03.238922+00:00] startup header
  executable=C:\Users\babi2\AppData\Local\Programs\Python\Python313\python.exe
  version=3.13.0
  cwd=C:\J.A.R.V.I.S\local_jarvis
  env=yes
  mode=text(default)+wakeword(env)
[2026-05-25T09:34:03.239785+00:00] startup
  mode=other
  wake=True
  voice=True
  speak=True
  python=C:\Users\babi2\AppData\Local\Programs\Python\Python313\python.exe
[2026-05-25T09:34:03.246593+00:00] wakeword-only: detector starting
[2026-05-25T09:34:03.256084+00:00] wakeword-only: keepalive loop
[2026-05-25T10:04:26.176333+00:00] smoke test begin
[2026-05-25T10:04:26.178021+00:00] smoke test PASS
  .env file=PASS (ok)
  config loaded=PASS (ok)
  pystray import=PASS (ok)
  Pillow import=PASS (ok)
  PySide6 import=PASS (ok)
  openwakeword import=PASS (ok)
  onnxruntime import=PASS (ok)
  sounddevice import=PASS (ok)
  pyttsx3 import=PASS (ok)
  wake word model file=PASS (C:\Users\babi2\AppData\Local\Programs\Python\Python313\Lib\site-packages\openwakeword\resources\models\hey_jarvis_v0.1.onnx)
  microphone query=PASS (18 input device(s))
  overlay config=PASS (OVERLAY_ENABLED=True style=premium_ironman_full theme=jarvis_blue opacity=0.92)
[2026-05-25T10:04:29.451133+00:00] startup header
  executable=C:\Users\babi2\AppData\Local\Programs\Python\Python313\python.exe
  version=3.13.0
  cwd=C:\J.A.R.V.I.S\local_jarvis
  env=yes
  mode=tray+wakeword+speak
[2026-05-25T10:04:34.175644+00:00] startup header
  executable=C:\Users\babi2\AppData\Local\Programs\Python\Python313\python.exe
  version=3.13.0
  cwd=C:\J.A.R.V.I.S\local_jarvis
  env=yes
  mode=tray+wakeword+speak
[2026-05-25T10:04:34.176391+00:00] startup
  mode=tray
  wake=True
  voice=True
  speak=True
  python=C:\Users\babi2\AppData\Local\Programs\Python\Python313\python.exe
[2026-05-25T10:04:34.177996+00:00] background quiet mode: tray only (no console HUD)
[2026-05-25T10:04:34.178584+00:00] tray: entering main loop
[2026-05-25T10:04:34.179345+00:00] tray: main loop ended
[2026-05-25T10:04:37.478019+00:00] watchdog started
[2026-05-25T10:04:37.479367+00:00] tray icon run() starting
[2026-05-25T10:04:37.480394+00:00] tray run() ended
[2026-05-25T10:04:43.907963+00:00] watchdog started
[2026-05-25T10:04:43.909280+00:00] tray icon run() starting
[2026-05-25T10:04:43.910084+00:00] tray run() ended
[2026-05-25T10:04:47.099415+00:00] startup header
  executable=C:\Users\babi2\AppData\Local\Programs\Python\Python313\python.exe
  version=3.13.0
  cwd=C:\J.A.R.V.I.S\local_jarvis
  env=yes
  mode=smoke
[2026-05-25T10:04:50.139232+00:00] startup header
  executable=C:\Users\babi2\AppData\Local\Programs\Python\Python313\python.exe
  version=3.13.0
  cwd=C:\J.A.R.V.I.S\local_jarvis
  env=yes
  mode=tray+wakeword(env)+debug-startup
[2026-05-25T10:04:53.542934+00:00] startup header
  executable=C:\Users\babi2\AppData\Local\Programs\Python\Python313\python.exe
  version=3.13.0
  cwd=C:\J.A.R.V.I.S\local_jarvis
  env=yes
  mode=tray+wakeword(env)+debug-startup
[2026-05-25T10:04:53.543674+00:00] startup
  mode=tray
  wake=True
  voice=True
  speak=False
  python=C:\Users\babi2\AppData\Local\Programs\Python\Python313\python.exe
[2026-05-25T10:04:53.544923+00:00] background quiet mode: tray only (no console HUD)
[2026-05-25T10:04:53.546104+00:00] tray: entering main loop
[2026-05-25T10:04:53.614488+00:00] tray: main loop ended
[2026-05-25T10:58:59.316629+00:00] startup header
  executable=C:\Users\babi2\AppData\Local\Programs\Python\Python313\python.exe
  version=3.13.0
  cwd=C:\J.A.R.V.I.S\local_jarvis
  env=yes
  mode=text(default)+wakeword(env)
[2026-05-25T10:58:59.362443+00:00] import pystray: ok
[2026-05-25T10:58:59.364450+00:00] import Pillow: ok
[2026-05-25T10:59:00.488745+00:00] import openwakeword: ok
[2026-05-25T10:59:00.489385+00:00] import onnxruntime: ok
[2026-05-25T10:59:00.714286+00:00] import sounddevice: ok
[2026-05-25T10:59:00.716659+00:00] import pyttsx3: ok
[2026-05-25T10:59:00.747345+00:00] import PySide6: ok
[2026-05-25T10:59:08.026494+00:00] startup header
  executable=C:\Users\babi2\AppData\Local\Programs\Python\Python313\python.exe
  version=3.13.0
  cwd=C:\J.A.R.V.I.S\local_jarvis
  env=yes
  mode=text(default)+wakeword(env)
[2026-05-25T10:59:08.027521+00:00] startup
  mode=other
  wake=True
  voice=True
  speak=True
  python=C:\Users\babi2\AppData\Local\Programs\Python\Python313\python.exe
[2026-05-25T10:59:08.034851+00:00] wakeword-only: detector starting
[2026-05-25T10:59:08.037124+00:00] wakeword-only: keepalive loop
[2026-05-25T10:59:18.745448+00:00] smoke test begin
[2026-05-25T10:59:18.746979+00:00] smoke test PASS
  .env file=PASS (ok)
  config loaded=PASS (ok)
  pystray import=PASS (ok)
  Pillow import=PASS (ok)
  PySide6 import=PASS (ok)
  openwakeword import=PASS (ok)
  onnxruntime import=PASS (ok)
  sounddevice import=PASS (ok)
  pyttsx3 import=PASS (ok)
  wake word model file=PASS (C:\Users\babi2\AppData\Local\Programs\Python\Python313\Lib\site-packages\openwakeword\resources\models\hey_jarvis_v0.1.onnx)
  microphone query=PASS (18 input device(s))
  overlay config=PASS (OVERLAY_ENABLED=True style=premium_ironman_full theme=jarvis_blue opacity=0.92)
[2026-05-25T10:59:18.762585+00:00] startup header
  executable=C:\Users\babi2\AppData\Local\Programs\Python\Python313\python.exe
  version=3.13.0
  cwd=C:\J.A.R.V.I.S\local_jarvis
  env=yes
  mode=tray+wakeword+speak
[2026-05-25T10:59:23.969502+00:00] startup header
  executable=C:\Users\babi2\AppData\Local\Programs\Python\Python313\python.exe
  version=3.13.0
  cwd=C:\J.A.R.V.I.S\local_jarvis
  env=yes
  mode=tray+wakeword+speak
[2026-05-25T10:59:23.970304+00:00] startup
  mode=tray
  wake=True
  voice=True
  speak=True
  python=C:\Users\babi2\AppData\Local\Programs\Python\Python313\python.exe
[2026-05-25T10:59:23.971618+00:00] background quiet mode: tray only (no console HUD)
[2026-05-25T10:59:23.972201+00:00] tray: entering main loop
[2026-05-25T10:59:23.975339+00:00] tray: main loop ended
[2026-05-25T10:59:27.187082+00:00] watchdog started
[2026-05-25T10:59:27.188544+00:00] tray icon run() starting
[2026-05-25T10:59:27.214750+00:00] tray run() ended
[2026-05-25T10:59:33.589581+00:00] watchdog started
[2026-05-25T10:59:33.590837+00:00] tray icon run() starting
[2026-05-25T10:59:33.592277+00:00] tray run() ended
[2026-05-25T10:59:36.799681+00:00] startup header
  executable=C:\Users\babi2\AppData\Local\Programs\Python\Python313\python.exe
  version=3.13.0
  cwd=C:\J.A.R.V.I.S\local_jarvis
  env=yes
  mode=smoke
[2026-05-25T10:59:39.831610+00:00] startup header
  executable=C:\Users\babi2\AppData\Local\Programs\Python\Python313\python.exe
  version=3.13.0
  cwd=C:\J.A.R.V.I.S\local_jarvis
  env=yes
  mode=tray+wakeword(env)+debug-startup
[2026-05-25T10:59:43.291996+00:00] startup header
  executable=C:\Users\babi2\AppData\Local\Programs\Python\Python313\python.exe
  version=3.13.0
  cwd=C:\J.A.R.V.I.S\local_jarvis
  env=yes
  mode=tray+wakeword(env)+debug-startup
[2026-05-25T10:59:43.292741+00:00] startup
  mode=tray
  wake=True
  voice=True
  speak=False
  python=C:\Users\babi2\AppData\Local\Programs\Python\Python313\python.exe
[2026-05-25T10:59:43.294060+00:00] background quiet mode: tray only (no console HUD)
[2026-05-25T10:59:43.295281+00:00] tray: entering main loop
[2026-05-25T10:59:43.296759+00:00] tray: main loop ended
[2026-05-25T10:59:55.639370+00:00] startup header
  executable=C:\Users\babi2\AppData\Local\Programs\Python\Python313\python.exe
  version=3.13.0
  cwd=C:\J.A.R.V.I.S\local_jarvis
  env=yes
  mode=text(default)+wakeword(env)
[2026-05-25T10:59:55.681997+00:00] import pystray: ok
[2026-05-25T10:59:55.683777+00:00] import Pillow: ok
[2026-05-25T10:59:56.701288+00:00] import openwakeword: ok
[2026-05-25T10:59:56.701946+00:00] import onnxruntime: ok
[2026-05-25T10:59:56.888999+00:00] import sounddevice: ok
[2026-05-25T10:59:56.891181+00:00] import pyttsx3: ok
[2026-05-25T10:59:56.920322+00:00] import PySide6: ok
[2026-05-25T10:59:59.911062+00:00] startup header
  executable=C:\Users\babi2\AppData\Local\Programs\Python\Python313\python.exe
  version=3.13.0
  cwd=C:\J.A.R.V.I.S\local_jarvis
  env=yes
  mode=text(default)+wakeword(env)
[2026-05-25T10:59:59.911891+00:00] startup
  mode=other
  wake=True
  voice=True
  speak=True
  python=C:\Users\babi2\AppData\Local\Programs\Python\Python313\python.exe
[2026-05-25T10:59:59.918320+00:00] wakeword-only: detector starting
[2026-05-25T10:59:59.933127+00:00] wakeword-only: keepalive loop
[2026-05-25T11:00:00.821497+00:00] smoke test begin
[2026-05-25T11:00:00.823071+00:00] smoke test PASS
  .env file=PASS (ok)
  config loaded=PASS (ok)
  pystray import=PASS (ok)
  Pillow import=PASS (ok)
  PySide6 import=PASS (ok)
  openwakeword import=PASS (ok)
  onnxruntime import=PASS (ok)
  sounddevice import=PASS (ok)
  pyttsx3 import=PASS (ok)
  wake word model file=PASS (C:\Users\babi2\AppData\Local\Programs\Python\Python313\Lib\site-packages\openwakeword\resources\models\hey_jarvis_v0.1.onnx)
  microphone query=PASS (18 input device(s))
  overlay config=PASS (OVERLAY_ENABLED=True style=premium_ironman_full theme=jarvis_blue opacity=0.92)
[2026-05-25T11:00:00.840102+00:00] startup header
  executable=C:\Users\babi2\AppData\Local\Programs\Python\Python313\python.exe
  version=3.13.0
  cwd=C:\J.A.R.V.I.S\local_jarvis
  env=yes
  mode=tray+wakeword+speak
[2026-05-25T11:00:06.049064+00:00] startup header
  executable=C:\Users\babi2\AppData\Local\Programs\Python\Python313\python.exe
  version=3.13.0
  cwd=C:\J.A.R.V.I.S\local_jarvis
  env=yes
  mode=tray+wakeword+speak
[2026-05-25T11:00:06.049880+00:00] startup
  mode=tray
  wake=True
  voice=True
  speak=True
  python=C:\Users\babi2\AppData\Local\Programs\Python\Python313\python.exe
[2026-05-25T11:00:06.051225+00:00] background quiet mode: tray only (no console HUD)
[2026-05-25T11:00:06.051844+00:00] tray: entering main loop
[2026-05-25T11:00:06.053125+00:00] tray: main loop ended
[2026-05-25T11:00:09.307056+00:00] watchdog started
[2026-05-25T11:00:09.308428+00:00] tray icon run() starting
[2026-05-25T11:00:09.313016+00:00] tray run() ended
[2026-05-25T11:00:15.711699+00:00] watchdog started
[2026-05-25T11:00:15.713023+00:00] tray icon run() starting
[2026-05-25T11:00:15.714624+00:00] tray run() ended
[2026-05-25T11:00:18.932095+00:00] startup header
  executable=C:\Users\babi2\AppData\Local\Programs\Python\Python313\python.exe
  version=3.13.0
  cwd=C:\J.A.R.V.I.S\local_jarvis
  env=yes
  mode=smoke
[2026-05-25T11:00:21.951957+00:00] startup header
  executable=C:\Users\babi2\AppData\Local\Programs\Python\Python313\python.exe
  version=3.13.0
  cwd=C:\J.A.R.V.I.S\local_jarvis
  env=yes
  mode=tray+wakeword(env)+debug-startup
[2026-05-25T11:00:25.355145+00:00] startup header
  executable=C:\Users\babi2\AppData\Local\Programs\Python\Python313\python.exe
  version=3.13.0
  cwd=C:\J.A.R.V.I.S\local_jarvis
  env=yes
  mode=tray+wakeword(env)+debug-startup
[2026-05-25T11:00:25.355984+00:00] startup
  mode=tray
  wake=True
  voice=True
  speak=False
  python=C:\Users\babi2\AppData\Local\Programs\Python\Python313\python.exe
[2026-05-25T11:00:25.357280+00:00] background quiet mode: tray only (no console HUD)
[2026-05-25T11:00:25.358440+00:00] tray: entering main loop
[2026-05-25T11:00:25.359669+00:00] tray: main loop ended
[2026-05-25T11:03:14.372134+00:00] smoke test begin
[2026-05-25T11:03:14.373621+00:00] smoke test PASS
  .env file=PASS (ok)
  config loaded=PASS (ok)
  pystray import=PASS (ok)
  Pillow import=PASS (ok)
  PySide6 import=PASS (ok)
  openwakeword import=PASS (ok)
  onnxruntime import=PASS (ok)
  sounddevice import=PASS (ok)
  pyttsx3 import=PASS (ok)
  wake word model file=PASS (C:\Users\babi2\AppData\Local\Programs\Python\Python313\Lib\site-packages\openwakeword\resources\models\hey_jarvis_v0.1.onnx)
  microphone query=PASS (18 input device(s))
  overlay config=PASS (OVERLAY_ENABLED=True style=premium_ironman_full theme=jarvis_blue opacity=0.92)
[2026-05-25T11:03:14.389946+00:00] startup header
  executable=C:\Users\babi2\AppData\Local\Programs\Python\Python313\python.exe
  version=3.13.0
  cwd=C:\J.A.R.V.I.S\local_jarvis
  env=yes
  mode=tray+wakeword+speak
[2026-05-25T11:03:19.710868+00:00] startup header
  executable=C:\Users\babi2\AppData\Local\Programs\Python\Python313\python.exe
  version=3.13.0
  cwd=C:\J.A.R.V.I.S\local_jarvis
  env=yes
  mode=tray+wakeword+speak
[2026-05-25T11:03:19.711745+00:00] startup
  mode=tray
  wake=True
  voice=True
  speak=True
  python=C:\Users\babi2\AppData\Local\Programs\Python\Python313\python.exe
[2026-05-25T11:03:19.727872+00:00] background quiet mode: tray only (no console HUD)
[2026-05-25T11:03:19.728594+00:00] tray: entering main loop
[2026-05-25T11:03:19.730082+00:00] tray: main loop ended
[2026-05-25T11:03:22.943677+00:00] watchdog started
[2026-05-25T11:03:22.945208+00:00] tray icon run() starting
[2026-05-25T11:03:22.962713+00:00] tray run() ended
[2026-05-25T11:03:29.350300+00:00] watchdog started
[2026-05-25T11:03:29.351657+00:00] tray icon run() starting
[2026-05-25T11:03:29.353027+00:00] tray run() ended
[2026-05-25T11:03:32.555168+00:00] startup header
  executable=C:\Users\babi2\AppData\Local\Programs\Python\Python313\python.exe
  version=3.13.0
  cwd=C:\J.A.R.V.I.S\local_jarvis
  env=yes
  mode=smoke
[2026-05-25T11:03:35.589892+00:00] startup header
  executable=C:\Users\babi2\AppData\Local\Programs\Python\Python313\python.exe
  version=3.13.0
  cwd=C:\J.A.R.V.I.S\local_jarvis
  env=yes
  mode=tray+wakeword(env)+debug-startup
[2026-05-25T11:03:39.067749+00:00] startup header
  executable=C:\Users\babi2\AppData\Local\Programs\Python\Python313\python.exe
  version=3.13.0
  cwd=C:\J.A.R.V.I.S\local_jarvis
  env=yes
  mode=tray+wakeword(env)+debug-startup
[2026-05-25T11:03:39.068553+00:00] startup
  mode=tray
  wake=True
  voice=True
  speak=False
  python=C:\Users\babi2\AppData\Local\Programs\Python\Python313\python.exe
[2026-05-25T11:03:39.070225+00:00] background quiet mode: tray only (no console HUD)
[2026-05-25T11:03:39.071428+00:00] tray: entering main loop
[2026-05-25T11:03:39.073094+00:00] tray: main loop ended
[2026-05-25T11:24:30.752612+00:00] smoke test begin
[2026-05-25T11:24:30.754236+00:00] smoke test PASS
  .env file=PASS (ok)
  config loaded=PASS (ok)
  pystray import=PASS (ok)
  Pillow import=PASS (ok)
  PySide6 import=PASS (ok)
  openwakeword import=PASS (ok)
  onnxruntime import=PASS (ok)
  sounddevice import=PASS (ok)
  pyttsx3 import=PASS (ok)
  wake word model file=PASS (C:\Users\babi2\AppData\Local\Programs\Python\Python313\Lib\site-packages\openwakeword\resources\models\hey_jarvis_v0.1.onnx)
  microphone query=PASS (18 input device(s))
  overlay config=PASS (OVERLAY_ENABLED=True style=premium_ironman_full theme=jarvis_blue opacity=0.92)
[2026-05-25T11:24:33.795859+00:00] startup header
  executable=C:\Users\babi2\AppData\Local\Programs\Python\Python313\python.exe
  version=3.13.0
  cwd=C:\J.A.R.V.I.S\local_jarvis
  env=yes
  mode=tray+wakeword+speak
[2026-05-25T11:24:38.324965+00:00] startup header
  executable=C:\Users\babi2\AppData\Local\Programs\Python\Python313\python.exe
  version=3.13.0
  cwd=C:\J.A.R.V.I.S\local_jarvis
  env=yes
  mode=tray+wakeword+speak
[2026-05-25T11:24:38.325877+00:00] startup
  mode=tray
  wake=True
  voice=True
  speak=True
  python=C:\Users\babi2\AppData\Local\Programs\Python\Python313\python.exe
[2026-05-25T11:24:38.327684+00:00] background quiet mode: tray only (no console HUD)
[2026-05-25T11:24:38.328300+00:00] tray: entering main loop
[2026-05-25T11:24:38.329066+00:00] tray: main loop ended
[2026-05-25T11:24:41.599497+00:00] watchdog started
[2026-05-25T11:24:41.600778+00:00] tray icon run() starting
[2026-05-25T11:24:41.601627+00:00] tray run() ended
[2026-05-25T11:24:47.995382+00:00] watchdog started
[2026-05-25T11:24:47.996853+00:00] tray icon run() starting
[2026-05-25T11:24:47.997726+00:00] tray run() ended
[2026-05-25T11:24:51.202325+00:00] startup header
  executable=C:\Users\babi2\AppData\Local\Programs\Python\Python313\python.exe
  version=3.13.0
  cwd=C:\J.A.R.V.I.S\local_jarvis
  env=yes
  mode=smoke
[2026-05-25T11:24:54.242918+00:00] startup header
  executable=C:\Users\babi2\AppData\Local\Programs\Python\Python313\python.exe
  version=3.13.0
  cwd=C:\J.A.R.V.I.S\local_jarvis
  env=yes
  mode=tray+wakeword(env)+debug-startup
[2026-05-25T11:24:57.654667+00:00] startup header
  executable=C:\Users\babi2\AppData\Local\Programs\Python\Python313\python.exe
  version=3.13.0
  cwd=C:\J.A.R.V.I.S\local_jarvis
  env=yes
  mode=tray+wakeword(env)+debug-startup
[2026-05-25T11:24:57.655465+00:00] startup
  mode=tray
  wake=True
  voice=True
  speak=False
  python=C:\Users\babi2\AppData\Local\Programs\Python\Python313\python.exe
[2026-05-25T11:24:57.656741+00:00] background quiet mode: tray only (no console HUD)
[2026-05-25T11:24:57.657890+00:00] tray: entering main loop
[2026-05-25T11:24:57.662022+00:00] tray: main loop ended
[2026-05-25T11:59:32.122479+00:00] smoke test begin
[2026-05-25T11:59:32.124213+00:00] smoke test PASS
  .env file=PASS (ok)
  config loaded=PASS (ok)
  pystray import=PASS (ok)
  Pillow import=PASS (ok)
  PySide6 import=PASS (ok)
  openwakeword import=PASS (ok)
  onnxruntime import=PASS (ok)
  sounddevice import=PASS (ok)
  pyttsx3 import=PASS (ok)
  wake word model file=PASS (C:\Users\babi2\AppData\Local\Programs\Python\Python313\Lib\site-packages\openwakeword\resources\models\hey_jarvis_v0.1.onnx)
  microphone query=PASS (18 input device(s))
  overlay config=PASS (OVERLAY_ENABLED=True style=premium_ironman_full theme=jarvis_blue opacity=0.92)
[2026-05-25T11:59:35.407141+00:00] startup header
  executable=C:\Users\babi2\AppData\Local\Programs\Python\Python313\python.exe
  version=3.13.0
  cwd=C:\J.A.R.V.I.S\local_jarvis
  env=yes
  mode=tray+wakeword+speak
[2026-05-25T11:59:40.129398+00:00] startup header
  executable=C:\Users\babi2\AppData\Local\Programs\Python\Python313\python.exe
  version=3.13.0
  cwd=C:\J.A.R.V.I.S\local_jarvis
  env=yes
  mode=tray+wakeword+speak
[2026-05-25T11:59:40.130150+00:00] startup
  mode=tray
  wake=True
  voice=True
  speak=True
  python=C:\Users\babi2\AppData\Local\Programs\Python\Python313\python.exe
[2026-05-25T11:59:40.131837+00:00] background quiet mode: tray only (no console HUD)
[2026-05-25T11:59:40.132363+00:00] tray: entering main loop
[2026-05-25T11:59:40.133064+00:00] tray: main loop ended
[2026-05-25T11:59:43.369893+00:00] watchdog started
[2026-05-25T11:59:43.371367+00:00] tray icon run() starting
[2026-05-25T11:59:43.372318+00:00] tray run() ended
[2026-05-25T11:59:49.773544+00:00] watchdog started
[2026-05-25T11:59:49.774801+00:00] tray icon run() starting
[2026-05-25T11:59:49.775617+00:00] tray run() ended
[2026-05-25T11:59:52.969902+00:00] startup header
  executable=C:\Users\babi2\AppData\Local\Programs\Python\Python313\python.exe
  version=3.13.0
  cwd=C:\J.A.R.V.I.S\local_jarvis
  env=yes
  mode=smoke
[2026-05-25T11:59:55.994965+00:00] startup header
  executable=C:\Users\babi2\AppData\Local\Programs\Python\Python313\python.exe
  version=3.13.0
  cwd=C:\J.A.R.V.I.S\local_jarvis
  env=yes
  mode=tray+wakeword(env)+debug-startup
[2026-05-25T11:59:59.437267+00:00] startup header
  executable=C:\Users\babi2\AppData\Local\Programs\Python\Python313\python.exe
  version=3.13.0
  cwd=C:\J.A.R.V.I.S\local_jarvis
  env=yes
  mode=tray+wakeword(env)+debug-startup
[2026-05-25T11:59:59.438009+00:00] startup
  mode=tray
  wake=True
  voice=True
  speak=False
  python=C:\Users\babi2\AppData\Local\Programs\Python\Python313\python.exe
[2026-05-25T11:59:59.439268+00:00] background quiet mode: tray only (no console HUD)
[2026-05-25T11:59:59.440403+00:00] tray: entering main loop
[2026-05-25T11:59:59.519357+00:00] tray: main loop ended
[2026-05-25T12:04:17.008504+00:00] startup header
  executable=C:\Users\babi2\AppData\Local\Programs\Python\Python313\python.exe
  version=3.13.0
  cwd=C:\J.A.R.V.I.S\local_jarvis
  env=yes
  mode=text(default)+wakeword(env)
[2026-05-25T12:04:17.052848+00:00] import pystray: ok
[2026-05-25T12:04:17.054706+00:00] import Pillow: ok
[2026-05-25T12:04:22.194785+00:00] import openwakeword: ok
[2026-05-25T12:04:22.195524+00:00] import onnxruntime: ok
[2026-05-25T12:04:22.432843+00:00] import sounddevice: ok
[2026-05-25T12:04:22.435194+00:00] import pyttsx3: ok
[2026-05-25T12:04:22.464832+00:00] import PySide6: ok
[2026-05-25T12:04:30.490016+00:00] startup header
  executable=C:\Users\babi2\AppData\Local\Programs\Python\Python313\python.exe
  version=3.13.0
  cwd=C:\J.A.R.V.I.S\local_jarvis
  env=yes
  mode=text(default)+wakeword(env)
[2026-05-25T12:04:30.490843+00:00] startup
  mode=other
  wake=True
  voice=True
  speak=True
  python=C:\Users\babi2\AppData\Local\Programs\Python\Python313\python.exe
[2026-05-25T12:04:30.499462+00:00] wakeword-only: detector starting
[2026-05-25T12:04:30.511499+00:00] wakeword-only: keepalive loop
[2026-05-25T12:05:51.783744+00:00] startup header
  executable=C:\Users\babi2\AppData\Local\Programs\Python\Python313\python.exe
  version=3.13.0
  cwd=C:\J.A.R.V.I.S\local_jarvis
  env=yes
  mode=text(default)+wakeword(env)
[2026-05-25T12:05:51.828198+00:00] import pystray: ok
[2026-05-25T12:05:51.829980+00:00] import Pillow: ok
[2026-05-25T12:05:52.857670+00:00] import openwakeword: ok
[2026-05-25T12:05:52.858480+00:00] import onnxruntime: ok
[2026-05-25T12:05:53.067597+00:00] import sounddevice: ok
[2026-05-25T12:05:53.070312+00:00] import pyttsx3: ok
[2026-05-25T12:05:53.102237+00:00] import PySide6: ok
[2026-05-25T12:05:56.324942+00:00] startup header
  executable=C:\Users\babi2\AppData\Local\Programs\Python\Python313\python.exe
  version=3.13.0
  cwd=C:\J.A.R.V.I.S\local_jarvis
  env=yes
  mode=text(default)+wakeword(env)
[2026-05-25T12:05:56.325765+00:00] startup
  mode=other
  wake=True
  voice=True
  speak=True
  python=C:\Users\babi2\AppData\Local\Programs\Python\Python313\python.exe
[2026-05-25T12:05:56.330646+00:00] wakeword-only: detector starting
[2026-05-25T12:05:56.356205+00:00] wakeword-only: keepalive loop
[2026-05-25T12:15:20.404730+00:00] startup header
  executable=C:\Users\babi2\AppData\Local\Programs\Python\Python313\python.exe
  version=3.13.0
  cwd=C:\J.A.R.V.I.S\local_jarvis
  env=yes
  mode=text(default)+wakeword(env)
[2026-05-25T12:15:20.448855+00:00] import pystray: ok
[2026-05-25T12:15:20.450691+00:00] import Pillow: ok
[2026-05-25T12:15:21.527324+00:00] import openwakeword: ok
[2026-05-25T12:15:21.527946+00:00] import onnxruntime: ok
[2026-05-25T12:15:21.721638+00:00] import sounddevice: ok
[2026-05-25T12:15:21.723962+00:00] import pyttsx3: ok
[2026-05-25T12:15:21.753380+00:00] import PySide6: ok
[2026-05-25T12:15:24.917876+00:00] startup header
  executable=C:\Users\babi2\AppData\Local\Programs\Python\Python313\python.exe
  version=3.13.0
  cwd=C:\J.A.R.V.I.S\local_jarvis
  env=yes
  mode=text(default)+wakeword(env)
[2026-05-25T12:15:24.918902+00:00] startup
  mode=other
  wake=True
  voice=True
  speak=True
  python=C:\Users\babi2\AppData\Local\Programs\Python\Python313\python.exe
[2026-05-25T12:15:24.924448+00:00] wakeword-only: detector starting
[2026-05-25T12:15:24.954770+00:00] wakeword-only: keepalive loop
[2026-05-25T12:48:21.422951+00:00] smoke test begin
[2026-05-25T12:48:21.424594+00:00] smoke test PASS
  .env file=PASS (ok)
  config loaded=PASS (ok)
  pystray import=PASS (ok)
  Pillow import=PASS (ok)
  PySide6 import=PASS (ok)
  openwakeword import=PASS (ok)
  onnxruntime import=PASS (ok)
  sounddevice import=PASS (ok)
  pyttsx3 import=PASS (ok)
  wake word model file=PASS (C:\Users\babi2\AppData\Local\Programs\Python\Python313\Lib\site-packages\openwakeword\resources\models\hey_jarvis_v0.1.onnx)
  microphone query=PASS (18 input device(s))
  overlay config=PASS (OVERLAY_ENABLED=True style=premium_ironman_full theme=jarvis_blue opacity=0.92)
[2026-05-25T12:48:24.715287+00:00] startup header
  executable=C:\Users\babi2\AppData\Local\Programs\Python\Python313\python.exe
  version=3.13.0
  cwd=C:\J.A.R.V.I.S\local_jarvis
  env=yes
  mode=tray+wakeword+speak
[2026-05-25T12:48:29.262339+00:00] startup header
  executable=C:\Users\babi2\AppData\Local\Programs\Python\Python313\python.exe
  version=3.13.0
  cwd=C:\J.A.R.V.I.S\local_jarvis
  env=yes
  mode=tray+wakeword+speak
[2026-05-25T12:48:29.263193+00:00] startup
  mode=tray
  wake=True
  voice=True
  speak=True
  python=C:\Users\babi2\AppData\Local\Programs\Python\Python313\python.exe
[2026-05-25T12:48:29.264397+00:00] background quiet mode: tray only (no console HUD)
[2026-05-25T12:48:29.264987+00:00] tray: entering main loop
[2026-05-25T12:48:29.265779+00:00] tray: main loop ended
[2026-05-25T12:48:32.467371+00:00] watchdog started
[2026-05-25T12:48:32.468815+00:00] tray icon run() starting
[2026-05-25T12:48:32.469666+00:00] tray run() ended
[2026-05-25T12:48:38.895637+00:00] watchdog started
[2026-05-25T12:48:38.897172+00:00] tray icon run() starting
[2026-05-25T12:48:38.898403+00:00] tray run() ended
[2026-05-25T12:48:42.084301+00:00] startup header
  executable=C:\Users\babi2\AppData\Local\Programs\Python\Python313\python.exe
  version=3.13.0
  cwd=C:\J.A.R.V.I.S\local_jarvis
  env=yes
  mode=smoke
[2026-05-25T12:48:45.118056+00:00] startup header
  executable=C:\Users\babi2\AppData\Local\Programs\Python\Python313\python.exe
  version=3.13.0
  cwd=C:\J.A.R.V.I.S\local_jarvis
  env=yes
  mode=tray+wakeword(env)+debug-startup
[2026-05-25T12:48:48.652029+00:00] startup header
  executable=C:\Users\babi2\AppData\Local\Programs\Python\Python313\python.exe
  version=3.13.0
  cwd=C:\J.A.R.V.I.S\local_jarvis
  env=yes
  mode=tray+wakeword(env)+debug-startup
[2026-05-25T12:48:48.652775+00:00] startup
  mode=tray
  wake=True
  voice=True
  speak=False
  python=C:\Users\babi2\AppData\Local\Programs\Python\Python313\python.exe
[2026-05-25T12:48:48.654014+00:00] background quiet mode: tray only (no console HUD)
[2026-05-25T12:48:48.655117+00:00] tray: entering main loop
[2026-05-25T12:48:48.659930+00:00] tray: main loop ended
[2026-05-25T13:37:50.555403+00:00] startup header
  executable=C:\Users\babi2\AppData\Local\Programs\Python\Python313\python.exe
  version=3.13.0
  cwd=C:\J.A.R.V.I.S\local_jarvis
  env=yes
  mode=text(default)+wakeword(env)
[2026-05-25T13:37:50.601105+00:00] import pystray: ok
[2026-05-25T13:37:50.602994+00:00] import Pillow: ok
[2026-05-25T13:37:51.717496+00:00] import openwakeword: ok
[2026-05-25T13:37:51.718169+00:00] import onnxruntime: ok
[2026-05-25T13:37:51.913900+00:00] import sounddevice: ok
[2026-05-25T13:37:51.920976+00:00] import pyttsx3: ok
[2026-05-25T13:37:51.951653+00:00] import PySide6: ok
[2026-05-25T13:38:01.675465+00:00] startup header
  executable=C:\Users\babi2\AppData\Local\Programs\Python\Python313\python.exe
  version=3.13.0
  cwd=C:\J.A.R.V.I.S\local_jarvis
  env=yes
  mode=text(default)+wakeword(env)
[2026-05-25T13:38:01.676372+00:00] startup
  mode=other
  wake=True
  voice=True
  speak=True
  python=C:\Users\babi2\AppData\Local\Programs\Python\Python313\python.exe
[2026-05-25T13:38:01.686574+00:00] wakeword-only: detector starting
[2026-05-25T13:38:01.723586+00:00] wakeword-only: keepalive loop
[2026-05-25T13:38:48.838568+00:00] wakeword-only: stopped
[2026-05-25T13:40:49.891572+00:00] startup header
  executable=C:\Users\babi2\AppData\Local\Programs\Python\Python313\python.exe
  version=3.13.0
  cwd=C:\J.A.R.V.I.S\local_jarvis
  env=yes
  mode=text(default)+wakeword(env)
[2026-05-25T13:40:49.937801+00:00] import pystray: ok
[2026-05-25T13:40:49.939656+00:00] import Pillow: ok
[2026-05-25T13:40:50.994547+00:00] import openwakeword: ok
[2026-05-25T13:40:50.995316+00:00] import onnxruntime: ok
[2026-05-25T13:40:51.195945+00:00] import sounddevice: ok
[2026-05-25T13:40:51.198288+00:00] import pyttsx3: ok
[2026-05-25T13:40:51.229076+00:00] import PySide6: ok
[2026-05-25T13:40:53.618405+00:00] startup header
  executable=C:\Users\babi2\AppData\Local\Programs\Python\Python313\python.exe
  version=3.13.0
  cwd=C:\J.A.R.V.I.S\local_jarvis
  env=yes
  mode=text(default)+wakeword(env)
[2026-05-25T13:40:53.619302+00:00] startup
  mode=other
  wake=True
  voice=True
  speak=True
  python=C:\Users\babi2\AppData\Local\Programs\Python\Python313\python.exe
[2026-05-25T13:40:53.626898+00:00] wakeword-only: detector starting
[2026-05-25T13:40:53.653915+00:00] wakeword-only: keepalive loop
[2026-05-25T18:47:27.031041+00:00] wakeword-only: stopped
[2026-05-25T18:47:57.868038+00:00] startup header
  executable=C:\Users\babi2\AppData\Local\Programs\Python\Python313\python.exe
  version=3.13.0
  cwd=C:\J.A.R.V.I.S\local_jarvis
  env=yes
  mode=text(default)+wakeword(env)
[2026-05-25T18:47:57.911569+00:00] import pystray: ok
[2026-05-25T18:47:57.913501+00:00] import Pillow: ok
[2026-05-25T18:48:03.033226+00:00] import openwakeword: ok
[2026-05-25T18:48:03.033999+00:00] import onnxruntime: ok
[2026-05-25T18:48:03.241163+00:00] import sounddevice: ok
[2026-05-25T18:48:03.243426+00:00] import pyttsx3: ok
[2026-05-25T18:48:03.341713+00:00] import PySide6: ok
[2026-05-25T18:48:09.994237+00:00] startup header
  executable=C:\Users\babi2\AppData\Local\Programs\Python\Python313\python.exe
  version=3.13.0
  cwd=C:\J.A.R.V.I.S\local_jarvis
  env=yes
  mode=text(default)+wakeword(env)
[2026-05-25T18:48:09.995085+00:00] startup
  mode=other
  wake=True
  voice=True
  speak=True
  python=C:\Users\babi2\AppData\Local\Programs\Python\Python313\python.exe
[2026-05-25T18:48:10.006456+00:00] wakeword-only: detector starting
[2026-05-25T18:48:10.074759+00:00] wakeword-only: keepalive loop
[2026-05-25T19:52:38.747794+00:00] startup header
  executable=C:\Users\babi2\AppData\Local\Programs\Python\Python313\python.exe
  version=3.13.0
  cwd=C:\J.A.R.V.I.S\local_jarvis
  env=yes
  mode=text(default)+wakeword(env)
[2026-05-25T19:52:38.791708+00:00] import pystray: ok
[2026-05-25T19:52:38.793586+00:00] import Pillow: ok
[2026-05-25T19:52:39.851877+00:00] import openwakeword: ok
[2026-05-25T19:52:39.852512+00:00] import onnxruntime: ok
[2026-05-25T19:52:40.052686+00:00] import sounddevice: ok
[2026-05-25T19:52:40.055247+00:00] import pyttsx3: ok
[2026-05-25T19:52:40.086022+00:00] import PySide6: ok
[2026-05-25T19:52:42.447932+00:00] startup header
  executable=C:\Users\babi2\AppData\Local\Programs\Python\Python313\python.exe
  version=3.13.0
  cwd=C:\J.A.R.V.I.S\local_jarvis
  env=yes
  mode=text(default)+wakeword(env)
[2026-05-25T19:52:42.449026+00:00] startup
  mode=other
  wake=True
  voice=True
  speak=True
  python=C:\Users\babi2\AppData\Local\Programs\Python\Python313\python.exe
[2026-05-25T19:52:42.461278+00:00] wakeword-only: detector starting
[2026-05-25T19:52:42.508091+00:00] wakeword-only: keepalive loop
[2026-05-25T20:51:56.091390+00:00] wakeword-only: stopped
[2026-05-25T20:52:05.043802+00:00] startup header
  executable=C:\Users\babi2\AppData\Local\Programs\Python\Python313\python.exe
  version=3.13.0
  cwd=C:\J.A.R.V.I.S\local_jarvis
  env=yes
  mode=text(default)+wakeword(env)
[2026-05-25T20:52:05.086727+00:00] import pystray: ok
[2026-05-25T20:52:05.088631+00:00] import Pillow: ok
[2026-05-25T20:52:06.139933+00:00] import openwakeword: ok
[2026-05-25T20:52:06.140572+00:00] import onnxruntime: ok
[2026-05-25T20:52:06.332500+00:00] import sounddevice: ok
[2026-05-25T20:52:06.334786+00:00] import pyttsx3: ok
[2026-05-25T20:52:06.364789+00:00] import PySide6: ok
[2026-05-25T20:52:08.585049+00:00] startup header
  executable=C:\Users\babi2\AppData\Local\Programs\Python\Python313\python.exe
  version=3.13.0
  cwd=C:\J.A.R.V.I.S\local_jarvis
  env=yes
  mode=text(default)+wakeword(env)
[2026-05-25T20:52:08.585942+00:00] startup
  mode=other
  wake=True
  voice=True
  speak=True
  python=C:\Users\babi2\AppData\Local\Programs\Python\Python313\python.exe
[2026-05-25T20:52:08.595062+00:00] wakeword-only: detector starting
[2026-05-25T20:52:08.608502+00:00] wakeword-only: keepalive loop
[2026-05-25T21:15:39.484157+00:00] startup header
  executable=C:\Users\babi2\AppData\Local\Programs\Python\Python313\python.exe
  version=3.13.0
  cwd=C:\J.A.R.V.I.S\local_jarvis
  env=yes
  mode=text(default)+wakeword(env)
[2026-05-25T21:15:39.528247+00:00] import pystray: ok
[2026-05-25T21:15:39.530196+00:00] import Pillow: ok
[2026-05-25T21:15:40.596641+00:00] import openwakeword: ok
[2026-05-25T21:15:40.597315+00:00] import onnxruntime: ok
[2026-05-25T21:15:40.780674+00:00] import sounddevice: ok
[2026-05-25T21:15:40.783133+00:00] import pyttsx3: ok
[2026-05-25T21:15:40.813165+00:00] import PySide6: ok
[2026-05-25T21:15:42.936112+00:00] startup header
  executable=C:\Users\babi2\AppData\Local\Programs\Python\Python313\python.exe
  version=3.13.0
  cwd=C:\J.A.R.V.I.S\local_jarvis
  env=yes
  mode=text(default)+wakeword(env)
[2026-05-25T21:15:42.936980+00:00] startup
  mode=other
  wake=True
  voice=True
  speak=True
  python=C:\Users\babi2\AppData\Local\Programs\Python\Python313\python.exe
[2026-05-25T21:15:42.946312+00:00] wakeword-only: detector starting
[2026-05-25T21:15:42.972114+00:00] wakeword-only: keepalive loop
[2026-05-25T22:19:57.738503+00:00] startup header
  executable=C:\Users\babi2\AppData\Local\Programs\Python\Python313\python.exe
  version=3.13.0
  cwd=C:\J.A.R.V.I.S\local_jarvis
  env=yes
  mode=smoke
[2026-05-25T22:19:58.252838+00:00] Intent registry validation failed: Intent registry consistency: FAIL
Issues (2):
  - [registry] IMPLEMENTED_INTENTS includes 'shutdown_jarvis' but no Action is registered
  - [registry] Phrase maps to implemented intent 'shutdown_jarvis' but registry has no handler
Traceback (most recent call last):
  File "C:\J.A.R.V.I.S\local_jarvis\main.py", line 142, in main
    run_startup_intent_validation(strict=True)
    ~~~~~~~~~~~~~~~~~~~~~~~~~~~~~^^^^^^^^^^^^^
  File "C:\J.A.R.V.I.S\local_jarvis\core\intent_validation.py", line 209, in run_startup_intent_validation
    raise StartupError(format_validation_report(issues))
core.startup.StartupError: Intent registry consistency: FAIL
Issues (2):
  - [registry] IMPLEMENTED_INTENTS includes 'shutdown_jarvis' but no Action is registered
  - [registry] Phrase maps to implemented intent 'shutdown_jarvis' but registry has no handler

[2026-05-25T22:20:15.963605+00:00] startup header
  executable=C:\Users\babi2\AppData\Local\Programs\Python\Python313\python.exe
  version=3.13.0
  cwd=C:\J.A.R.V.I.S\local_jarvis
  env=yes
  mode=smoke
[2026-05-25T22:20:16.470354+00:00] smoke test begin
[2026-05-25T22:22:26.831120+00:00] wakeword-only: stopped
[2026-05-25T22:22:32.924404+00:00] startup header
  executable=C:\Users\babi2\AppData\Local\Programs\Python\Python313\python.exe
  version=3.13.0
  cwd=C:\J.A.R.V.I.S\local_jarvis
  env=yes
  mode=text(default)+wakeword(env)
[2026-05-25T22:22:33.196709+00:00] import pystray: ok
[2026-05-25T22:22:33.198544+00:00] import Pillow: ok
[2026-05-25T22:22:34.193927+00:00] import openwakeword: ok
[2026-05-25T22:22:34.194616+00:00] import onnxruntime: ok
[2026-05-25T22:22:34.390855+00:00] import sounddevice: ok
[2026-05-25T22:22:34.393099+00:00] import pyttsx3: ok
[2026-05-25T22:22:34.423132+00:00] import PySide6: ok
[2026-05-25T22:22:36.443805+00:00] startup header
  executable=C:\Users\babi2\AppData\Local\Programs\Python\Python313\python.exe
  version=3.13.0
  cwd=C:\J.A.R.V.I.S\local_jarvis
  env=yes
  mode=text(default)+wakeword(env)
[2026-05-25T22:22:36.444766+00:00] startup
  mode=other
  wake=True
  voice=True
  speak=True
  python=C:\Users\babi2\AppData\Local\Programs\Python\Python313\python.exe
[2026-05-25T22:22:36.453512+00:00] wakeword-only: detector starting
[2026-05-25T22:22:36.516885+00:00] wakeword-only: keepalive loop
[2026-05-26T05:57:04.483104+00:00] startup header
  executable=C:\Users\babi2\AppData\Local\Programs\Python\Python313\python.exe
  version=3.13.0
  cwd=C:\J.A.R.V.I.S\local_jarvis
  env=yes
  mode=tray+voice+wakeword+speak
[2026-05-26T05:57:07.276297+00:00] import pystray: ok
[2026-05-26T05:57:07.281319+00:00] import Pillow: ok
[2026-05-26T05:57:13.341699+00:00] import openwakeword: ok
[2026-05-26T05:57:13.342928+00:00] import onnxruntime: ok
[2026-05-26T05:57:13.614072+00:00] import sounddevice: ok
[2026-05-26T05:57:13.624886+00:00] import pyttsx3: ok
[2026-05-26T05:57:13.742632+00:00] import PySide6: ok
[2026-05-26T05:57:39.416556+00:00] startup header
  executable=C:\Users\babi2\AppData\Local\Programs\Python\Python313\python.exe
  version=3.13.0
  cwd=C:\J.A.R.V.I.S\local_jarvis
  env=yes
  mode=tray+voice+wakeword+speak
[2026-05-26T05:57:39.417713+00:00] startup
  mode=tray
  wake=True
  voice=True
  speak=True
  python=C:\Users\babi2\AppData\Local\Programs\Python\Python313\python.exe
[2026-05-26T05:57:39.447655+00:00] background quiet mode: tray only (no console HUD)
[2026-05-26T05:57:39.462560+00:00] tray: entering main loop
[2026-05-26T05:57:39.585175+00:00] watchdog started
[2026-05-26T05:57:39.650374+00:00] tray icon run() starting
[2026-05-26T11:50:18.476693+00:00] startup header
  executable=C:\Users\babi2\AppData\Local\Programs\Python\Python313\python.exe
  version=3.13.0
  cwd=C:\J.A.R.V.I.S\local_jarvis
  env=yes
  mode=text(default)+wakeword(env)
[2026-05-26T11:50:18.771633+00:00] import pystray: ok
[2026-05-26T11:50:18.774896+00:00] import Pillow: ok
[2026-05-26T11:50:24.267409+00:00] import openwakeword: ok
[2026-05-26T11:50:24.268238+00:00] import onnxruntime: ok
[2026-05-26T11:50:24.510191+00:00] import sounddevice: ok
[2026-05-26T11:50:24.514066+00:00] import pyttsx3: ok
[2026-05-26T11:50:24.607399+00:00] import PySide6: ok
[2026-05-26T11:50:31.284895+00:00] startup header
  executable=C:\Users\babi2\AppData\Local\Programs\Python\Python313\python.exe
  version=3.13.0
  cwd=C:\J.A.R.V.I.S\local_jarvis
  env=yes
  mode=text(default)+wakeword(env)
[2026-05-26T11:50:31.285843+00:00] startup
  mode=other
  wake=True
  voice=True
  speak=True
  python=C:\Users\babi2\AppData\Local\Programs\Python\Python313\python.exe
[2026-05-26T11:50:31.294783+00:00] wakeword-only: detector starting
[2026-05-26T11:50:31.311084+00:00] wakeword-only: keepalive loop
[2026-05-26T12:15:11.059592+00:00] startup header
  executable=C:\Users\babi2\AppData\Local\Programs\Python\Python313\python.exe
  version=3.13.0
  cwd=C:\J.A.R.V.I.S\local_jarvis
  env=yes
  mode=text(default)+wakeword(env)
[2026-05-26T12:15:11.350705+00:00] import pystray: ok
[2026-05-26T12:15:11.352648+00:00] import Pillow: ok
[2026-05-26T12:15:12.405401+00:00] import openwakeword: ok
[2026-05-26T12:15:12.406095+00:00] import onnxruntime: ok
[2026-05-26T12:15:12.593955+00:00] import sounddevice: ok
[2026-05-26T12:15:12.596156+00:00] import pyttsx3: ok
[2026-05-26T12:15:12.628447+00:00] import PySide6: ok
[2026-05-26T12:15:14.618210+00:00] startup header
  executable=C:\Users\babi2\AppData\Local\Programs\Python\Python313\python.exe
  version=3.13.0
  cwd=C:\J.A.R.V.I.S\local_jarvis
  env=yes
  mode=text(default)+wakeword(env)
[2026-05-26T12:15:14.619240+00:00] startup
  mode=other
  wake=True
  voice=True
  speak=True
  python=C:\Users\babi2\AppData\Local\Programs\Python\Python313\python.exe
[2026-05-26T12:15:14.626418+00:00] wakeword-only: detector starting
[2026-05-26T12:15:14.658179+00:00] wakeword-only: keepalive loop
[2026-05-26T12:16:40.658681+00:00] wakeword-only: stopped
[2026-05-26T17:07:43.739515+00:00] startup header
  executable=C:\Users\babi2\AppData\Local\Programs\Python\Python313\python.exe
  version=3.13.0
  cwd=C:\J.A.R.V.I.S\local_jarvis
  env=yes
  mode=text(default)+wakeword(env)
[2026-05-26T17:07:44.040760+00:00] import pystray: ok
[2026-05-26T17:07:44.042709+00:00] import Pillow: ok
[2026-05-26T17:07:45.124668+00:00] import openwakeword: ok
[2026-05-26T17:07:45.125314+00:00] import onnxruntime: ok
[2026-05-26T17:07:45.317116+00:00] import sounddevice: ok
[2026-05-26T17:07:45.319511+00:00] import pyttsx3: ok
[2026-05-26T17:07:45.351972+00:00] import PySide6: ok
[2026-05-26T17:07:47.310228+00:00] startup header
  executable=C:\Users\babi2\AppData\Local\Programs\Python\Python313\python.exe
  version=3.13.0
  cwd=C:\J.A.R.V.I.S\local_jarvis
  env=yes
  mode=text(default)+wakeword(env)
[2026-05-26T17:07:47.311165+00:00] startup
  mode=other
  wake=True
  voice=True
  speak=True
  python=C:\Users\babi2\AppData\Local\Programs\Python\Python313\python.exe
[2026-05-26T17:07:47.319574+00:00] wakeword-only: detector starting
[2026-05-26T17:07:47.356527+00:00] wakeword-only: keepalive loop
[2026-05-26T17:46:01.962290+00:00] startup header
  executable=C:\Users\babi2\AppData\Local\Programs\Python\Python313\python.exe
  version=3.13.0
  cwd=C:\J.A.R.V.I.S\local_jarvis
  env=yes
  mode=text(default)+wakeword(env)
[2026-05-26T17:46:02.285329+00:00] import pystray: ok
[2026-05-26T17:46:02.287261+00:00] import Pillow: ok
[2026-05-26T17:46:03.378474+00:00] import openwakeword: ok
[2026-05-26T17:46:03.379098+00:00] import onnxruntime: ok
[2026-05-26T17:46:03.580723+00:00] import sounddevice: ok
[2026-05-26T17:46:03.583060+00:00] import pyttsx3: ok
[2026-05-26T17:46:03.616321+00:00] import PySide6: ok
[2026-05-26T17:46:05.783668+00:00] startup header
  executable=C:\Users\babi2\AppData\Local\Programs\Python\Python313\python.exe
  version=3.13.0
  cwd=C:\J.A.R.V.I.S\local_jarvis
  env=yes
  mode=text(default)+wakeword(env)
[2026-05-26T17:46:05.784939+00:00] startup
  mode=other
  wake=True
  voice=True
  speak=True
  python=C:\Users\babi2\AppData\Local\Programs\Python\Python313\python.exe
[2026-05-26T17:46:05.794622+00:00] wakeword-only: detector starting
[2026-05-26T17:46:05.831940+00:00] wakeword-only: keepalive loop
[2026-05-26T17:50:20.229419+00:00] startup header
  executable=C:\Users\babi2\AppData\Local\Programs\Python\Python313\python.exe
  version=3.13.0
  cwd=C:\J.A.R.V.I.S\local_jarvis
  env=yes
  mode=text(default)+wakeword(env)
[2026-05-26T17:50:20.522481+00:00] import pystray: ok
[2026-05-26T17:50:20.524257+00:00] import Pillow: ok
[2026-05-26T17:50:21.530683+00:00] import openwakeword: ok
[2026-05-26T17:50:21.532173+00:00] import onnxruntime: ok
[2026-05-26T17:50:21.728504+00:00] import sounddevice: ok
[2026-05-26T17:50:21.730628+00:00] import pyttsx3: ok
[2026-05-26T17:50:21.763392+00:00] import PySide6: ok
[2026-05-26T17:50:23.695492+00:00] startup header
  executable=C:\Users\babi2\AppData\Local\Programs\Python\Python313\python.exe
  version=3.13.0
  cwd=C:\J.A.R.V.I.S\local_jarvis
  env=yes
  mode=text(default)+wakeword(env)
[2026-05-26T17:50:23.696352+00:00] startup
  mode=other
  wake=True
  voice=True
  speak=True
  python=C:\Users\babi2\AppData\Local\Programs\Python\Python313\python.exe
[2026-05-26T17:50:23.703000+00:00] wakeword-only: detector starting
[2026-05-26T17:50:23.730724+00:00] wakeword-only: keepalive loop
[2026-05-26T20:05:31.312348+00:00] startup header
  executable=C:\Users\babi2\AppData\Local\Programs\Python\Python313\python.exe
  version=3.13.0
  cwd=C:\J.A.R.V.I.S\local_jarvis
  env=yes
  mode=text(default)+wakeword(env)
[2026-05-26T20:05:32.208880+00:00] import pystray: ok
[2026-05-26T20:05:32.214588+00:00] import Pillow: ok
[2026-05-26T20:05:37.835571+00:00] import openwakeword: ok
[2026-05-26T20:05:37.836350+00:00] import onnxruntime: ok
[2026-05-26T20:05:38.088079+00:00] import sounddevice: ok
[2026-05-26T20:05:38.092866+00:00] import pyttsx3: ok
[2026-05-26T20:05:38.194116+00:00] import PySide6: ok
[2026-05-26T20:05:44.995221+00:00] startup header
  executable=C:\Users\babi2\AppData\Local\Programs\Python\Python313\python.exe
  version=3.13.0
  cwd=C:\J.A.R.V.I.S\local_jarvis
  env=yes
  mode=text(default)+wakeword(env)
[2026-05-26T20:05:44.996223+00:00] startup
  mode=other
  wake=True
  voice=True
  speak=True
  python=C:\Users\babi2\AppData\Local\Programs\Python\Python313\python.exe
[2026-05-26T20:05:45.011358+00:00] wakeword-only: detector starting
[2026-05-26T20:05:45.128398+00:00] wakeword-only: keepalive loop
[2026-05-26T20:06:35.706622+00:00] wakeword-only: stopped
[2026-05-26T20:44:25.413800+00:00] startup header
  executable=C:\Users\babi2\AppData\Local\Programs\Python\Python313\python.exe
  version=3.13.0
  cwd=C:\J.A.R.V.I.S\local_jarvis
  env=yes
  mode=text(default)+wakeword(env)
[2026-05-26T20:44:25.747073+00:00] import pystray: ok
[2026-05-26T20:44:25.748948+00:00] import Pillow: ok
[2026-05-26T20:44:26.850656+00:00] import openwakeword: ok
[2026-05-26T20:44:26.851308+00:00] import onnxruntime: ok
[2026-05-26T20:44:27.048869+00:00] import sounddevice: ok
[2026-05-26T20:44:27.052153+00:00] import pyttsx3: ok
[2026-05-26T20:44:27.092247+00:00] import PySide6: ok
[2026-05-26T20:44:29.180516+00:00] startup header
  executable=C:\Users\babi2\AppData\Local\Programs\Python\Python313\python.exe
  version=3.13.0
  cwd=C:\J.A.R.V.I.S\local_jarvis
  env=yes
  mode=text(default)+wakeword(env)
[2026-05-26T20:44:29.181440+00:00] startup
  mode=other
  wake=True
  voice=True
  speak=True
  python=C:\Users\babi2\AppData\Local\Programs\Python\Python313\python.exe
[2026-05-26T20:44:29.189254+00:00] wakeword-only: detector starting
[2026-05-26T20:44:29.203980+00:00] wakeword-only: keepalive loop
[2026-05-26T20:44:54.472675+00:00] startup header
  executable=C:\Users\babi2\AppData\Local\Programs\Python\Python313\python.exe
  version=3.13.0
  cwd=C:\J.A.R.V.I.S\local_jarvis
  env=yes
  mode=text(default)+wakeword(env)
[2026-05-26T20:44:54.795398+00:00] import pystray: ok
[2026-05-26T20:44:54.797235+00:00] import Pillow: ok
[2026-05-26T20:44:55.847439+00:00] import openwakeword: ok
[2026-05-26T20:44:55.848081+00:00] import onnxruntime: ok
[2026-05-26T20:44:56.039760+00:00] import sounddevice: ok
[2026-05-26T20:44:56.042144+00:00] import pyttsx3: ok
[2026-05-26T20:44:56.074371+00:00] import PySide6: ok
[2026-05-26T20:44:57.841121+00:00] startup header
  executable=C:\Users\babi2\AppData\Local\Programs\Python\Python313\python.exe
  version=3.13.0
  cwd=C:\J.A.R.V.I.S\local_jarvis
  env=yes
  mode=text(default)+wakeword(env)
[2026-05-26T20:44:57.842360+00:00] startup
  mode=other
  wake=True
  voice=True
  speak=True
  python=C:\Users\babi2\AppData\Local\Programs\Python\Python313\python.exe
[2026-05-26T20:44:57.850631+00:00] wakeword-only: detector starting
[2026-05-26T20:44:57.884295+00:00] wakeword-only: keepalive loop
[2026-05-26T20:51:19.326068+00:00] startup header
  executable=C:\Users\babi2\AppData\Local\Programs\Python\Python313\python.exe
  version=3.13.0
  cwd=C:\J.A.R.V.I.S\local_jarvis
  env=yes
  mode=text(default)+wakeword(env)
[2026-05-26T20:51:19.671246+00:00] import pystray: ok
[2026-05-26T20:51:19.673101+00:00] import Pillow: ok
[2026-05-26T20:51:20.722362+00:00] import openwakeword: ok
[2026-05-26T20:51:20.723039+00:00] import onnxruntime: ok
[2026-05-26T20:51:20.921837+00:00] import sounddevice: ok
[2026-05-26T20:51:20.924257+00:00] import pyttsx3: ok
[2026-05-26T20:51:20.957429+00:00] import PySide6: ok
[2026-05-26T20:51:22.948283+00:00] startup header
  executable=C:\Users\babi2\AppData\Local\Programs\Python\Python313\python.exe
  version=3.13.0
  cwd=C:\J.A.R.V.I.S\local_jarvis
  env=yes
  mode=text(default)+wakeword(env)
[2026-05-26T20:51:22.949357+00:00] startup
  mode=other
  wake=True
  voice=True
  speak=True
  python=C:\Users\babi2\AppData\Local\Programs\Python\Python313\python.exe
[2026-05-26T20:51:22.957535+00:00] wakeword-only: detector starting
[2026-05-26T20:51:23.024991+00:00] wakeword-only: keepalive loop
[2026-05-26T21:11:34.646961+00:00] startup header
  executable=C:\Users\babi2\AppData\Local\Programs\Python\Python313\python.exe
  version=3.13.0
  cwd=C:\J.A.R.V.I.S\local_jarvis
  env=yes
  mode=text(default)+wakeword(env)
[2026-05-26T21:11:34.929167+00:00] import pystray: ok
[2026-05-26T21:11:34.931023+00:00] import Pillow: ok
[2026-05-26T21:11:35.959636+00:00] import openwakeword: ok
[2026-05-26T21:11:35.960242+00:00] import onnxruntime: ok
[2026-05-26T21:11:36.143644+00:00] import sounddevice: ok
[2026-05-26T21:11:36.146141+00:00] import pyttsx3: ok
[2026-05-26T21:11:36.187351+00:00] import PySide6: ok
[2026-05-26T21:11:38.034431+00:00] startup header
  executable=C:\Users\babi2\AppData\Local\Programs\Python\Python313\python.exe
  version=3.13.0
  cwd=C:\J.A.R.V.I.S\local_jarvis
  env=yes
  mode=text(default)+wakeword(env)
[2026-05-26T21:11:38.035229+00:00] startup
  mode=other
  wake=True
  voice=True
  speak=True
  python=C:\Users\babi2\AppData\Local\Programs\Python\Python313\python.exe
[2026-05-26T21:11:38.041481+00:00] wakeword-only: detector starting
[2026-05-26T21:11:38.090928+00:00] wakeword-only: keepalive loop
[2026-05-26T21:14:44.267205+00:00] wakeword-only: stopped
[2026-05-26T21:28:44.512296+00:00] startup header
  executable=C:\Users\babi2\AppData\Local\Programs\Python\Python313\python.exe
  version=3.13.0
  cwd=C:\J.A.R.V.I.S\local_jarvis
  env=yes
  mode=text(default)+wakeword(env)
[2026-05-26T21:28:44.812954+00:00] import pystray: ok
[2026-05-26T21:28:44.815121+00:00] import Pillow: ok
[2026-05-26T21:28:45.807200+00:00] import openwakeword: ok
[2026-05-26T21:28:45.807792+00:00] import onnxruntime: ok
[2026-05-26T21:28:46.013362+00:00] import sounddevice: ok
[2026-05-26T21:28:46.015650+00:00] import pyttsx3: ok
[2026-05-26T21:28:46.047761+00:00] import PySide6: ok
[2026-05-26T21:28:48.068263+00:00] startup header
  executable=C:\Users\babi2\AppData\Local\Programs\Python\Python313\python.exe
  version=3.13.0
  cwd=C:\J.A.R.V.I.S\local_jarvis
  env=yes
  mode=text(default)+wakeword(env)
[2026-05-26T21:28:48.069234+00:00] startup
  mode=other
  wake=True
  voice=True
  speak=True
  python=C:\Users\babi2\AppData\Local\Programs\Python\Python313\python.exe
[2026-05-26T21:28:48.080428+00:00] wakeword-only: detector starting
[2026-05-26T21:28:48.110829+00:00] wakeword-only: keepalive loop
[2026-05-26T21:29:26.447837+00:00] wakeword-only: stopped
[2026-05-26T21:29:39.411611+00:00] startup header
  executable=C:\Users\babi2\AppData\Local\Programs\Python\Python313\python.exe
  version=3.13.0
  cwd=C:\J.A.R.V.I.S\local_jarvis
  env=yes
  mode=text(default)+wakeword(env)
[2026-05-26T21:29:39.700490+00:00] import pystray: ok
[2026-05-26T21:29:39.702174+00:00] import Pillow: ok
[2026-05-26T21:29:40.686656+00:00] import openwakeword: ok
[2026-05-26T21:29:40.687472+00:00] import onnxruntime: ok
[2026-05-26T21:29:40.876395+00:00] import sounddevice: ok
[2026-05-26T21:29:40.878592+00:00] import pyttsx3: ok
[2026-05-26T21:29:40.910162+00:00] import PySide6: ok
[2026-05-26T21:29:42.662415+00:00] startup header
  executable=C:\Users\babi2\AppData\Local\Programs\Python\Python313\python.exe
  version=3.13.0
  cwd=C:\J.A.R.V.I.S\local_jarvis
  env=yes
  mode=text(default)+wakeword(env)
[2026-05-26T21:29:42.663329+00:00] startup
  mode=other
  wake=True
  voice=True
  speak=True
  python=C:\Users\babi2\AppData\Local\Programs\Python\Python313\python.exe
[2026-05-26T21:29:42.673894+00:00] wakeword-only: detector starting
[2026-05-26T21:29:42.701344+00:00] wakeword-only: keepalive loop
[2026-05-26T21:39:32.949060+00:00] startup header
  executable=C:\Users\babi2\AppData\Local\Programs\Python\Python313\python.exe
  version=3.13.0
  cwd=C:\J.A.R.V.I.S\local_jarvis
  env=yes
  mode=text(default)+wakeword(env)
[2026-05-26T21:39:33.245260+00:00] import pystray: ok
[2026-05-26T21:39:33.247124+00:00] import Pillow: ok
[2026-05-26T21:39:34.222120+00:00] import openwakeword: ok
[2026-05-26T21:39:34.222717+00:00] import onnxruntime: ok
[2026-05-26T21:39:34.406215+00:00] import sounddevice: ok
[2026-05-26T21:39:34.408467+00:00] import pyttsx3: ok
[2026-05-26T21:39:34.439926+00:00] import PySide6: ok
[2026-05-26T21:39:36.393485+00:00] startup header
  executable=C:\Users\babi2\AppData\Local\Programs\Python\Python313\python.exe
  version=3.13.0
  cwd=C:\J.A.R.V.I.S\local_jarvis
  env=yes
  mode=text(default)+wakeword(env)
[2026-05-26T21:39:36.394316+00:00] startup
  mode=other
  wake=True
  voice=True
  speak=True
  python=C:\Users\babi2\AppData\Local\Programs\Python\Python313\python.exe
[2026-05-26T21:39:36.400733+00:00] wakeword-only: detector starting
[2026-05-26T21:39:36.433804+00:00] wakeword-only: keepalive loop
[2026-05-26T21:47:31.912991+00:00] startup header
  executable=C:\Users\babi2\AppData\Local\Programs\Python\Python313\python.exe
  version=3.13.0
  cwd=C:\J.A.R.V.I.S\local_jarvis
  env=yes
  mode=text(default)+wakeword(env)
[2026-05-26T21:47:32.212384+00:00] import pystray: ok
[2026-05-26T21:47:32.214098+00:00] import Pillow: ok
[2026-05-26T21:47:33.178053+00:00] import openwakeword: ok
[2026-05-26T21:47:33.178737+00:00] import onnxruntime: ok
[2026-05-26T21:47:33.373290+00:00] import sounddevice: ok
[2026-05-26T21:47:33.375556+00:00] import pyttsx3: ok
[2026-05-26T21:47:33.406458+00:00] import PySide6: ok
[2026-05-26T21:47:35.421122+00:00] startup header
  executable=C:\Users\babi2\AppData\Local\Programs\Python\Python313\python.exe
  version=3.13.0
  cwd=C:\J.A.R.V.I.S\local_jarvis
  env=yes
  mode=text(default)+wakeword(env)
[2026-05-26T21:47:35.422036+00:00] startup
  mode=other
  wake=True
  voice=True
  speak=True
  python=C:\Users\babi2\AppData\Local\Programs\Python\Python313\python.exe
[2026-05-26T21:47:35.428641+00:00] wakeword-only: detector starting
[2026-05-26T21:47:35.478319+00:00] wakeword-only: keepalive loop
[2026-05-26T21:48:57.329690+00:00] wakeword-only: stopped
[2026-05-26T21:49:34.922691+00:00] startup header
  executable=C:\Users\babi2\AppData\Local\Programs\Python\Python313\python.exe
  version=3.13.0
  cwd=C:\J.A.R.V.I.S\local_jarvis
  env=yes
  mode=text(default)+wakeword(env)
[2026-05-26T21:49:35.211499+00:00] import pystray: ok
[2026-05-26T21:49:35.213344+00:00] import Pillow: ok
[2026-05-26T21:49:36.198230+00:00] import openwakeword: ok
[2026-05-26T21:49:36.198962+00:00] import onnxruntime: ok
[2026-05-26T21:49:36.400992+00:00] import sounddevice: ok
[2026-05-26T21:49:36.403134+00:00] import pyttsx3: ok
[2026-05-26T21:49:36.434134+00:00] import PySide6: ok
[2026-05-26T21:49:38.323632+00:00] startup header
  executable=C:\Users\babi2\AppData\Local\Programs\Python\Python313\python.exe
  version=3.13.0
  cwd=C:\J.A.R.V.I.S\local_jarvis
  env=yes
  mode=text(default)+wakeword(env)
[2026-05-26T21:49:38.324452+00:00] startup
  mode=other
  wake=True
  voice=True
  speak=True
  python=C:\Users\babi2\AppData\Local\Programs\Python\Python313\python.exe
[2026-05-26T21:49:38.334436+00:00] wakeword-only: detector starting
[2026-05-26T21:49:38.360806+00:00] wakeword-only: keepalive loop
[2026-05-26T22:08:41.468229+00:00] startup header
  executable=C:\Users\babi2\AppData\Local\Programs\Python\Python313\python.exe
  version=3.13.0
  cwd=C:\J.A.R.V.I.S\local_jarvis
  env=yes
  mode=text(default)+wakeword(env)
[2026-05-26T22:08:41.755865+00:00] import pystray: ok
[2026-05-26T22:08:41.757707+00:00] import Pillow: ok
[2026-05-26T22:08:42.770059+00:00] import openwakeword: ok
[2026-05-26T22:08:42.770751+00:00] import onnxruntime: ok
[2026-05-26T22:08:42.915792+00:00] import sounddevice: ok
[2026-05-26T22:08:42.917911+00:00] import pyttsx3: ok
[2026-05-26T22:08:42.948392+00:00] import PySide6: ok
[2026-05-26T22:08:44.821302+00:00] startup header
  executable=C:\Users\babi2\AppData\Local\Programs\Python\Python313\python.exe
  version=3.13.0
  cwd=C:\J.A.R.V.I.S\local_jarvis
  env=yes
  mode=text(default)+wakeword(env)
[2026-05-26T22:08:44.822103+00:00] startup
  mode=other
  wake=True
  voice=True
  speak=True
  python=C:\Users\babi2\AppData\Local\Programs\Python\Python313\python.exe
[2026-05-26T22:08:44.833528+00:00] wakeword-only: detector starting
[2026-05-26T22:08:44.861411+00:00] wakeword-only: keepalive loop
[2026-05-27T09:36:13.284893+00:00] startup header
  executable=C:\Users\babi2\AppData\Local\Programs\Python\Python313\python.exe
  version=3.13.0
  cwd=C:\J.A.R.V.I.S\local_jarvis
  env=yes
  mode=tray+voice+wakeword+speak
[2026-05-27T09:36:14.611008+00:00] import pystray: ok
[2026-05-27T09:36:14.614274+00:00] import Pillow: ok
[2026-05-27T09:36:16.950926+00:00] import openwakeword: ok
[2026-05-27T09:36:16.951959+00:00] import onnxruntime: ok
[2026-05-27T09:36:17.155914+00:00] import sounddevice: ok
[2026-05-27T09:36:17.159539+00:00] import pyttsx3: ok
[2026-05-27T09:36:17.203129+00:00] import PySide6: ok
[2026-05-27T09:36:24.151593+00:00] startup header
  executable=C:\Users\babi2\AppData\Local\Programs\Python\Python313\python.exe
  version=3.13.0
  cwd=C:\J.A.R.V.I.S\local_jarvis
  env=yes
  mode=tray+voice+wakeword+speak
[2026-05-27T09:36:24.152855+00:00] startup
  mode=tray
  wake=True
  voice=True
  speak=True
  python=C:\Users\babi2\AppData\Local\Programs\Python\Python313\python.exe
[2026-05-27T09:36:24.161390+00:00] background quiet mode: tray only (no console HUD)
[2026-05-27T09:36:24.162723+00:00] tray: entering main loop
[2026-05-27T09:36:24.311956+00:00] watchdog started
[2026-05-27T09:36:24.357701+00:00] tray icon run() starting
[2026-05-27T10:14:13.401031+00:00] startup header
  executable=C:\Users\babi2\AppData\Local\Programs\Python\Python313\python.exe
  version=3.13.0
  cwd=C:\J.A.R.V.I.S\local_jarvis
  env=yes
  mode=text(default)+wakeword(env)
[2026-05-27T10:14:13.832551+00:00] import pystray: ok
[2026-05-27T10:14:13.834380+00:00] import Pillow: ok
[2026-05-27T10:14:18.637402+00:00] import openwakeword: ok
[2026-05-27T10:14:18.638063+00:00] import onnxruntime: ok
[2026-05-27T10:14:18.823291+00:00] import sounddevice: ok
[2026-05-27T10:14:18.825706+00:00] import pyttsx3: ok
[2026-05-27T10:14:18.899427+00:00] import PySide6: ok
[2026-05-27T10:14:24.542397+00:00] startup header
  executable=C:\Users\babi2\AppData\Local\Programs\Python\Python313\python.exe
  version=3.13.0
  cwd=C:\J.A.R.V.I.S\local_jarvis
  env=yes
  mode=text(default)+wakeword(env)
[2026-05-27T10:14:24.543234+00:00] startup
  mode=other
  wake=True
  voice=True
  speak=True
  python=C:\Users\babi2\AppData\Local\Programs\Python\Python313\python.exe
[2026-05-27T10:14:24.558639+00:00] wakeword-only: detector starting
[2026-05-27T10:14:24.619203+00:00] wakeword-only: keepalive loop
[2026-05-27T10:16:43.762982+00:00] startup header
  executable=C:\Users\babi2\AppData\Local\Programs\Python\Python313\python.exe
  version=3.13.0
  cwd=C:\J.A.R.V.I.S\local_jarvis
  env=yes
  mode=text(default)+wakeword(env)
[2026-05-27T10:16:44.095877+00:00] import pystray: ok
[2026-05-27T10:16:44.097592+00:00] import Pillow: ok
[2026-05-27T10:16:45.119404+00:00] import openwakeword: ok
[2026-05-27T10:16:45.120162+00:00] import onnxruntime: ok
[2026-05-27T10:16:45.300930+00:00] import sounddevice: ok
[2026-05-27T10:16:45.303295+00:00] import pyttsx3: ok
[2026-05-27T10:16:45.332722+00:00] import PySide6: ok
[2026-05-27T10:16:47.125563+00:00] startup header
  executable=C:\Users\babi2\AppData\Local\Programs\Python\Python313\python.exe
  version=3.13.0
  cwd=C:\J.A.R.V.I.S\local_jarvis
  env=yes
  mode=text(default)+wakeword(env)
[2026-05-27T10:16:47.126338+00:00] startup
  mode=other
  wake=True
  voice=True
  speak=True
  python=C:\Users\babi2\AppData\Local\Programs\Python\Python313\python.exe
[2026-05-27T10:16:47.133638+00:00] wakeword-only: detector starting
[2026-05-27T10:16:47.146214+00:00] wakeword-only: keepalive loop
[2026-05-27T10:18:17.173209+00:00] wakeword-only: stopped
[2026-05-27T10:18:39.817208+00:00] startup header
  executable=C:\Users\babi2\AppData\Local\Programs\Python\Python313\python.exe
  version=3.13.0
  cwd=C:\J.A.R.V.I.S\local_jarvis
  env=yes
  mode=text(default)+wakeword(env)
[2026-05-27T10:18:40.141429+00:00] import pystray: ok
[2026-05-27T10:18:40.143461+00:00] import Pillow: ok
[2026-05-27T10:18:41.123189+00:00] import openwakeword: ok
[2026-05-27T10:18:41.123817+00:00] import onnxruntime: ok
[2026-05-27T10:18:41.308213+00:00] import sounddevice: ok
[2026-05-27T10:18:41.310508+00:00] import pyttsx3: ok
[2026-05-27T10:18:41.341176+00:00] import PySide6: ok
[2026-05-27T10:18:43.223580+00:00] startup header
  executable=C:\Users\babi2\AppData\Local\Programs\Python\Python313\python.exe
  version=3.13.0
  cwd=C:\J.A.R.V.I.S\local_jarvis
  env=yes
  mode=text(default)+wakeword(env)
[2026-05-27T10:18:43.224585+00:00] startup
  mode=other
  wake=True
  voice=True
  speak=True
  python=C:\Users\babi2\AppData\Local\Programs\Python\Python313\python.exe
[2026-05-27T10:18:43.232724+00:00] wakeword-only: detector starting
[2026-05-27T10:18:43.262673+00:00] wakeword-only: keepalive loop
[2026-05-27T10:33:03.814055+00:00] startup header
  executable=C:\Users\babi2\AppData\Local\Programs\Python\Python313\python.exe
  version=3.13.0
  cwd=C:\J.A.R.V.I.S\local_jarvis
  env=yes
  mode=text(default)+wakeword(env)
[2026-05-27T10:33:04.103253+00:00] import pystray: ok
[2026-05-27T10:33:04.105083+00:00] import Pillow: ok
[2026-05-27T10:33:05.094164+00:00] import openwakeword: ok
[2026-05-27T10:33:05.094822+00:00] import onnxruntime: ok
[2026-05-27T10:33:05.283916+00:00] import sounddevice: ok
[2026-05-27T10:33:05.286314+00:00] import pyttsx3: ok
[2026-05-27T10:33:05.320304+00:00] import PySide6: ok
[2026-05-27T10:33:07.402761+00:00] startup header
  executable=C:\Users\babi2\AppData\Local\Programs\Python\Python313\python.exe
  version=3.13.0
  cwd=C:\J.A.R.V.I.S\local_jarvis
  env=yes
  mode=text(default)+wakeword(env)
[2026-05-27T10:33:07.403644+00:00] startup
  mode=other
  wake=True
  voice=True
  speak=True
  python=C:\Users\babi2\AppData\Local\Programs\Python\Python313\python.exe
[2026-05-27T10:33:07.410147+00:00] wakeword-only: detector starting
[2026-05-27T10:33:07.427513+00:00] wakeword-only: keepalive loop
[2026-05-27T10:50:48.568743+00:00] startup header
  executable=C:\Users\babi2\AppData\Local\Programs\Python\Python313\python.exe
  version=3.13.0
  cwd=C:\J.A.R.V.I.S\local_jarvis
  env=yes
  mode=text(default)+wakeword(env)
[2026-05-27T10:50:48.876996+00:00] import pystray: ok
[2026-05-27T10:50:48.879562+00:00] import Pillow: ok
[2026-05-27T10:50:49.979506+00:00] import openwakeword: ok
[2026-05-27T10:50:49.980406+00:00] import onnxruntime: ok
[2026-05-27T10:50:50.180813+00:00] import sounddevice: ok
[2026-05-27T10:50:50.183435+00:00] import pyttsx3: ok
[2026-05-27T10:50:50.224817+00:00] import PySide6: ok
[2026-05-27T10:50:52.715804+00:00] startup header
  executable=C:\Users\babi2\AppData\Local\Programs\Python\Python313\python.exe
  version=3.13.0
  cwd=C:\J.A.R.V.I.S\local_jarvis
  env=yes
  mode=text(default)+wakeword(env)
[2026-05-27T10:50:52.716588+00:00] startup
  mode=other
  wake=True
  voice=True
  speak=True
  python=C:\Users\babi2\AppData\Local\Programs\Python\Python313\python.exe
[2026-05-27T10:50:52.726362+00:00] wakeword-only: detector starting
[2026-05-27T10:50:52.751929+00:00] wakeword-only: keepalive loop
[2026-05-27T11:54:53.014535+00:00] startup header
  executable=C:\Users\babi2\AppData\Local\Programs\Python\Python313\python.exe
  version=3.13.0
  cwd=C:\J.A.R.V.I.S\local_jarvis
  env=yes
  mode=text+wakeword(env)+speak
[2026-05-27T11:54:53.350428+00:00] import pystray: ok
[2026-05-27T11:54:53.352962+00:00] import Pillow: ok
[2026-05-27T11:54:54.797943+00:00] import openwakeword: ok
[2026-05-27T11:54:54.798641+00:00] import onnxruntime: ok
[2026-05-27T11:54:55.000676+00:00] import sounddevice: ok
[2026-05-27T11:54:55.003075+00:00] import pyttsx3: ok
[2026-05-27T11:54:55.035728+00:00] import PySide6: ok
[2026-05-27T11:55:15.454366+00:00] startup header
  executable=C:\Users\babi2\AppData\Local\Programs\Python\Python313\python.exe
  version=3.13.0
  cwd=C:\J.A.R.V.I.S\local_jarvis
  env=yes
  mode=text+wakeword(env)+speak
[2026-05-27T11:55:15.455450+00:00] startup
  mode=other
  wake=True
  voice=True
  speak=True
  python=C:\Users\babi2\AppData\Local\Programs\Python\Python313\python.exe
[2026-05-27T11:55:15.461746+00:00] wakeword-only: detector starting
[2026-05-27T11:55:15.465617+00:00] wakeword-only: keepalive loop
[2026-05-27T13:17:14.630124+00:00] startup header
  executable=C:\Users\babi2\AppData\Local\Programs\Python\Python313\python.exe
  version=3.13.0
  cwd=C:\J.A.R.V.I.S\local_jarvis
  env=yes
  mode=text+wakeword(env)+speak
[2026-05-27T13:17:14.949117+00:00] import pystray: ok
[2026-05-27T13:17:14.951110+00:00] import Pillow: ok
[2026-05-27T13:17:15.998952+00:00] import openwakeword: ok
[2026-05-27T13:17:15.999656+00:00] import onnxruntime: ok
[2026-05-27T13:17:16.185481+00:00] import sounddevice: ok
[2026-05-27T13:17:16.188078+00:00] import pyttsx3: ok
[2026-05-27T13:17:16.218173+00:00] import PySide6: ok
[2026-05-27T13:17:19.332677+00:00] startup header
  executable=C:\Users\babi2\AppData\Local\Programs\Python\Python313\python.exe
  version=3.13.0
  cwd=C:\J.A.R.V.I.S\local_jarvis
  env=yes
  mode=text+wakeword(env)+speak
[2026-05-27T13:17:19.333599+00:00] startup
  mode=other
  wake=True
  voice=True
  speak=True
  python=C:\Users\babi2\AppData\Local\Programs\Python\Python313\python.exe
[2026-05-27T13:17:19.340578+00:00] wakeword-only: detector starting
[2026-05-27T13:17:19.372546+00:00] wakeword-only: keepalive loop
[2026-05-27T14:14:48.762953+00:00] startup header
  executable=C:\Users\babi2\AppData\Local\Programs\Python\Python313\python.exe
  version=3.13.0
  cwd=C:\J.A.R.V.I.S\local_jarvis
  env=yes
  mode=text+wakeword(env)+speak
[2026-05-27T14:14:49.067219+00:00] import pystray: ok
[2026-05-27T14:14:49.069004+00:00] import Pillow: ok
[2026-05-27T14:14:50.091556+00:00] import openwakeword: ok
[2026-05-27T14:14:50.092187+00:00] import onnxruntime: ok
[2026-05-27T14:14:50.278323+00:00] import sounddevice: ok
[2026-05-27T14:14:50.280527+00:00] import pyttsx3: ok
[2026-05-27T14:14:50.309923+00:00] import PySide6: ok
[2026-05-27T14:14:52.627242+00:00] startup header
  executable=C:\Users\babi2\AppData\Local\Programs\Python\Python313\python.exe
  version=3.13.0
  cwd=C:\J.A.R.V.I.S\local_jarvis
  env=yes
  mode=text+wakeword(env)+speak
[2026-05-27T14:14:52.628107+00:00] startup
  mode=other
  wake=True
  voice=True
  speak=True
  python=C:\Users\babi2\AppData\Local\Programs\Python\Python313\python.exe
[2026-05-27T14:14:52.634361+00:00] wakeword-only: detector starting
[2026-05-27T14:14:52.683244+00:00] wakeword-only: keepalive loop
[2026-05-27T14:22:33.452551+00:00] startup header
  executable=C:\Users\babi2\AppData\Local\Programs\Python\Python313\python.exe
  version=3.13.0
  cwd=C:\J.A.R.V.I.S\local_jarvis
  env=yes
  mode=text+wakeword(env)+speak
[2026-05-27T14:22:33.771527+00:00] import pystray: ok
[2026-05-27T14:22:33.773343+00:00] import Pillow: ok
[2026-05-27T14:22:34.767658+00:00] import openwakeword: ok
[2026-05-27T14:22:34.768309+00:00] import onnxruntime: ok
[2026-05-27T14:22:34.949280+00:00] import sounddevice: ok
[2026-05-27T14:22:34.951725+00:00] import pyttsx3: ok
[2026-05-27T14:22:34.981736+00:00] import PySide6: ok
[2026-05-27T14:22:37.342504+00:00] startup header
  executable=C:\Users\babi2\AppData\Local\Programs\Python\Python313\python.exe
  version=3.13.0
  cwd=C:\J.A.R.V.I.S\local_jarvis
  env=yes
  mode=text+wakeword(env)+speak
[2026-05-27T14:22:37.343388+00:00] startup
  mode=other
  wake=True
  voice=True
  speak=True
  python=C:\Users\babi2\AppData\Local\Programs\Python\Python313\python.exe
[2026-05-27T14:22:37.353937+00:00] wakeword-only: detector starting
[2026-05-27T14:22:37.381749+00:00] wakeword-only: keepalive loop
[2026-05-27T14:26:37.239973+00:00] startup header
  executable=C:\Users\babi2\AppData\Local\Programs\Python\Python313\python.exe
  version=3.13.0
  cwd=C:\J.A.R.V.I.S\local_jarvis
  env=yes
  mode=text+wakeword(env)+speak
[2026-05-27T14:26:37.543280+00:00] import pystray: ok
[2026-05-27T14:26:37.545024+00:00] import Pillow: ok
[2026-05-27T14:26:38.500719+00:00] import openwakeword: ok
[2026-05-27T14:26:38.501371+00:00] import onnxruntime: ok
[2026-05-27T14:26:38.695231+00:00] import sounddevice: ok
[2026-05-27T14:26:38.697475+00:00] import pyttsx3: ok
[2026-05-27T14:26:38.726246+00:00] import PySide6: ok
[2026-05-27T14:26:40.961003+00:00] startup header
  executable=C:\Users\babi2\AppData\Local\Programs\Python\Python313\python.exe
  version=3.13.0
  cwd=C:\J.A.R.V.I.S\local_jarvis
  env=yes
  mode=text+wakeword(env)+speak
[2026-05-27T14:26:40.961771+00:00] startup
  mode=other
  wake=True
  voice=True
  speak=True
  python=C:\Users\babi2\AppData\Local\Programs\Python\Python313\python.exe
[2026-05-27T14:26:40.971141+00:00] wakeword-only: detector starting
[2026-05-27T14:26:40.997040+00:00] wakeword-only: keepalive loop
[2026-05-27T14:35:50.443325+00:00] startup header
  executable=C:\Users\babi2\AppData\Local\Programs\Python\Python313\python.exe
  version=3.13.0
  cwd=C:\J.A.R.V.I.S\local_jarvis
  env=yes
  mode=text+wakeword(env)+speak
[2026-05-27T14:35:50.765960+00:00] import pystray: ok
[2026-05-27T14:35:50.768071+00:00] import Pillow: ok
[2026-05-27T14:35:51.787690+00:00] import openwakeword: ok
[2026-05-27T14:35:51.788344+00:00] import onnxruntime: ok
[2026-05-27T14:35:51.976363+00:00] import sounddevice: ok
[2026-05-27T14:35:51.978495+00:00] import pyttsx3: ok
[2026-05-27T14:35:52.008111+00:00] import PySide6: ok
[2026-05-27T14:35:54.353764+00:00] startup header
  executable=C:\Users\babi2\AppData\Local\Programs\Python\Python313\python.exe
  version=3.13.0
  cwd=C:\J.A.R.V.I.S\local_jarvis
  env=yes
  mode=text+wakeword(env)+speak
[2026-05-27T14:35:54.354605+00:00] startup
  mode=other
  wake=True
  voice=True
  speak=True
  python=C:\Users\babi2\AppData\Local\Programs\Python\Python313\python.exe
[2026-05-27T14:35:54.364576+00:00] wakeword-only: detector starting
[2026-05-27T14:35:54.404976+00:00] wakeword-only: keepalive loop
[2026-05-27T14:47:34.508521+00:00] startup header
  executable=C:\Users\babi2\AppData\Local\Programs\Python\Python313\python.exe
  version=3.13.0
  cwd=C:\J.A.R.V.I.S\local_jarvis
  env=yes
  mode=text+wakeword(env)+speak
[2026-05-27T14:47:34.814746+00:00] import pystray: ok
[2026-05-27T14:47:34.816497+00:00] import Pillow: ok
[2026-05-27T14:47:35.785548+00:00] import openwakeword: ok
[2026-05-27T14:47:35.786305+00:00] import onnxruntime: ok
[2026-05-27T14:47:35.975593+00:00] import sounddevice: ok
[2026-05-27T14:47:35.977701+00:00] import pyttsx3: ok
[2026-05-27T14:47:36.007385+00:00] import PySide6: ok
[2026-05-27T14:47:38.335479+00:00] startup header
  executable=C:\Users\babi2\AppData\Local\Programs\Python\Python313\python.exe
  version=3.13.0
  cwd=C:\J.A.R.V.I.S\local_jarvis
  env=yes
  mode=text+wakeword(env)+speak
[2026-05-27T14:47:38.336336+00:00] startup
  mode=other
  wake=True
  voice=True
  speak=True
  python=C:\Users\babi2\AppData\Local\Programs\Python\Python313\python.exe
[2026-05-27T14:47:38.342493+00:00] wakeword-only: detector starting
[2026-05-27T14:47:38.389461+00:00] wakeword-only: keepalive loop
[2026-05-27T14:49:22.872401+00:00] startup header
  executable=C:\Users\babi2\AppData\Local\Programs\Python\Python313\python.exe
  version=3.13.0
  cwd=C:\J.A.R.V.I.S\local_jarvis
  env=yes
  mode=text+wakeword(env)+speak
[2026-05-27T14:49:23.171994+00:00] import pystray: ok
[2026-05-27T14:49:23.173812+00:00] import Pillow: ok
[2026-05-27T14:49:24.141570+00:00] import openwakeword: ok
[2026-05-27T14:49:24.142176+00:00] import onnxruntime: ok
[2026-05-27T14:49:24.342957+00:00] import sounddevice: ok
[2026-05-27T14:49:24.345584+00:00] import pyttsx3: ok
[2026-05-27T14:49:24.380021+00:00] import PySide6: ok
[2026-05-27T14:49:26.701008+00:00] startup header
  executable=C:\Users\babi2\AppData\Local\Programs\Python\Python313\python.exe
  version=3.13.0
  cwd=C:\J.A.R.V.I.S\local_jarvis
  env=yes
  mode=text+wakeword(env)+speak
[2026-05-27T14:49:26.702242+00:00] startup
  mode=other
  wake=True
  voice=True
  speak=True
  python=C:\Users\babi2\AppData\Local\Programs\Python\Python313\python.exe
[2026-05-27T14:49:26.710722+00:00] wakeword-only: detector starting
[2026-05-27T14:49:26.738643+00:00] wakeword-only: keepalive loop
[2026-05-27T15:03:08.207933+00:00] startup header
  executable=C:\Users\babi2\AppData\Local\Programs\Python\Python313\python.exe
  version=3.13.0
  cwd=C:\J.A.R.V.I.S\local_jarvis
  env=yes
  mode=text+wakeword(env)+speak
[2026-05-27T15:03:08.540579+00:00] import pystray: ok
[2026-05-27T15:03:08.542410+00:00] import Pillow: ok
[2026-05-27T15:03:09.558140+00:00] import openwakeword: ok
[2026-05-27T15:03:09.558790+00:00] import onnxruntime: ok
[2026-05-27T15:03:09.749765+00:00] import sounddevice: ok
[2026-05-27T15:03:09.751918+00:00] import pyttsx3: ok
[2026-05-27T15:03:09.780997+00:00] import PySide6: ok
[2026-05-27T15:03:12.315041+00:00] startup header
  executable=C:\Users\babi2\AppData\Local\Programs\Python\Python313\python.exe
  version=3.13.0
  cwd=C:\J.A.R.V.I.S\local_jarvis
  env=yes
  mode=text+wakeword(env)+speak
[2026-05-27T15:03:12.315945+00:00] startup
  mode=other
  wake=True
  voice=True
  speak=True
  python=C:\Users\babi2\AppData\Local\Programs\Python\Python313\python.exe
[2026-05-27T15:03:12.322279+00:00] wakeword-only: detector starting
[2026-05-27T15:03:12.380454+00:00] wakeword-only: keepalive loop
[2026-05-27T15:11:09.398783+00:00] startup header
  executable=C:\Users\babi2\AppData\Local\Programs\Python\Python313\python.exe
  version=3.13.0
  cwd=C:\J.A.R.V.I.S\local_jarvis
  env=yes
  mode=text+wakeword(env)+speak
[2026-05-27T15:11:09.697607+00:00] import pystray: ok
[2026-05-27T15:11:09.699332+00:00] import Pillow: ok
[2026-05-27T15:11:10.689126+00:00] import openwakeword: ok
[2026-05-27T15:11:10.689776+00:00] import onnxruntime: ok
[2026-05-27T15:11:10.879028+00:00] import sounddevice: ok
[2026-05-27T15:11:10.881212+00:00] import pyttsx3: ok
[2026-05-27T15:11:10.910344+00:00] import PySide6: ok
[2026-05-27T15:11:13.239920+00:00] startup header
  executable=C:\Users\babi2\AppData\Local\Programs\Python\Python313\python.exe
  version=3.13.0
  cwd=C:\J.A.R.V.I.S\local_jarvis
  env=yes
  mode=text+wakeword(env)+speak
[2026-05-27T15:11:13.240730+00:00] startup
  mode=other
  wake=True
  voice=True
  speak=True
  python=C:\Users\babi2\AppData\Local\Programs\Python\Python313\python.exe
[2026-05-27T15:11:13.246900+00:00] wakeword-only: detector starting
[2026-05-27T15:11:13.271316+00:00] wakeword-only: keepalive loop
[2026-05-27T15:20:24.166397+00:00] startup header
  executable=C:\Users\babi2\AppData\Local\Programs\Python\Python313\python.exe
  version=3.13.0
  cwd=C:\J.A.R.V.I.S\local_jarvis
  env=yes
  mode=text+wakeword(env)+speak
[2026-05-27T15:20:24.471309+00:00] import pystray: ok
[2026-05-27T15:20:24.473062+00:00] import Pillow: ok
[2026-05-27T15:20:25.448241+00:00] import openwakeword: ok
[2026-05-27T15:20:25.448886+00:00] import onnxruntime: ok
[2026-05-27T15:20:25.638404+00:00] import sounddevice: ok
[2026-05-27T15:20:25.640866+00:00] import pyttsx3: ok
[2026-05-27T15:20:25.671217+00:00] import PySide6: ok
[2026-05-27T15:20:28.830233+00:00] startup header
  executable=C:\Users\babi2\AppData\Local\Programs\Python\Python313\python.exe
  version=3.13.0
  cwd=C:\J.A.R.V.I.S\local_jarvis
  env=yes
  mode=text+wakeword(env)+speak
[2026-05-27T15:20:28.831187+00:00] startup
  mode=other
  wake=True
  voice=True
  speak=True
  python=C:\Users\babi2\AppData\Local\Programs\Python\Python313\python.exe
[2026-05-27T15:20:28.837349+00:00] wakeword-only: detector starting
[2026-05-27T15:20:28.863857+00:00] wakeword-only: keepalive loop
[2026-05-27T15:22:22.251934+00:00] startup header
  executable=C:\Users\babi2\AppData\Local\Programs\Python\Python313\python.exe
  version=3.13.0
  cwd=C:\J.A.R.V.I.S\local_jarvis
  env=yes
  mode=text+wakeword(env)+speak
[2026-05-27T15:22:22.559485+00:00] import pystray: ok
[2026-05-27T15:22:22.561488+00:00] import Pillow: ok
[2026-05-27T15:22:23.555604+00:00] import openwakeword: ok
[2026-05-27T15:22:23.556295+00:00] import onnxruntime: ok
[2026-05-27T15:22:23.741179+00:00] import sounddevice: ok
[2026-05-27T15:22:23.743369+00:00] import pyttsx3: ok
[2026-05-27T15:22:23.772634+00:00] import PySide6: ok
[2026-05-27T15:22:29.394014+00:00] startup header
  executable=C:\Users\babi2\AppData\Local\Programs\Python\Python313\python.exe
  version=3.13.0
  cwd=C:\J.A.R.V.I.S\local_jarvis
  env=yes
  mode=text+wakeword(env)+speak
[2026-05-27T15:22:29.395040+00:00] startup
  mode=other
  wake=True
  voice=True
  speak=True
  python=C:\Users\babi2\AppData\Local\Programs\Python\Python313\python.exe
[2026-05-27T15:22:29.402997+00:00] wakeword-only: detector starting
[2026-05-27T15:22:29.437727+00:00] wakeword-only: keepalive loop
[2026-05-27T15:24:55.864203+00:00] startup header
  executable=C:\Users\babi2\AppData\Local\Programs\Python\Python313\python.exe
  version=3.13.0
  cwd=C:\J.A.R.V.I.S\local_jarvis
  env=yes
  mode=text+wakeword(env)+speak
[2026-05-27T15:24:56.174147+00:00] import pystray: ok
[2026-05-27T15:24:56.175861+00:00] import Pillow: ok
[2026-05-27T15:24:57.177612+00:00] import openwakeword: ok
[2026-05-27T15:24:57.178364+00:00] import onnxruntime: ok
[2026-05-27T15:24:57.371183+00:00] import sounddevice: ok
[2026-05-27T15:24:57.373507+00:00] import pyttsx3: ok
[2026-05-27T15:24:57.403031+00:00] import PySide6: ok
[2026-05-27T15:25:00.025551+00:00] startup header
  executable=C:\Users\babi2\AppData\Local\Programs\Python\Python313\python.exe
  version=3.13.0
  cwd=C:\J.A.R.V.I.S\local_jarvis
  env=yes
  mode=text+wakeword(env)+speak
[2026-05-27T15:25:00.026373+00:00] startup
  mode=other
  wake=True
  voice=True
  speak=True
  python=C:\Users\babi2\AppData\Local\Programs\Python\Python313\python.exe
[2026-05-27T15:25:00.035350+00:00] wakeword-only: detector starting
[2026-05-27T15:25:00.060838+00:00] wakeword-only: keepalive loop
[2026-05-27T15:52:49.658759+00:00] wakeword-only: stopped
[2026-05-27T16:41:17.529718+00:00] startup header
  executable=C:\Users\babi2\AppData\Local\Programs\Python\Python313\python.exe
  version=3.13.0
  cwd=C:\J.A.R.V.I.S\local_jarvis
  env=yes
  mode=text+wakeword(env)+speak
[2026-05-27T16:41:17.872656+00:00] import pystray: ok
[2026-05-27T16:41:17.889874+00:00] import Pillow: ok
[2026-05-27T16:41:18.952087+00:00] import openwakeword: ok
[2026-05-27T16:41:18.952821+00:00] import onnxruntime: ok
[2026-05-27T16:41:19.148311+00:00] import sounddevice: ok
[2026-05-27T16:41:19.150535+00:00] import pyttsx3: ok
[2026-05-27T16:41:19.180615+00:00] import PySide6: ok
[2026-05-27T16:41:32.976526+00:00] startup header
  executable=C:\Users\babi2\AppData\Local\Programs\Python\Python313\python.exe
  version=3.13.0
  cwd=C:\J.A.R.V.I.S\local_jarvis
  env=yes
  mode=text+wakeword(env)+speak
[2026-05-27T16:41:32.977489+00:00] startup
  mode=other
  wake=True
  voice=True
  speak=True
  python=C:\Users\babi2\AppData\Local\Programs\Python\Python313\python.exe
[2026-05-27T16:41:32.986877+00:00] wakeword-only: detector starting
[2026-05-27T16:41:33.025943+00:00] wakeword-only: keepalive loop
[2026-05-27T16:56:32.802586+00:00] wakeword-only: stopped
[2026-05-27T18:48:48.610344+00:00] startup header
  executable=C:\Users\babi2\AppData\Local\Programs\Python\Python313\python.exe
  version=3.13.0
  cwd=C:\J.A.R.V.I.S\local_jarvis
  env=yes
  mode=text(default)+wakeword(env)
[2026-05-27T18:48:48.946564+00:00] import pystray: ok
[2026-05-27T18:48:48.951444+00:00] import Pillow: ok
[2026-05-27T18:48:50.800248+00:00] import openwakeword: ok
[2026-05-27T18:48:50.800899+00:00] import onnxruntime: ok
[2026-05-27T18:48:50.985844+00:00] import sounddevice: ok
[2026-05-27T18:48:50.988104+00:00] import pyttsx3: ok
[2026-05-27T18:48:51.018685+00:00] import PySide6: ok
[2026-05-27T18:48:55.991913+00:00] startup header
  executable=C:\Users\babi2\AppData\Local\Programs\Python\Python313\python.exe
  version=3.13.0
  cwd=C:\J.A.R.V.I.S\local_jarvis
  env=yes
  mode=text(default)+wakeword(env)
[2026-05-27T18:48:55.992774+00:00] startup
  mode=other
  wake=True
  voice=True
  speak=True
  python=C:\Users\babi2\AppData\Local\Programs\Python\Python313\python.exe
[2026-05-27T18:48:55.999705+00:00] wakeword-only: detector starting
[2026-05-27T18:48:56.025708+00:00] wakeword-only: keepalive loop
[2026-05-27T19:05:38.279296+00:00] startup header
  executable=C:\Users\babi2\AppData\Local\Programs\Python\Python313\python.exe
  version=3.13.0
  cwd=C:\J.A.R.V.I.S\local_jarvis
  env=yes
  mode=text(default)+wakeword(env)
[2026-05-27T19:05:38.396272+00:00] Intent registry validation failed: english_voice_phrases intent validation failed:
[english_voice_phrases] TEST_STREAMING_STT (test_streaming_stt) not in ALLOWED_INTENTS
Traceback (most recent call last):
  File "C:\J.A.R.V.I.S\local_jarvis\main.py", line 142, in main
    run_startup_intent_validation(strict=True)
    ~~~~~~~~~~~~~~~~~~~~~~~~~~~~~^^^^^^^^^^^^^
  File "C:\J.A.R.V.I.S\local_jarvis\core\intent_validation.py", line 768, in run_startup_intent_validation
    import brain.english_voice_phrases  # noqa: F401
    ^^^^^^^^^^^^^^^^^^^^^^^^^^^^^^^^^^
  File "C:\J.A.R.V.I.S\local_jarvis\brain\english_voice_phrases.py", line 440, in <module>
    assert_phrase_table_valid(_ENGLISH_VOICE_PHRASES, source="english_voice_phrases")
    ~~~~~~~~~~~~~~~~~~~~~~~~~^^^^^^^^^^^^^^^^^^^^^^^^^^^^^^^^^^^^^^^^^^^^^^^^^^^^^^^^
  File "C:\J.A.R.V.I.S\local_jarvis\core\intent_validation.py", line 308, in assert_phrase_table_valid
    raise ImportError(f"{source} intent validation failed:\n{lines}")
ImportError: english_voice_phrases intent validation failed:
[english_voice_phrases] TEST_STREAMING_STT (test_streaming_stt) not in ALLOWED_INTENTS

[2026-05-27T19:05:55.176370+00:00] startup header
  executable=C:\Users\babi2\AppData\Local\Programs\Python\Python313\python.exe
  version=3.13.0
  cwd=C:\J.A.R.V.I.S\local_jarvis
  env=yes
  mode=text(default)+wakeword(env)
[2026-05-27T19:05:55.289727+00:00] Intent registry validation failed: english_voice_phrases intent validation failed:
[english_voice_phrases] TEST_STREAMING_STT (test_streaming_stt) not in ALLOWED_INTENTS
Traceback (most recent call last):
  File "C:\J.A.R.V.I.S\local_jarvis\main.py", line 142, in main
    run_startup_intent_validation(strict=True)
    ~~~~~~~~~~~~~~~~~~~~~~~~~~~~~^^^^^^^^^^^^^
  File "C:\J.A.R.V.I.S\local_jarvis\core\intent_validation.py", line 768, in run_startup_intent_validation
    import brain.english_voice_phrases  # noqa: F401
    ^^^^^^^^^^^^^^^^^^^^^^^^^^^^^^^^^^
  File "C:\J.A.R.V.I.S\local_jarvis\brain\english_voice_phrases.py", line 440, in <module>
    assert_phrase_table_valid(_ENGLISH_VOICE_PHRASES, source="english_voice_phrases")
    ~~~~~~~~~~~~~~~~~~~~~~~~~^^^^^^^^^^^^^^^^^^^^^^^^^^^^^^^^^^^^^^^^^^^^^^^^^^^^^^^^
  File "C:\J.A.R.V.I.S\local_jarvis\core\intent_validation.py", line 308, in assert_phrase_table_valid
    raise ImportError(f"{source} intent validation failed:\n{lines}")
ImportError: english_voice_phrases intent validation failed:
[english_voice_phrases] TEST_STREAMING_STT (test_streaming_stt) not in ALLOWED_INTENTS

[2026-05-27T19:10:46.457669+00:00] startup header
  executable=C:\Users\babi2\AppData\Local\Programs\Python\Python313\python.exe
  version=3.13.0
  cwd=C:\J.A.R.V.I.S\local_jarvis
  env=yes
  mode=text(default)+wakeword(env)
[2026-05-27T19:10:46.787067+00:00] import pystray: ok
[2026-05-27T19:10:46.788949+00:00] import Pillow: ok
[2026-05-27T19:10:47.863596+00:00] import openwakeword: ok
[2026-05-27T19:10:47.864403+00:00] import onnxruntime: ok
[2026-05-27T19:10:48.060595+00:00] import sounddevice: ok
[2026-05-27T19:10:48.063110+00:00] import pyttsx3: ok
[2026-05-27T19:10:48.093470+00:00] import PySide6: ok
[2026-05-27T19:10:50.470406+00:00] startup header
  executable=C:\Users\babi2\AppData\Local\Programs\Python\Python313\python.exe
  version=3.13.0
  cwd=C:\J.A.R.V.I.S\local_jarvis
  env=yes
  mode=text(default)+wakeword(env)
[2026-05-27T19:10:50.471237+00:00] startup
  mode=other
  wake=True
  voice=True
  speak=True
  python=C:\Users\babi2\AppData\Local\Programs\Python\Python313\python.exe
[2026-05-27T19:10:50.477825+00:00] wakeword-only: detector starting
[2026-05-27T19:10:50.514600+00:00] wakeword-only: keepalive loop
[2026-05-27T19:14:26.814405+00:00] wakeword-only: stopped
[2026-05-27T19:26:57.019000+00:00] startup header
  executable=C:\Users\babi2\AppData\Local\Programs\Python\Python313\python.exe
  version=3.13.0
  cwd=C:\J.A.R.V.I.S\local_jarvis
  env=yes
  mode=text(default)+wakeword(env)
[2026-05-27T19:26:57.377802+00:00] import pystray: ok
[2026-05-27T19:26:57.379935+00:00] import Pillow: ok
[2026-05-27T19:26:58.496024+00:00] import openwakeword: ok
[2026-05-27T19:26:58.496691+00:00] import onnxruntime: ok
[2026-05-27T19:26:58.700022+00:00] import sounddevice: ok
[2026-05-27T19:26:58.702374+00:00] import pyttsx3: ok
[2026-05-27T19:26:58.734210+00:00] import PySide6: ok
[2026-05-27T19:27:01.238810+00:00] startup header
  executable=C:\Users\babi2\AppData\Local\Programs\Python\Python313\python.exe
  version=3.13.0
  cwd=C:\J.A.R.V.I.S\local_jarvis
  env=yes
  mode=text(default)+wakeword(env)
[2026-05-27T19:27:01.239714+00:00] startup
  mode=other
  wake=True
  voice=True
  speak=True
  python=C:\Users\babi2\AppData\Local\Programs\Python\Python313\python.exe
[2026-05-27T19:27:01.249123+00:00] wakeword-only: detector starting
[2026-05-27T19:27:01.295537+00:00] wakeword-only: keepalive loop
[2026-05-27T19:28:22.853071+00:00] wakeword-only: stopped
[2026-05-27T20:14:02.181479+00:00] startup header
  executable=C:\Users\babi2\AppData\Local\Programs\Python\Python313\python.exe
  version=3.13.0
  cwd=C:\J.A.R.V.I.S\local_jarvis
  env=yes
  mode=text(default)+wakeword(env)
[2026-05-27T20:14:02.530862+00:00] import pystray: ok
[2026-05-27T20:14:02.533074+00:00] import Pillow: ok
[2026-05-27T20:14:03.713096+00:00] import openwakeword: ok
[2026-05-27T20:14:03.713801+00:00] import onnxruntime: ok
[2026-05-27T20:14:03.926472+00:00] import sounddevice: ok
[2026-05-27T20:14:03.929447+00:00] import pyttsx3: ok
[2026-05-27T20:14:03.965256+00:00] import PySide6: ok
[2026-05-27T20:14:06.944374+00:00] startup header
  executable=C:\Users\babi2\AppData\Local\Programs\Python\Python313\python.exe
  version=3.13.0
  cwd=C:\J.A.R.V.I.S\local_jarvis
  env=yes
  mode=text(default)+wakeword(env)
[2026-05-27T20:14:06.945491+00:00] startup
  mode=other
  wake=True
  voice=True
  speak=True
  python=C:\Users\babi2\AppData\Local\Programs\Python\Python313\python.exe
[2026-05-27T20:14:06.957980+00:00] wakeword-only: detector starting
[2026-05-27T20:14:07.072244+00:00] wakeword-only: keepalive loop
[2026-05-28T10:03:52.045983+00:00] startup header
  executable=C:\Users\babi2\AppData\Local\Programs\Python\Python313\python.exe
  version=3.13.0
  cwd=C:\J.A.R.V.I.S\local_jarvis
  env=yes
  mode=tray+voice+wakeword+speak
[2026-05-28T10:03:56.970716+00:00] import pystray: ok
[2026-05-28T10:03:56.973867+00:00] import Pillow: ok
[2026-05-28T10:03:59.675973+00:00] import openwakeword: ok
[2026-05-28T10:03:59.676968+00:00] import onnxruntime: ok
[2026-05-28T10:03:59.892138+00:00] import sounddevice: ok
[2026-05-28T10:03:59.895541+00:00] import pyttsx3: ok
[2026-05-28T10:03:59.942026+00:00] import PySide6: ok
[2026-05-28T10:04:34.664942+00:00] startup header
  executable=C:\Users\babi2\AppData\Local\Programs\Python\Python313\python.exe
  version=3.13.0
  cwd=C:\J.A.R.V.I.S\local_jarvis
  env=yes
  mode=tray+voice+wakeword+speak
[2026-05-28T10:04:34.666274+00:00] startup
  mode=tray
  wake=True
  voice=True
  speak=True
  python=C:\Users\babi2\AppData\Local\Programs\Python\Python313\python.exe
[2026-05-28T10:04:34.739085+00:00] background quiet mode: tray only (no console HUD)
[2026-05-28T10:04:34.739860+00:00] tray: entering main loop
[2026-05-28T10:04:35.017968+00:00] watchdog started
[2026-05-28T10:04:35.078785+00:00] tray icon run() starting
[2026-05-28T12:48:38.944690+00:00] startup header
  executable=C:\Users\babi2\AppData\Local\Programs\Python\Python313\python.exe
  version=3.13.0
  cwd=C:\J.A.R.V.I.S\local_jarvis
  env=yes
  mode=text(default)+wakeword(env)
[2026-05-28T12:48:39.492156+00:00] import pystray: ok
[2026-05-28T12:48:39.494822+00:00] import Pillow: ok
[2026-05-28T12:48:44.818528+00:00] import openwakeword: ok
[2026-05-28T12:48:44.819289+00:00] import onnxruntime: ok
[2026-05-28T12:48:45.033887+00:00] import sounddevice: ok
[2026-05-28T12:48:45.036255+00:00] import pyttsx3: ok
[2026-05-28T12:48:45.122679+00:00] import PySide6: ok
[2026-05-28T12:48:53.250676+00:00] startup header
  executable=C:\Users\babi2\AppData\Local\Programs\Python\Python313\python.exe
  version=3.13.0
  cwd=C:\J.A.R.V.I.S\local_jarvis
  env=yes
  mode=text(default)+wakeword(env)
[2026-05-28T12:48:53.251551+00:00] startup
  mode=other
  wake=True
  voice=True
  speak=True
  python=C:\Users\babi2\AppData\Local\Programs\Python\Python313\python.exe
[2026-05-28T12:48:53.320706+00:00] wakeword-only: detector starting
[2026-05-28T12:48:53.409906+00:00] wakeword-only: keepalive loop
[2026-05-28T13:27:52.653420+00:00] startup header
  executable=C:\Users\babi2\AppData\Local\Programs\Python\Python313\python.exe
  version=3.13.0
  cwd=C:\J.A.R.V.I.S\local_jarvis
  env=yes
  mode=text(default)+wakeword(env)
[2026-05-28T13:27:53.190654+00:00] import pystray: ok
[2026-05-28T13:27:53.193802+00:00] import Pillow: ok
[2026-05-28T13:27:55.106745+00:00] import openwakeword: ok
[2026-05-28T13:27:55.107688+00:00] import onnxruntime: ok
[2026-05-28T13:27:55.430125+00:00] import sounddevice: ok
[2026-05-28T13:27:55.433495+00:00] import pyttsx3: ok
[2026-05-28T13:27:55.499099+00:00] import PySide6: ok
[2026-05-28T13:28:03.421849+00:00] startup header
  executable=C:\Users\babi2\AppData\Local\Programs\Python\Python313\python.exe
  version=3.13.0
  cwd=C:\J.A.R.V.I.S\local_jarvis
  env=yes
  mode=text(default)+wakeword(env)
[2026-05-28T13:28:03.423051+00:00] startup
  mode=other
  wake=True
  voice=True
  speak=True
  python=C:\Users\babi2\AppData\Local\Programs\Python\Python313\python.exe
[2026-05-28T13:28:03.430777+00:00] wakeword-only: detector starting
[2026-05-28T13:28:03.446578+00:00] wakeword-only: keepalive loop
[2026-05-28T13:29:47.660168+00:00] wakeword-only: stopped
[2026-05-28T13:33:51.957515+00:00] startup header
  executable=C:\Users\babi2\AppData\Local\Programs\Python\Python313\python.exe
  version=3.13.0
  cwd=C:\J.A.R.V.I.S\local_jarvis
  env=yes
  mode=text(default)+wakeword(env)
[2026-05-28T13:33:52.431214+00:00] import pystray: ok
[2026-05-28T13:33:52.433495+00:00] import Pillow: ok
[2026-05-28T13:33:53.816383+00:00] import openwakeword: ok
[2026-05-28T13:33:53.817124+00:00] import onnxruntime: ok
[2026-05-28T13:33:54.115106+00:00] import sounddevice: ok
[2026-05-28T13:33:54.118364+00:00] import pyttsx3: ok
[2026-05-28T13:33:54.156355+00:00] import PySide6: ok
[2026-05-28T13:33:57.609692+00:00] startup header
  executable=C:\Users\babi2\AppData\Local\Programs\Python\Python313\python.exe
  version=3.13.0
  cwd=C:\J.A.R.V.I.S\local_jarvis
  env=yes
  mode=text(default)+wakeword(env)
[2026-05-28T13:33:57.611118+00:00] startup
  mode=other
  wake=True
  voice=True
  speak=True
  python=C:\Users\babi2\AppData\Local\Programs\Python\Python313\python.exe
[2026-05-28T13:33:57.621035+00:00] wakeword-only: detector starting
[2026-05-28T13:33:57.699882+00:00] wakeword-only: keepalive loop
[2026-05-28T13:50:54.743037+00:00] startup header
  executable=C:\Users\babi2\AppData\Local\Programs\Python\Python313\python.exe
  version=3.13.0
  cwd=C:\J.A.R.V.I.S\local_jarvis
  env=yes
  mode=text(default)+wakeword(env)
[2026-05-28T13:50:55.178684+00:00] import pystray: ok
[2026-05-28T13:50:55.181223+00:00] import Pillow: ok
[2026-05-28T13:50:56.504933+00:00] import openwakeword: ok
[2026-05-28T13:50:56.505622+00:00] import onnxruntime: ok
[2026-05-28T13:50:56.802338+00:00] import sounddevice: ok
[2026-05-28T13:50:56.805150+00:00] import pyttsx3: ok
[2026-05-28T13:50:56.837283+00:00] import PySide6: ok
[2026-05-28T13:51:00.184013+00:00] startup header
  executable=C:\Users\babi2\AppData\Local\Programs\Python\Python313\python.exe
  version=3.13.0
  cwd=C:\J.A.R.V.I.S\local_jarvis
  env=yes
  mode=text(default)+wakeword(env)
[2026-05-28T13:51:00.185255+00:00] startup
  mode=other
  wake=True
  voice=True
  speak=True
  python=C:\Users\babi2\AppData\Local\Programs\Python\Python313\python.exe
[2026-05-28T13:51:00.194702+00:00] wakeword-only: detector starting
[2026-05-28T13:51:00.246796+00:00] wakeword-only: keepalive loop
[2026-05-28T14:09:27.536937+00:00] wakeword-only: stopped
[2026-05-28T14:46:29.677411+00:00] startup header
  executable=C:\Users\babi2\AppData\Local\Programs\Python\Python313\python.exe
  version=3.13.0
  cwd=C:\J.A.R.V.I.S\local_jarvis
  env=yes
  mode=text(default)+wakeword(env)
[2026-05-28T14:46:30.475159+00:00] import pystray: ok
[2026-05-28T14:46:30.477273+00:00] import Pillow: ok
[2026-05-28T14:46:37.380715+00:00] import openwakeword: ok
[2026-05-28T14:46:37.381492+00:00] import onnxruntime: ok
[2026-05-28T14:46:37.719806+00:00] import sounddevice: ok
[2026-05-28T14:46:37.724492+00:00] import pyttsx3: ok
[2026-05-28T14:46:37.832506+00:00] import PySide6: ok
[2026-05-28T14:46:48.410698+00:00] startup header
  executable=C:\Users\babi2\AppData\Local\Programs\Python\Python313\python.exe
  version=3.13.0
  cwd=C:\J.A.R.V.I.S\local_jarvis
  env=yes
  mode=text(default)+wakeword(env)
[2026-05-28T14:46:48.411854+00:00] startup
  mode=other
  wake=True
  voice=True
  speak=True
  python=C:\Users\babi2\AppData\Local\Programs\Python\Python313\python.exe
[2026-05-28T14:46:48.424754+00:00] wakeword-only: detector starting
[2026-05-28T14:46:48.443829+00:00] wakeword-only: keepalive loop
[2026-05-28T15:06:10.523797+00:00] wakeword-only: stopped
[2026-05-28T16:50:59.449996+00:00] startup header
  executable=C:\Users\babi2\AppData\Local\Programs\Python\Python313\python.exe
  version=3.13.0
  cwd=C:\J.A.R.V.I.S\local_jarvis
  env=yes
  mode=tray+voice+wakeword+speak
[2026-05-28T16:51:04.092804+00:00] import pystray: ok
[2026-05-28T16:51:04.097626+00:00] import Pillow: ok
[2026-05-28T16:51:10.243931+00:00] import openwakeword: ok
[2026-05-28T16:51:10.244735+00:00] import onnxruntime: ok
[2026-05-28T16:51:10.599804+00:00] import sounddevice: ok
[2026-05-28T16:51:10.604531+00:00] import pyttsx3: ok
[2026-05-28T16:51:10.709031+00:00] import PySide6: ok
[2026-05-28T16:51:31.079154+00:00] startup header
  executable=C:\Users\babi2\AppData\Local\Programs\Python\Python313\python.exe
  version=3.13.0
  cwd=C:\J.A.R.V.I.S\local_jarvis
  env=yes
  mode=tray+voice+wakeword+speak
[2026-05-28T16:51:31.093923+00:00] startup
  mode=tray
  wake=True
  voice=True
  speak=True
  python=C:\Users\babi2\AppData\Local\Programs\Python\Python313\python.exe
[2026-05-28T16:51:32.123041+00:00] background quiet mode: tray only (no console HUD)
[2026-05-28T16:51:32.123986+00:00] tray: entering main loop
[2026-05-28T16:51:32.495357+00:00] watchdog started
[2026-05-28T16:51:32.551225+00:00] tray icon run() starting
