[2026-05-21T22:36:30.242455+00:00] startup
  mode=tray
  wake=True
  voice=False
  speak=True
  python=C:\Users\babi2\AppData\Local\Programs\Python\Python313\python.exe
[2026-05-21T22:36:30.415756+00:00] startup
  mode=tray
  wake=False
  voice=False
  speak=False
  python=C:\Users\babi2\AppData\Local\Programs\Python\Python313\python.exe
[2026-05-21T22:36:31.432455+00:00] startup
  mode=tray
  wake=True
  voice=False
  speak=True
  python=C:\Users\babi2\AppData\Local\Programs\Python\Python313\python.exe
[2026-05-21T22:36:31.610768+00:00] startup
  mode=tray
  wake=False
  voice=False
  speak=False
  python=C:\Users\babi2\AppData\Local\Programs\Python\Python313\python.exe
[2026-05-21T22:36:45.828281+00:00] startup
  mode=tray
  wake=True
  voice=False
  speak=True
  python=C:\Users\babi2\AppData\Local\Programs\Python\Python313\python.exe
[2026-05-21T22:36:45.835254+00:00] tray icon run() starting
[2026-05-21T22:36:45.836105+00:00] tray run() ended
[2026-05-21T22:36:45.847318+00:00] tray icon run() starting
[2026-05-21T22:36:45.848512+00:00] tray run() ended
[2026-05-21T22:36:45.903888+00:00] startup
  mode=tray
  wake=False
  voice=False
  speak=False
  python=C:\Users\babi2\AppData\Local\Programs\Python\Python313\python.exe
[2026-05-21T22:38:56.757633+00:00] smoke test PASS
  .env file=FAIL: missing
  config load=PASS: ok
  pystray=PASS: ok
  Pillow=PASS: ok
  openwakeword=PASS: ok
  sounddevice=PASS: ok
  microphone devices=FAIL: No module named 'sounddevice'
  TTS pyttsx3=PASS: ok
[2026-05-21T22:38:57.033876+00:00] startup
  mode=tray
  wake=True
  voice=False
  speak=True
  python=C:\Users\babi2\AppData\Local\Programs\Python\Python313\python.exe
[2026-05-21T22:38:57.039643+00:00] tray icon run() starting
[2026-05-21T22:38:57.058436+00:00] tray run() ended
[2026-05-21T22:38:57.153394+00:00] tray icon run() starting
[2026-05-21T22:38:57.155219+00:00] tray run() ended
[2026-05-21T22:38:57.206347+00:00] startup
  mode=tray
  wake=False
  voice=False
  speak=False
  python=C:\Users\babi2\AppData\Local\Programs\Python\Python313\python.exe
[2026-05-21T22:39:02.712813+00:00] smoke test PASS
  .env file=FAIL: missing
  config load=PASS: ok
  pystray=PASS: ok
  Pillow=PASS: ok
  openwakeword=PASS: ok
  sounddevice=PASS: ok
  microphone devices=FAIL: No module named 'sounddevice'
  TTS pyttsx3=PASS: ok
[2026-05-21T22:39:02.771032+00:00] startup
  mode=tray
  wake=True
  voice=False
  speak=True
  python=C:\Users\babi2\AppData\Local\Programs\Python\Python313\python.exe
[2026-05-21T22:39:02.778755+00:00] tray icon run() starting
[2026-05-21T22:39:02.779681+00:00] tray run() ended
[2026-05-21T22:39:02.785696+00:00] tray icon run() starting
[2026-05-21T22:39:02.786916+00:00] tray run() ended
[2026-05-21T22:39:02.843880+00:00] startup
  mode=tray
  wake=False
  voice=False
  speak=False
  python=C:\Users\babi2\AppData\Local\Programs\Python\Python313\python.exe
[2026-05-21T22:43:37.599270+00:00] smoke test PASS
  .env file=PASS: C:\J.A.R.V.I.S\local_jarvis\.env
  config load=PASS: ok
  pystray=PASS: ok
  Pillow=PASS: ok
  openwakeword=PASS: ok
  sounddevice=PASS: ok
  microphone devices=FAIL: No module named 'sounddevice'
  TTS pyttsx3=PASS: ok
[2026-05-21T22:43:37.657388+00:00] startup
  mode=tray
  wake=True
  voice=False
  speak=True
  python=C:\Users\babi2\AppData\Local\Programs\Python\Python313\python.exe
[2026-05-21T22:43:37.661801+00:00] tray icon run() starting
[2026-05-21T22:43:37.662792+00:00] tray run() ended
[2026-05-21T22:43:37.668126+00:00] tray icon run() starting
[2026-05-21T22:43:37.669371+00:00] tray run() ended
[2026-05-21T22:43:37.725844+00:00] startup
  mode=tray
  wake=False
  voice=False
  speak=False
  python=C:\Users\babi2\AppData\Local\Programs\Python\Python313\python.exe
[2026-05-21T22:47:22.741818+00:00] smoke test begin
[2026-05-21T22:47:22.743505+00:00] smoke test PASS
  .env file=PASS (ok)
  config loaded=PASS (ok)
  pystray import=PASS (ok)
  Pillow import=PASS (ok)
  openwakeword import=PASS (ok)
  onnxruntime import=PASS (ok)
  sounddevice import=PASS (ok)
  pyttsx3 import=PASS (ok)
  microphone query=FAIL (No module named 'sounddevice')
[2026-05-21T22:47:22.879868+00:00] startup header
  executable=C:\Users\babi2\AppData\Local\Programs\Python\Python313\python.exe
  version=3.13.0
  cwd=C:\J.A.R.V.I.S\local_jarvis
  env=yes
  mode=smoke
[2026-05-21T22:47:22.929770+00:00] import pystray: FAIL
Traceback (most recent call last):
  File "C:\J.A.R.V.I.S\local_jarvis\core\startup.py", line 145, in probe_optional_imports
    __import__(module)
    ~~~~~~~~~~^^^^^^^^
ModuleNotFoundError: No module named 'pystray'

[2026-05-21T22:47:22.932769+00:00] import Pillow: ok
[2026-05-21T22:47:24.556557+00:00] import openwakeword: ok
[2026-05-21T22:47:24.557429+00:00] import onnxruntime: ok
[2026-05-21T22:47:24.558648+00:00] import sounddevice: FAIL
Traceback (most recent call last):
  File "C:\J.A.R.V.I.S\local_jarvis\core\startup.py", line 145, in probe_optional_imports
    __import__(module)
    ~~~~~~~~~~^^^^^^^^
ModuleNotFoundError: No module named 'sounddevice'

[2026-05-21T22:47:24.560137+00:00] import pyttsx3: FAIL
Traceback (most recent call last):
  File "C:\J.A.R.V.I.S\local_jarvis\core\startup.py", line 145, in probe_optional_imports
    __import__(module)
    ~~~~~~~~~~^^^^^^^^
ModuleNotFoundError: No module named 'pyttsx3'

[2026-05-21T22:47:24.561742+00:00] import PySide6: FAIL
Traceback (most recent call last):
  File "C:\J.A.R.V.I.S\local_jarvis\core\startup.py", line 145, in probe_optional_imports
    __import__(module)
    ~~~~~~~~~~^^^^^^^^
ModuleNotFoundError: No module named 'PySide6'

[2026-05-21T22:47:39.081702+00:00] smoke test begin
[2026-05-21T22:47:39.082937+00:00] smoke test PASS
  .env file=PASS (ok)
  config loaded=PASS (ok)
  pystray import=PASS (ok)
  Pillow import=PASS (ok)
  openwakeword import=PASS (ok)
  onnxruntime import=PASS (ok)
  sounddevice import=PASS (ok)
  pyttsx3 import=PASS (ok)
  microphone query=FAIL (No module named 'sounddevice')
[2026-05-21T22:47:39.140023+00:00] startup header
  executable=C:\Users\babi2\AppData\Local\Programs\Python\Python313\python.exe
  version=3.13.0
  cwd=C:\J.A.R.V.I.S\local_jarvis
  env=yes
  mode=tray+wakeword+speak
[2026-05-21T22:47:39.188232+00:00] import pystray: FAIL
Traceback (most recent call last):
  File "C:\J.A.R.V.I.S\local_jarvis\core\startup.py", line 145, in probe_optional_imports
    __import__(module)
    ~~~~~~~~~~^^^^^^^^
ModuleNotFoundError: No module named 'pystray'

[2026-05-21T22:47:39.189198+00:00] import Pillow: ok
[2026-05-21T22:47:39.190010+00:00] import openwakeword: ok
[2026-05-21T22:47:39.190698+00:00] import onnxruntime: ok
[2026-05-21T22:47:39.191654+00:00] import sounddevice: FAIL
Traceback (most recent call last):
  File "C:\J.A.R.V.I.S\local_jarvis\core\startup.py", line 145, in probe_optional_imports
    __import__(module)
    ~~~~~~~~~~^^^^^^^^
ModuleNotFoundError: No module named 'sounddevice'

[2026-05-21T22:47:39.192811+00:00] import pyttsx3: FAIL
Traceback (most recent call last):
  File "C:\J.A.R.V.I.S\local_jarvis\core\startup.py", line 145, in probe_optional_imports
    __import__(module)
    ~~~~~~~~~~^^^^^^^^
ModuleNotFoundError: No module named 'pyttsx3'

[2026-05-21T22:47:39.193976+00:00] import PySide6: FAIL
Traceback (most recent call last):
  File "C:\J.A.R.V.I.S\local_jarvis\core\startup.py", line 145, in probe_optional_imports
    __import__(module)
    ~~~~~~~~~~^^^^^^^^
ModuleNotFoundError: No module named 'PySide6'

[2026-05-21T22:47:39.242359+00:00] startup header
  executable=C:\Users\babi2\AppData\Local\Programs\Python\Python313\python.exe
  version=3.13.0
  cwd=C:\J.A.R.V.I.S\local_jarvis
  env=yes
  mode=tray+wakeword+speak
[2026-05-21T22:47:39.243290+00:00] startup
  mode=tray
  wake=True
  voice=False
  speak=True
  python=C:\Users\babi2\AppData\Local\Programs\Python\Python313\python.exe
[2026-05-21T22:47:39.244175+00:00] tray: entering main loop
[2026-05-21T22:47:39.245260+00:00] tray: main loop ended
[2026-05-21T22:47:39.555081+00:00] watchdog started
[2026-05-21T22:47:39.559007+00:00] tray icon run() starting
[2026-05-21T22:47:39.565751+00:00] tray keepalive: icon.run() returned early
[2026-05-21T22:50:32.281935+00:00] smoke test begin
[2026-05-21T22:50:32.283458+00:00] smoke test PASS
  .env file=PASS (ok)
  config loaded=PASS (ok)
  pystray import=PASS (ok)
  Pillow import=PASS (ok)
  openwakeword import=PASS (ok)
  onnxruntime import=PASS (ok)
  sounddevice import=PASS (ok)
  pyttsx3 import=PASS (ok)
  microphone query=FAIL (No module named 'sounddevice')
[2026-05-21T22:50:32.288269+00:00] startup header
  executable=C:\Users\babi2\AppData\Local\Programs\Python\Python313\python.exe
  version=3.13.0
  cwd=C:\J.A.R.V.I.S\local_jarvis
  env=yes
  mode=tray+wakeword+speak
[2026-05-21T22:50:32.289243+00:00] startup header
  executable=C:\Users\babi2\AppData\Local\Programs\Python\Python313\python.exe
  version=3.13.0
  cwd=C:\J.A.R.V.I.S\local_jarvis
  env=yes
  mode=tray+wakeword+speak
[2026-05-21T22:50:32.290147+00:00] startup
  mode=tray
  wake=True
  voice=False
  speak=True
  python=C:\Users\babi2\AppData\Local\Programs\Python\Python313\python.exe
[2026-05-21T22:50:32.290881+00:00] tray: entering main loop
[2026-05-21T22:50:32.292245+00:00] tray: main loop ended
[2026-05-21T22:50:32.621607+00:00] watchdog started
[2026-05-21T22:50:32.624980+00:00] tray icon run() starting
[2026-05-21T22:50:32.644875+00:00] tray keepalive: icon.run() returned early
[2026-05-21T22:52:48.739046+00:00] startup header
  executable=C:\Users\babi2\AppData\Local\Programs\Python\Python313\python.exe
  version=3.13.0
  cwd=C:\J.A.R.V.I.S\local_jarvis
  env=yes
  mode=tray+wakeword+speak
[2026-05-21T22:52:48.740443+00:00] startup header
  executable=C:\Users\babi2\AppData\Local\Programs\Python\Python313\python.exe
  version=3.13.0
  cwd=C:\J.A.R.V.I.S\local_jarvis
  env=yes
  mode=tray+wakeword+speak
[2026-05-21T22:52:48.741460+00:00] startup
  mode=tray
  wake=True
  voice=False
  speak=True
  python=C:\Users\babi2\AppData\Local\Programs\Python\Python313\python.exe
[2026-05-21T22:52:48.742174+00:00] tray: entering main loop
[2026-05-21T22:52:48.743265+00:00] tray: main loop ended
[2026-05-21T22:52:53.580594+00:00] startup header
  executable=C:\Users\babi2\AppData\Local\Programs\Python\Python313\python.exe
  version=3.13.0
  cwd=C:\J.A.R.V.I.S\local_jarvis
  env=yes
  mode=smoke
[2026-05-21T22:52:53.631085+00:00] smoke test begin
[2026-05-21T22:52:55.552976+00:00] smoke test PASS
  .env file=PASS (ok)
  config loaded=PASS (ok)
  pystray import=FAIL (ModuleNotFoundError: No module named 'pystray')
  Pillow import=PASS (ok)
  openwakeword import=PASS (ok)
  onnxruntime import=PASS (ok)
  sounddevice import=FAIL (ModuleNotFoundError: No module named 'sounddevice')
  pyttsx3 import=FAIL (ModuleNotFoundError: No module named 'pyttsx3')
  microphone query=FAIL (skipped (sounddevice not available))
[2026-05-21T22:52:55.554037+00:00] import pystray: FAIL
Traceback (most recent call last):
  File "C:\J.A.R.V.I.S\local_jarvis\core\startup.py", line 145, in probe_optional_imports
    __import__(module)
    ~~~~~~~~~~^^^^^^^^
ModuleNotFoundError: No module named 'pystray'

[2026-05-21T22:52:55.555371+00:00] import Pillow: ok
[2026-05-21T22:52:55.556166+00:00] import openwakeword: ok
[2026-05-21T22:52:55.556894+00:00] import onnxruntime: ok
[2026-05-21T22:52:55.557843+00:00] import sounddevice: FAIL
Traceback (most recent call last):
  File "C:\J.A.R.V.I.S\local_jarvis\core\startup.py", line 145, in probe_optional_imports
    __import__(module)
    ~~~~~~~~~~^^^^^^^^
ModuleNotFoundError: No module named 'sounddevice'

[2026-05-21T22:52:55.559174+00:00] import pyttsx3: FAIL
Traceback (most recent call last):
  File "C:\J.A.R.V.I.S\local_jarvis\core\startup.py", line 145, in probe_optional_imports
    __import__(module)
    ~~~~~~~~~~^^^^^^^^
ModuleNotFoundError: No module named 'pyttsx3'

[2026-05-21T22:52:55.560454+00:00] import PySide6: FAIL
Traceback (most recent call last):
  File "C:\J.A.R.V.I.S\local_jarvis\core\startup.py", line 145, in probe_optional_imports
    __import__(module)
    ~~~~~~~~~~^^^^^^^^
ModuleNotFoundError: No module named 'PySide6'

[2026-05-21T22:52:55.727461+00:00] smoke test begin
[2026-05-21T22:52:55.728799+00:00] smoke test PASS
  .env file=PASS (ok)
  config loaded=PASS (ok)
  pystray import=PASS (ok)
  Pillow import=PASS (ok)
  openwakeword import=PASS (ok)
  onnxruntime import=PASS (ok)
  sounddevice import=PASS (ok)
  pyttsx3 import=PASS (ok)
  microphone query=FAIL (No module named 'sounddevice')
[2026-05-21T22:52:55.734479+00:00] startup header
  executable=C:\Users\babi2\AppData\Local\Programs\Python\Python313\python.exe
  version=3.13.0
  cwd=C:\J.A.R.V.I.S\local_jarvis
  env=yes
  mode=tray+wakeword+speak
[2026-05-21T22:52:55.735405+00:00] startup header
  executable=C:\Users\babi2\AppData\Local\Programs\Python\Python313\python.exe
  version=3.13.0
  cwd=C:\J.A.R.V.I.S\local_jarvis
  env=yes
  mode=tray+wakeword+speak
[2026-05-21T22:52:55.736281+00:00] startup
  mode=tray
  wake=True
  voice=False
  speak=True
  python=C:\Users\babi2\AppData\Local\Programs\Python\Python313\python.exe
[2026-05-21T22:52:55.737041+00:00] tray: entering main loop
[2026-05-21T22:52:55.738350+00:00] tray: main loop ended
[2026-05-21T22:52:55.746449+00:00] watchdog started
[2026-05-21T22:52:55.749553+00:00] tray icon run() starting
[2026-05-21T22:52:55.755525+00:00] tray keepalive: icon.run() returned early
[2026-05-21T22:56:15.511644+00:00] smoke test begin
[2026-05-21T22:56:15.512920+00:00] smoke test PASS
  .env file=PASS (ok)
  config loaded=PASS (ok)
  pystray import=PASS (ok)
  Pillow import=PASS (ok)
  openwakeword import=PASS (ok)
  onnxruntime import=PASS (ok)
  sounddevice import=PASS (ok)
  pyttsx3 import=PASS (ok)
  microphone query=FAIL (No module named 'sounddevice')
[2026-05-21T22:56:15.517946+00:00] startup header
  executable=C:\Users\babi2\AppData\Local\Programs\Python\Python313\python.exe
  version=3.13.0
  cwd=C:\J.A.R.V.I.S\local_jarvis
  env=yes
  mode=tray+wakeword+speak
[2026-05-21T22:56:15.518932+00:00] startup header
  executable=C:\Users\babi2\AppData\Local\Programs\Python\Python313\python.exe
  version=3.13.0
  cwd=C:\J.A.R.V.I.S\local_jarvis
  env=yes
  mode=tray+wakeword+speak
[2026-05-21T22:56:15.519932+00:00] startup
  mode=tray
  wake=True
  voice=False
  speak=True
  python=C:\Users\babi2\AppData\Local\Programs\Python\Python313\python.exe
[2026-05-21T22:56:15.520702+00:00] tray: entering main loop
[2026-05-21T22:56:15.521958+00:00] tray: main loop ended
[2026-05-21T22:56:15.529617+00:00] watchdog started
[2026-05-21T22:56:15.532683+00:00] tray icon run() starting
[2026-05-21T22:56:15.538658+00:00] tray run() ended
[2026-05-21T22:56:15.549296+00:00] watchdog started
[2026-05-21T22:56:15.552014+00:00] tray icon run() starting
[2026-05-21T22:56:15.554148+00:00] tray run() ended
[2026-05-21T22:56:15.556616+00:00] startup header
  executable=C:\Users\babi2\AppData\Local\Programs\Python\Python313\python.exe
  version=3.13.0
  cwd=C:\J.A.R.V.I.S\local_jarvis
  env=yes
  mode=smoke
[2026-05-21T22:56:15.560096+00:00] startup header
  executable=C:\Users\babi2\AppData\Local\Programs\Python\Python313\python.exe
  version=3.13.0
  cwd=C:\J.A.R.V.I.S\local_jarvis
  env=yes
  mode=tray+debug-startup
[2026-05-21T22:56:15.561189+00:00] startup header
  executable=C:\Users\babi2\AppData\Local\Programs\Python\Python313\python.exe
  version=3.13.0
  cwd=C:\J.A.R.V.I.S\local_jarvis
  env=yes
  mode=tray+debug-startup
[2026-05-21T22:56:15.562057+00:00] startup
  mode=tray
  wake=False
  voice=False
  speak=False
  python=C:\Users\babi2\AppData\Local\Programs\Python\Python313\python.exe
[2026-05-21T22:56:15.562949+00:00] tray: entering main loop
[2026-05-21T22:56:15.564975+00:00] tray: main loop ended
[2026-05-21T22:56:20.247457+00:00] startup header
  executable=C:\Users\babi2\AppData\Local\Programs\Python\Python313\python.exe
  version=3.13.0
  cwd=C:\J.A.R.V.I.S\local_jarvis
  env=yes
  mode=safe-mode
[2026-05-21T22:56:20.297766+00:00] safe-mode start
[2026-05-21T22:56:20.670190+00:00] startup header
  executable=C:\Users\babi2\AppData\Local\Programs\Python\Python313\python.exe
  version=3.13.0
  cwd=C:\J.A.R.V.I.S\local_jarvis
  env=yes
  mode=safe-mode
[2026-05-21T22:56:20.671086+00:00] safe-mode entering text loop
[2026-05-21T22:56:23.054628+00:00] smoke test begin
[2026-05-21T22:56:23.056510+00:00] smoke test PASS
  .env file=PASS (ok)
  config loaded=PASS (ok)
  pystray import=PASS (ok)
  Pillow import=PASS (ok)
  openwakeword import=PASS (ok)
  onnxruntime import=PASS (ok)
  sounddevice import=PASS (ok)
  pyttsx3 import=PASS (ok)
  microphone query=FAIL (No module named 'sounddevice')
[2026-05-21T22:56:23.062264+00:00] startup header
  executable=C:\Users\babi2\AppData\Local\Programs\Python\Python313\python.exe
  version=3.13.0
  cwd=C:\J.A.R.V.I.S\local_jarvis
  env=yes
  mode=tray+wakeword+speak
[2026-05-21T22:56:23.063570+00:00] startup header
  executable=C:\Users\babi2\AppData\Local\Programs\Python\Python313\python.exe
  version=3.13.0
  cwd=C:\J.A.R.V.I.S\local_jarvis
  env=yes
  mode=tray+wakeword+speak
[2026-05-21T22:56:23.064574+00:00] startup
  mode=tray
  wake=True
  voice=False
  speak=True
  python=C:\Users\babi2\AppData\Local\Programs\Python\Python313\python.exe
[2026-05-21T22:56:23.065640+00:00] tray: entering main loop
[2026-05-21T22:56:23.067432+00:00] tray: main loop ended
[2026-05-21T22:56:23.072369+00:00] watchdog started
[2026-05-21T22:56:23.073518+00:00] tray icon run() starting
[2026-05-21T22:56:23.075007+00:00] tray run() ended
[2026-05-21T22:56:23.082134+00:00] watchdog started
[2026-05-21T22:56:23.083093+00:00] tray icon run() starting
[2026-05-21T22:56:23.084782+00:00] tray run() ended
[2026-05-21T22:56:23.087374+00:00] startup header
  executable=C:\Users\babi2\AppData\Local\Programs\Python\Python313\python.exe
  version=3.13.0
  cwd=C:\J.A.R.V.I.S\local_jarvis
  env=yes
  mode=smoke
[2026-05-21T22:56:23.091775+00:00] startup header
  executable=C:\Users\babi2\AppData\Local\Programs\Python\Python313\python.exe
  version=3.13.0
  cwd=C:\J.A.R.V.I.S\local_jarvis
  env=yes
  mode=tray+debug-startup
[2026-05-21T22:56:23.092950+00:00] startup header
  executable=C:\Users\babi2\AppData\Local\Programs\Python\Python313\python.exe
  version=3.13.0
  cwd=C:\J.A.R.V.I.S\local_jarvis
  env=yes
  mode=tray+debug-startup
[2026-05-21T22:56:23.094074+00:00] startup
  mode=tray
  wake=False
  voice=False
  speak=False
  python=C:\Users\babi2\AppData\Local\Programs\Python\Python313\python.exe
[2026-05-21T22:56:23.095221+00:00] tray: entering main loop
[2026-05-21T22:56:23.101634+00:00] tray: main loop ended
[2026-05-21T23:00:47.830746+00:00] startup header
  executable=C:\Users\babi2\AppData\Local\Programs\Python\Python313\python.exe
  version=3.13.0
  cwd=C:\J.A.R.V.I.S\local_jarvis
  env=yes
  mode=smoke
[2026-05-21T23:00:47.880914+00:00] smoke test begin
[2026-05-21T23:00:49.785803+00:00] smoke test PASS
  .env file=PASS (ok)
  config loaded=PASS (ok)
  pystray import=FAIL (ModuleNotFoundError: No module named 'pystray')
  Pillow import=PASS (ok)
  openwakeword import=PASS (ok)
  onnxruntime import=PASS (ok)
  sounddevice import=FAIL (ModuleNotFoundError: No module named 'sounddevice')
  pyttsx3 import=FAIL (ModuleNotFoundError: No module named 'pyttsx3')
  microphone query=FAIL (skipped (sounddevice not available))
[2026-05-21T23:00:49.786881+00:00] import pystray: FAIL
Traceback (most recent call last):
  File "C:\J.A.R.V.I.S\local_jarvis\core\startup.py", line 145, in probe_optional_imports
    __import__(module)
    ~~~~~~~~~~^^^^^^^^
ModuleNotFoundError: No module named 'pystray'

[2026-05-21T23:00:49.788268+00:00] import Pillow: ok
[2026-05-21T23:00:49.789013+00:00] import openwakeword: ok
[2026-05-21T23:00:49.789747+00:00] import onnxruntime: ok
[2026-05-21T23:00:49.790727+00:00] import sounddevice: FAIL
Traceback (most recent call last):
  File "C:\J.A.R.V.I.S\local_jarvis\core\startup.py", line 145, in probe_optional_imports
    __import__(module)
    ~~~~~~~~~~^^^^^^^^
ModuleNotFoundError: No module named 'sounddevice'

[2026-05-21T23:00:49.791938+00:00] import pyttsx3: FAIL
Traceback (most recent call last):
  File "C:\J.A.R.V.I.S\local_jarvis\core\startup.py", line 145, in probe_optional_imports
    __import__(module)
    ~~~~~~~~~~^^^^^^^^
ModuleNotFoundError: No module named 'pyttsx3'

[2026-05-21T23:00:49.793046+00:00] import PySide6: FAIL
Traceback (most recent call last):
  File "C:\J.A.R.V.I.S\local_jarvis\core\startup.py", line 145, in probe_optional_imports
    __import__(module)
    ~~~~~~~~~~^^^^^^^^
ModuleNotFoundError: No module named 'PySide6'

[2026-05-21T23:01:01.363888+00:00] startup header
  executable=C:\Users\babi2\AppData\Local\Programs\Python\Python313\python.exe
  version=3.13.0
  cwd=C:\J.A.R.V.I.S\local_jarvis
  env=yes
  mode=tray+voice+wakeword+speak+debug-startup
[2026-05-21T23:01:01.414735+00:00] import pystray: FAIL
Traceback (most recent call last):
  File "C:\J.A.R.V.I.S\local_jarvis\core\startup.py", line 145, in probe_optional_imports
    __import__(module)
    ~~~~~~~~~~^^^^^^^^
ModuleNotFoundError: No module named 'pystray'

[2026-05-21T23:01:01.423026+00:00] import Pillow: ok
[2026-05-21T23:01:03.165576+00:00] import openwakeword: ok
[2026-05-21T23:01:03.166418+00:00] import onnxruntime: ok
[2026-05-21T23:01:03.167398+00:00] import sounddevice: FAIL
Traceback (most recent call last):
  File "C:\J.A.R.V.I.S\local_jarvis\core\startup.py", line 145, in probe_optional_imports
    __import__(module)
    ~~~~~~~~~~^^^^^^^^
ModuleNotFoundError: No module named 'sounddevice'

[2026-05-21T23:01:03.168806+00:00] import pyttsx3: FAIL
Traceback (most recent call last):
  File "C:\J.A.R.V.I.S\local_jarvis\core\startup.py", line 145, in probe_optional_imports
    __import__(module)
    ~~~~~~~~~~^^^^^^^^
ModuleNotFoundError: No module named 'pyttsx3'

[2026-05-21T23:01:03.170070+00:00] import PySide6: FAIL
Traceback (most recent call last):
  File "C:\J.A.R.V.I.S\local_jarvis\core\startup.py", line 145, in probe_optional_imports
    __import__(module)
    ~~~~~~~~~~^^^^^^^^
ModuleNotFoundError: No module named 'PySide6'

[2026-05-21T23:01:03.411815+00:00] startup header
  executable=C:\Users\babi2\AppData\Local\Programs\Python\Python313\python.exe
  version=3.13.0
  cwd=C:\J.A.R.V.I.S\local_jarvis
  env=yes
  mode=tray+voice+wakeword+speak+debug-startup
[2026-05-21T23:01:03.412873+00:00] startup
  mode=tray
  wake=True
  voice=True
  speak=True
  python=C:\Users\babi2\AppData\Local\Programs\Python\Python313\python.exe
[2026-05-21T23:01:03.415493+00:00] tray: entering main loop
[2026-05-21T23:01:03.418409+00:00] Startup failed: pystray is not installed: No module named 'pystray'. Run: pip install pystray Pillow
Traceback (most recent call last):
  File "C:\J.A.R.V.I.S\local_jarvis\ui\tray_app.py", line 316, in start
    import pystray
ModuleNotFoundError: No module named 'pystray'

The above exception was the direct cause of the following exception:

Traceback (most recent call last):
  File "C:\J.A.R.V.I.S\local_jarvis\main.py", line 192, in main
    tray_app.start(debug_startup=args.debug_startup)
    ~~~~~~~~~~~~~~^^^^^^^^^^^^^^^^^^^^^^^^^^^^^^^^^^
  File "C:\J.A.R.V.I.S\local_jarvis\ui\tray_app.py", line 318, in start
    raise StartupError(
        f"pystray is not installed: {exc}. Run: pip install pystray Pillow"
    ) from exc
core.startup.StartupError: pystray is not installed: No module named 'pystray'. Run: pip install pystray Pillow

[2026-05-21T23:03:51.669952+00:00] startup header
  executable=C:\Users\babi2\AppData\Local\Programs\Python\Python313\python.exe
  version=3.13.0
  cwd=C:\J.A.R.V.I.S\local_jarvis
  env=yes
  mode=smoke
[2026-05-21T23:03:51.721053+00:00] smoke test begin
[2026-05-21T23:03:53.823365+00:00] smoke test PASS
  .env file=PASS (ok)
  config loaded=PASS (ok)
  pystray import=PASS (ok)
  Pillow import=PASS (ok)
  openwakeword import=PASS (ok)
  onnxruntime import=PASS (ok)
  sounddevice import=PASS (ok)
  pyttsx3 import=PASS (ok)
  microphone query=PASS (17 input device(s))
[2026-05-21T23:03:53.824217+00:00] import pystray: ok
[2026-05-21T23:03:53.824936+00:00] import Pillow: ok
[2026-05-21T23:03:53.825602+00:00] import openwakeword: ok
[2026-05-21T23:03:53.826303+00:00] import onnxruntime: ok
[2026-05-21T23:03:53.826984+00:00] import sounddevice: ok
[2026-05-21T23:03:53.827645+00:00] import pyttsx3: ok
[2026-05-21T23:03:53.828695+00:00] import PySide6: FAIL
Traceback (most recent call last):
  File "C:\J.A.R.V.I.S\local_jarvis\core\startup.py", line 145, in probe_optional_imports
    __import__(module)
    ~~~~~~~~~~^^^^^^^^
ModuleNotFoundError: No module named 'PySide6'

[2026-05-21T23:03:59.778955+00:00] startup header
  executable=C:\Users\babi2\AppData\Local\Programs\Python\Python313\python.exe
  version=3.13.0
  cwd=C:\J.A.R.V.I.S\local_jarvis
  env=yes
  mode=tray+voice+wakeword+speak+debug-startup
[2026-05-21T23:03:59.866515+00:00] import pystray: ok
[2026-05-21T23:03:59.869036+00:00] import Pillow: ok
[2026-05-21T23:04:01.590194+00:00] import openwakeword: ok
[2026-05-21T23:04:01.591029+00:00] import onnxruntime: ok
[2026-05-21T23:04:01.749530+00:00] import sounddevice: ok
[2026-05-21T23:04:01.752587+00:00] import pyttsx3: ok
[2026-05-21T23:04:01.753768+00:00] import PySide6: FAIL
Traceback (most recent call last):
  File "C:\J.A.R.V.I.S\local_jarvis\core\startup.py", line 145, in probe_optional_imports
    __import__(module)
    ~~~~~~~~~~^^^^^^^^
ModuleNotFoundError: No module named 'PySide6'

[2026-05-21T23:04:02.023078+00:00] startup header
  executable=C:\Users\babi2\AppData\Local\Programs\Python\Python313\python.exe
  version=3.13.0
  cwd=C:\J.A.R.V.I.S\local_jarvis
  env=yes
  mode=tray+voice+wakeword+speak+debug-startup
[2026-05-21T23:04:02.024061+00:00] startup
  mode=tray
  wake=True
  voice=True
  speak=True
  python=C:\Users\babi2\AppData\Local\Programs\Python\Python313\python.exe
[2026-05-21T23:04:02.026538+00:00] tray: entering main loop
[2026-05-21T23:04:02.131352+00:00] watchdog started
[2026-05-21T23:04:02.135457+00:00] tray icon run() starting
[2026-05-21T23:07:29.215799+00:00] smoke test begin
[2026-05-21T23:07:29.217983+00:00] smoke test PASS
  .env file=PASS (ok)
  config loaded=PASS (ok)
  pystray import=PASS (ok)
  Pillow import=PASS (ok)
  openwakeword import=PASS (ok)
  onnxruntime import=PASS (ok)
  sounddevice import=PASS (ok)
  pyttsx3 import=PASS (ok)
  wake word model file=FAIL (Wake word model not found. Download/provide WAKE_WORD_MODEL_PATH.; searched 2 path(s))
  microphone query=PASS (17 input device(s))
[2026-05-21T23:07:29.221300+00:00] startup header
  executable=C:\Users\babi2\AppData\Local\Programs\Python\Python313\python.exe
  version=3.13.0
  cwd=C:\J.A.R.V.I.S\local_jarvis
  env=yes
  mode=tray+wakeword+speak
[2026-05-21T23:07:29.222283+00:00] startup header
  executable=C:\Users\babi2\AppData\Local\Programs\Python\Python313\python.exe
  version=3.13.0
  cwd=C:\J.A.R.V.I.S\local_jarvis
  env=yes
  mode=tray+wakeword+speak
[2026-05-21T23:07:29.223012+00:00] startup
  mode=tray
  wake=True
  voice=False
  speak=True
  python=C:\Users\babi2\AppData\Local\Programs\Python\Python313\python.exe
[2026-05-21T23:07:29.223930+00:00] tray: entering main loop
[2026-05-21T23:07:29.224935+00:00] tray: main loop ended
[2026-05-21T23:07:29.229337+00:00] watchdog started
[2026-05-21T23:07:29.230439+00:00] tray icon run() starting
[2026-05-21T23:07:29.231784+00:00] tray run() ended
[2026-05-21T23:07:29.239913+00:00] watchdog started
[2026-05-21T23:07:29.240961+00:00] tray icon run() starting
[2026-05-21T23:07:29.242362+00:00] tray run() ended
[2026-05-21T23:07:29.245240+00:00] startup header
  executable=C:\Users\babi2\AppData\Local\Programs\Python\Python313\python.exe
  version=3.13.0
  cwd=C:\J.A.R.V.I.S\local_jarvis
  env=yes
  mode=smoke
[2026-05-21T23:07:29.249206+00:00] startup header
  executable=C:\Users\babi2\AppData\Local\Programs\Python\Python313\python.exe
  version=3.13.0
  cwd=C:\J.A.R.V.I.S\local_jarvis
  env=yes
  mode=tray+debug-startup
[2026-05-21T23:07:29.250520+00:00] startup header
  executable=C:\Users\babi2\AppData\Local\Programs\Python\Python313\python.exe
  version=3.13.0
  cwd=C:\J.A.R.V.I.S\local_jarvis
  env=yes
  mode=tray+debug-startup
[2026-05-21T23:07:29.251786+00:00] startup
  mode=tray
  wake=False
  voice=False
  speak=False
  python=C:\Users\babi2\AppData\Local\Programs\Python\Python313\python.exe
[2026-05-21T23:07:29.252663+00:00] tray: entering main loop
[2026-05-21T23:07:29.258932+00:00] tray: main loop ended
[2026-05-21T23:10:50.851039+00:00] tray keepalive: icon.run() returned early
[2026-05-21T23:11:45.293988+00:00] tray run() ended
[2026-05-21T23:11:45.296307+00:00] unhandled exception in __main__
Traceback (most recent call last):
  File "C:\J.A.R.V.I.S\local_jarvis\main.py", line 243, in <module>
    append_startup_log(msg, exc=exc)
                ^^^^^^
  File "C:\J.A.R.V.I.S\local_jarvis\main.py", line 192, in main
    print("Say 'Jarvis' to activate listening.", flush=True)
    ^^^^^^^^^^^^^^^^^^^^^^^^^^^^^^^^^^^^^^^^
  File "C:\J.A.R.V.I.S\local_jarvis\ui\tray_app.py", line 390, in start
    flush=True,
KeyboardInterrupt

[2026-05-21T23:12:07.138722+00:00] startup header
  executable=C:\Users\babi2\AppData\Local\Programs\Python\Python313\python.exe
  version=3.13.0
  cwd=C:\J.A.R.V.I.S\local_jarvis
  env=yes
  mode=smoke
[2026-05-21T23:12:07.190771+00:00] smoke test begin
[2026-05-21T23:12:09.187161+00:00] smoke test PASS
  .env file=PASS (ok)
  config loaded=PASS (ok)
  pystray import=PASS (ok)
  Pillow import=PASS (ok)
  openwakeword import=PASS (ok)
  onnxruntime import=PASS (ok)
  sounddevice import=PASS (ok)
  pyttsx3 import=PASS (ok)
  wake word model file=PASS (C:\Users\babi2\AppData\Local\Programs\Python\Python313\Lib\site-packages\openwakeword\resources\models\hey_jarvis_v0.1.onnx)
  microphone query=PASS (17 input device(s))
[2026-05-21T23:12:09.187985+00:00] import pystray: ok
[2026-05-21T23:12:09.188644+00:00] import Pillow: ok
[2026-05-21T23:12:09.189336+00:00] import openwakeword: ok
[2026-05-21T23:12:09.190051+00:00] import onnxruntime: ok
[2026-05-21T23:12:09.190704+00:00] import sounddevice: ok
[2026-05-21T23:12:09.191383+00:00] import pyttsx3: ok
[2026-05-21T23:12:09.192410+00:00] import PySide6: FAIL
Traceback (most recent call last):
  File "C:\J.A.R.V.I.S\local_jarvis\core\startup.py", line 145, in probe_optional_imports
    __import__(module)
    ~~~~~~~~~~^^^^^^^^
ModuleNotFoundError: No module named 'PySide6'

[2026-05-21T23:12:18.338271+00:00] startup header
  executable=C:\Users\babi2\AppData\Local\Programs\Python\Python313\python.exe
  version=3.13.0
  cwd=C:\J.A.R.V.I.S\local_jarvis
  env=yes
  mode=tray+voice+wakeword+speak+debug-startup
[2026-05-21T23:12:18.425304+00:00] import pystray: ok
[2026-05-21T23:12:18.427809+00:00] import Pillow: ok
[2026-05-21T23:12:20.149971+00:00] import openwakeword: ok
[2026-05-21T23:12:20.150796+00:00] import onnxruntime: ok
[2026-05-21T23:12:20.305486+00:00] import sounddevice: ok
[2026-05-21T23:12:20.308483+00:00] import pyttsx3: ok
[2026-05-21T23:12:20.309682+00:00] import PySide6: FAIL
Traceback (most recent call last):
  File "C:\J.A.R.V.I.S\local_jarvis\core\startup.py", line 145, in probe_optional_imports
    __import__(module)
    ~~~~~~~~~~^^^^^^^^
ModuleNotFoundError: No module named 'PySide6'

[2026-05-21T23:12:20.590966+00:00] startup header
  executable=C:\Users\babi2\AppData\Local\Programs\Python\Python313\python.exe
  version=3.13.0
  cwd=C:\J.A.R.V.I.S\local_jarvis
  env=yes
  mode=tray+voice+wakeword+speak+debug-startup
[2026-05-21T23:12:20.592093+00:00] startup
  mode=tray
  wake=True
  voice=True
  speak=True
  python=C:\Users\babi2\AppData\Local\Programs\Python\Python313\python.exe
[2026-05-21T23:12:20.598559+00:00] tray: entering main loop
[2026-05-21T23:12:20.661714+00:00] watchdog started
[2026-05-21T23:12:20.711937+00:00] tray icon run() starting
[2026-05-21T23:13:44.006458+00:00] tray keepalive: icon.run() returned early
[2026-05-21T23:13:50.132157+00:00] tray run() ended
[2026-05-21T23:13:50.134321+00:00] unhandled exception in __main__
Traceback (most recent call last):
  File "C:\J.A.R.V.I.S\local_jarvis\main.py", line 258, in <module>
    exit_code = main()
  File "C:\J.A.R.V.I.S\local_jarvis\main.py", line 207, in main
    tray_app.start(debug_startup=args.debug_startup)
    ~~~~~~~~~~~~~~^^^^^^^^^^^^^^^^^^^^^^^^^^^^^^^^^^
  File "C:\J.A.R.V.I.S\local_jarvis\ui\tray_app.py", line 396, in start
    time.sleep(1.0)
    ~~~~~~~~~~^^^^^
KeyboardInterrupt

[2026-05-21T23:16:19.820998+00:00] startup header
  executable=C:\Users\babi2\AppData\Local\Programs\Python\Python313\python.exe
  version=3.13.0
  cwd=C:\J.A.R.V.I.S\local_jarvis
  env=yes
  mode=tray+voice+wakeword+speak+debug-startup
[2026-05-21T23:16:19.908369+00:00] import pystray: ok
[2026-05-21T23:16:19.911014+00:00] import Pillow: ok
[2026-05-21T23:16:21.647031+00:00] import openwakeword: ok
[2026-05-21T23:16:21.647874+00:00] import onnxruntime: ok
[2026-05-21T23:16:21.846162+00:00] import sounddevice: ok
[2026-05-21T23:16:21.849216+00:00] import pyttsx3: ok
[2026-05-21T23:16:21.850373+00:00] import PySide6: FAIL
Traceback (most recent call last):
  File "C:\J.A.R.V.I.S\local_jarvis\core\startup.py", line 145, in probe_optional_imports
    __import__(module)
    ~~~~~~~~~~^^^^^^^^
ModuleNotFoundError: No module named 'PySide6'

[2026-05-21T23:16:22.150299+00:00] startup header
  executable=C:\Users\babi2\AppData\Local\Programs\Python\Python313\python.exe
  version=3.13.0
  cwd=C:\J.A.R.V.I.S\local_jarvis
  env=yes
  mode=tray+voice+wakeword+speak+debug-startup
[2026-05-21T23:16:22.151452+00:00] startup
  mode=tray
  wake=True
  voice=True
  speak=True
  python=C:\Users\babi2\AppData\Local\Programs\Python\Python313\python.exe
[2026-05-21T23:16:22.157830+00:00] tray: entering main loop
[2026-05-21T23:16:22.200590+00:00] watchdog started
[2026-05-21T23:16:22.218653+00:00] tray icon run() starting
[2026-05-21T23:19:14.840094+00:00] tray keepalive: icon.run() returned early
[2026-05-21T23:21:40.006617+00:00] smoke test begin
[2026-05-21T23:21:40.009002+00:00] smoke test PASS
  .env file=PASS (ok)
  config loaded=PASS (ok)
  pystray import=PASS (ok)
  Pillow import=PASS (ok)
  openwakeword import=PASS (ok)
  onnxruntime import=PASS (ok)
  sounddevice import=PASS (ok)
  pyttsx3 import=PASS (ok)
  wake word model file=PASS (C:\Users\babi2\AppData\Local\Programs\Python\Python313\Lib\site-packages\openwakeword\resources\models\hey_jarvis_v0.1.onnx)
  microphone query=PASS (17 input device(s))
[2026-05-21T23:21:40.012671+00:00] startup header
  executable=C:\Users\babi2\AppData\Local\Programs\Python\Python313\python.exe
  version=3.13.0
  cwd=C:\J.A.R.V.I.S\local_jarvis
  env=yes
  mode=tray+wakeword+speak
[2026-05-21T23:21:40.013876+00:00] startup header
  executable=C:\Users\babi2\AppData\Local\Programs\Python\Python313\python.exe
  version=3.13.0
  cwd=C:\J.A.R.V.I.S\local_jarvis
  env=yes
  mode=tray+wakeword+speak
[2026-05-21T23:21:40.015147+00:00] startup
  mode=tray
  wake=True
  voice=False
  speak=True
  python=C:\Users\babi2\AppData\Local\Programs\Python\Python313\python.exe
[2026-05-21T23:21:40.017461+00:00] tray: entering main loop
[2026-05-21T23:21:40.018775+00:00] tray: main loop ended
[2026-05-21T23:21:40.024202+00:00] watchdog started
[2026-05-21T23:21:40.025217+00:00] tray icon run() starting
[2026-05-21T23:21:40.026648+00:00] tray run() ended
[2026-05-21T23:21:40.034460+00:00] watchdog started
[2026-05-21T23:21:40.035568+00:00] tray icon run() starting
[2026-05-21T23:21:40.037009+00:00] tray run() ended
[2026-05-21T23:21:40.040197+00:00] startup header
  executable=C:\Users\babi2\AppData\Local\Programs\Python\Python313\python.exe
  version=3.13.0
  cwd=C:\J.A.R.V.I.S\local_jarvis
  env=yes
  mode=smoke
[2026-05-21T23:21:40.044657+00:00] startup header
  executable=C:\Users\babi2\AppData\Local\Programs\Python\Python313\python.exe
  version=3.13.0
  cwd=C:\J.A.R.V.I.S\local_jarvis
  env=yes
  mode=tray+debug-startup
[2026-05-21T23:21:40.046067+00:00] startup header
  executable=C:\Users\babi2\AppData\Local\Programs\Python\Python313\python.exe
  version=3.13.0
  cwd=C:\J.A.R.V.I.S\local_jarvis
  env=yes
  mode=tray+debug-startup
[2026-05-21T23:21:40.047288+00:00] startup
  mode=tray
  wake=False
  voice=False
  speak=False
  python=C:\Users\babi2\AppData\Local\Programs\Python\Python313\python.exe
[2026-05-21T23:21:40.048294+00:00] tray: entering main loop
[2026-05-21T23:21:40.055185+00:00] tray: main loop ended
[2026-05-21T23:24:15.089391+00:00] smoke test begin
[2026-05-21T23:24:15.092102+00:00] smoke test PASS
  .env file=PASS (ok)
  config loaded=PASS (ok)
  pystray import=PASS (ok)
  Pillow import=PASS (ok)
  openwakeword import=PASS (ok)
  onnxruntime import=PASS (ok)
  sounddevice import=PASS (ok)
  pyttsx3 import=PASS (ok)
  wake word model file=PASS (C:\Users\babi2\AppData\Local\Programs\Python\Python313\Lib\site-packages\openwakeword\resources\models\hey_jarvis_v0.1.onnx)
  microphone query=PASS (17 input device(s))
[2026-05-21T23:24:15.096535+00:00] startup header
  executable=C:\Users\babi2\AppData\Local\Programs\Python\Python313\python.exe
  version=3.13.0
  cwd=C:\J.A.R.V.I.S\local_jarvis
  env=yes
  mode=tray+wakeword+speak
[2026-05-21T23:24:15.097890+00:00] startup header
  executable=C:\Users\babi2\AppData\Local\Programs\Python\Python313\python.exe
  version=3.13.0
  cwd=C:\J.A.R.V.I.S\local_jarvis
  env=yes
  mode=tray+wakeword+speak
[2026-05-21T23:24:15.099086+00:00] startup
  mode=tray
  wake=True
  voice=False
  speak=True
  python=C:\Users\babi2\AppData\Local\Programs\Python\Python313\python.exe
[2026-05-21T23:24:15.101428+00:00] tray: entering main loop
[2026-05-21T23:24:15.102769+00:00] tray: main loop ended
[2026-05-21T23:24:15.108251+00:00] watchdog started
[2026-05-21T23:24:15.109258+00:00] tray icon run() starting
[2026-05-21T23:24:15.110922+00:00] tray run() ended
[2026-05-21T23:24:15.118475+00:00] watchdog started
[2026-05-21T23:24:15.119539+00:00] tray icon run() starting
[2026-05-21T23:24:15.120787+00:00] tray run() ended
[2026-05-21T23:24:15.124201+00:00] startup header
  executable=C:\Users\babi2\AppData\Local\Programs\Python\Python313\python.exe
  version=3.13.0
  cwd=C:\J.A.R.V.I.S\local_jarvis
  env=yes
  mode=smoke
[2026-05-21T23:24:15.129116+00:00] startup header
  executable=C:\Users\babi2\AppData\Local\Programs\Python\Python313\python.exe
  version=3.13.0
  cwd=C:\J.A.R.V.I.S\local_jarvis
  env=yes
  mode=tray+debug-startup
[2026-05-21T23:24:15.130474+00:00] startup header
  executable=C:\Users\babi2\AppData\Local\Programs\Python\Python313\python.exe
  version=3.13.0
  cwd=C:\J.A.R.V.I.S\local_jarvis
  env=yes
  mode=tray+debug-startup
[2026-05-21T23:24:15.131498+00:00] startup
  mode=tray
  wake=False
  voice=False
  speak=False
  python=C:\Users\babi2\AppData\Local\Programs\Python\Python313\python.exe
[2026-05-21T23:24:15.132326+00:00] tray: entering main loop
[2026-05-21T23:24:15.138800+00:00] tray: main loop ended
[2026-05-21T23:26:18.408679+00:00] tray run() ended
[2026-05-21T23:26:18.410804+00:00] unhandled exception in __main__
Traceback (most recent call last):
  File "C:\J.A.R.V.I.S\local_jarvis\main.py", line 258, in <module>
  File "C:\J.A.R.V.I.S\local_jarvis\main.py", line 207, in main
  File "C:\J.A.R.V.I.S\local_jarvis\ui\tray_app.py", line 396, in start
    time.sleep(1.0)
    ~~~~~~~~~~^^^^^
KeyboardInterrupt

[2026-05-21T23:26:31.422086+00:00] startup header
  executable=C:\Users\babi2\AppData\Local\Programs\Python\Python313\python.exe
  version=3.13.0
  cwd=C:\J.A.R.V.I.S\local_jarvis
  env=yes
  mode=tray+voice+wakeword+speak
[2026-05-21T23:26:31.514337+00:00] import pystray: ok
[2026-05-21T23:26:31.517025+00:00] import Pillow: ok
[2026-05-21T23:26:33.400385+00:00] import openwakeword: ok
[2026-05-21T23:26:33.401545+00:00] import onnxruntime: ok
[2026-05-21T23:26:33.623364+00:00] import sounddevice: ok
[2026-05-21T23:26:33.627074+00:00] import pyttsx3: ok
[2026-05-21T23:26:33.628248+00:00] import PySide6: FAIL
Traceback (most recent call last):
  File "C:\J.A.R.V.I.S\local_jarvis\core\startup.py", line 145, in probe_optional_imports
    __import__(module)
    ~~~~~~~~~~^^^^^^^^
ModuleNotFoundError: No module named 'PySide6'

[2026-05-21T23:26:33.919752+00:00] startup header
  executable=C:\Users\babi2\AppData\Local\Programs\Python\Python313\python.exe
  version=3.13.0
  cwd=C:\J.A.R.V.I.S\local_jarvis
  env=yes
  mode=tray+voice+wakeword+speak
[2026-05-21T23:26:33.920802+00:00] startup
  mode=tray
  wake=True
  voice=True
  speak=True
  python=C:\Users\babi2\AppData\Local\Programs\Python\Python313\python.exe
[2026-05-21T23:26:33.926341+00:00] tray: entering main loop
[2026-05-21T23:26:34.005975+00:00] watchdog started
[2026-05-21T23:26:34.010936+00:00] tray icon run() starting
[2026-05-21T23:29:14.422914+00:00] startup header
  executable=C:\Users\babi2\AppData\Local\Programs\Python\Python313\python.exe
  version=3.13.0
  cwd=C:\J.A.R.V.I.S\local_jarvis
  env=yes
  mode=tray+voice+wakeword+speak+debug-startup
[2026-05-21T23:29:14.513352+00:00] import pystray: ok
[2026-05-21T23:29:14.515910+00:00] import Pillow: ok
[2026-05-21T23:29:16.285748+00:00] import openwakeword: ok
[2026-05-21T23:29:16.286598+00:00] import onnxruntime: ok
[2026-05-21T23:29:16.485177+00:00] import sounddevice: ok
[2026-05-21T23:29:16.488378+00:00] import pyttsx3: ok
[2026-05-21T23:29:16.489607+00:00] import PySide6: FAIL
Traceback (most recent call last):
  File "C:\J.A.R.V.I.S\local_jarvis\core\startup.py", line 145, in probe_optional_imports
    __import__(module)
    ~~~~~~~~~~^^^^^^^^
ModuleNotFoundError: No module named 'PySide6'

[2026-05-21T23:29:16.773976+00:00] startup header
  executable=C:\Users\babi2\AppData\Local\Programs\Python\Python313\python.exe
  version=3.13.0
  cwd=C:\J.A.R.V.I.S\local_jarvis
  env=yes
  mode=tray+voice+wakeword+speak+debug-startup
[2026-05-21T23:29:16.775032+00:00] startup
  mode=tray
  wake=True
  voice=True
  speak=True
  python=C:\Users\babi2\AppData\Local\Programs\Python\Python313\python.exe
[2026-05-21T23:29:16.781213+00:00] tray: entering main loop
[2026-05-21T23:29:16.838665+00:00] watchdog started
[2026-05-21T23:29:16.842922+00:00] tray icon run() starting
[2026-05-21T23:36:39.653516+00:00] smoke test begin
[2026-05-21T23:36:39.655955+00:00] smoke test PASS
  .env file=PASS (ok)
  config loaded=PASS (ok)
  pystray import=PASS (ok)
  Pillow import=PASS (ok)
  openwakeword import=PASS (ok)
  onnxruntime import=PASS (ok)
  sounddevice import=PASS (ok)
  pyttsx3 import=PASS (ok)
  wake word model file=PASS (C:\Users\babi2\AppData\Local\Programs\Python\Python313\Lib\site-packages\openwakeword\resources\models\hey_jarvis_v0.1.onnx)
  microphone query=PASS (17 input device(s))
[2026-05-21T23:36:39.660238+00:00] startup header
  executable=C:\Users\babi2\AppData\Local\Programs\Python\Python313\python.exe
  version=3.13.0
  cwd=C:\J.A.R.V.I.S\local_jarvis
  env=yes
  mode=tray+wakeword+speak
[2026-05-21T23:36:39.661526+00:00] startup header
  executable=C:\Users\babi2\AppData\Local\Programs\Python\Python313\python.exe
  version=3.13.0
  cwd=C:\J.A.R.V.I.S\local_jarvis
  env=yes
  mode=tray+wakeword+speak
[2026-05-21T23:36:39.662730+00:00] startup
  mode=tray
  wake=True
  voice=False
  speak=True
  python=C:\Users\babi2\AppData\Local\Programs\Python\Python313\python.exe
[2026-05-21T23:36:39.664983+00:00] tray: entering main loop
[2026-05-21T23:36:39.666434+00:00] tray: main loop ended
[2026-05-21T23:36:39.671516+00:00] watchdog started
[2026-05-21T23:36:39.672886+00:00] tray icon run() starting
[2026-05-21T23:36:39.674494+00:00] tray run() ended
[2026-05-21T23:36:39.682283+00:00] watchdog started
[2026-05-21T23:36:39.683290+00:00] tray icon run() starting
[2026-05-21T23:36:39.684547+00:00] tray run() ended
[2026-05-21T23:36:39.688114+00:00] startup header
  executable=C:\Users\babi2\AppData\Local\Programs\Python\Python313\python.exe
  version=3.13.0
  cwd=C:\J.A.R.V.I.S\local_jarvis
  env=yes
  mode=smoke
[2026-05-21T23:36:39.692495+00:00] startup header
  executable=C:\Users\babi2\AppData\Local\Programs\Python\Python313\python.exe
  version=3.13.0
  cwd=C:\J.A.R.V.I.S\local_jarvis
  env=yes
  mode=tray+debug-startup
[2026-05-21T23:36:39.693795+00:00] startup header
  executable=C:\Users\babi2\AppData\Local\Programs\Python\Python313\python.exe
  version=3.13.0
  cwd=C:\J.A.R.V.I.S\local_jarvis
  env=yes
  mode=tray+debug-startup
[2026-05-21T23:36:39.694913+00:00] startup
  mode=tray
  wake=False
  voice=False
  speak=False
  python=C:\Users\babi2\AppData\Local\Programs\Python\Python313\python.exe
[2026-05-21T23:36:39.695930+00:00] tray: entering main loop
[2026-05-21T23:36:39.702678+00:00] tray: main loop ended
[2026-05-22T07:21:27.242056+00:00] smoke test begin
[2026-05-22T07:21:27.244505+00:00] smoke test PASS
  .env file=PASS (ok)
  config loaded=PASS (ok)
  pystray import=PASS (ok)
  Pillow import=PASS (ok)
  openwakeword import=PASS (ok)
  onnxruntime import=PASS (ok)
  sounddevice import=PASS (ok)
  pyttsx3 import=PASS (ok)
  wake word model file=PASS (C:\Users\babi2\AppData\Local\Programs\Python\Python313\Lib\site-packages\openwakeword\resources\models\hey_jarvis_v0.1.onnx)
  microphone query=PASS (17 input device(s))
[2026-05-22T07:21:27.247958+00:00] startup header
  executable=C:\Users\babi2\AppData\Local\Programs\Python\Python313\python.exe
  version=3.13.0
  cwd=C:\J.A.R.V.I.S\local_jarvis
  env=yes
  mode=tray+wakeword+speak
[2026-05-22T07:21:27.249052+00:00] startup header
  executable=C:\Users\babi2\AppData\Local\Programs\Python\Python313\python.exe
  version=3.13.0
  cwd=C:\J.A.R.V.I.S\local_jarvis
  env=yes
  mode=tray+wakeword+speak
[2026-05-22T07:21:27.250009+00:00] startup
  mode=tray
  wake=True
  voice=False
  speak=True
  python=C:\Users\babi2\AppData\Local\Programs\Python\Python313\python.exe
[2026-05-22T07:21:27.251963+00:00] tray: entering main loop
[2026-05-22T07:21:27.253178+00:00] tray: main loop ended
[2026-05-22T07:21:27.257617+00:00] watchdog started
[2026-05-22T07:21:27.258624+00:00] tray icon run() starting
[2026-05-22T07:21:27.259980+00:00] tray run() ended
[2026-05-22T07:21:27.269837+00:00] watchdog started
[2026-05-22T07:21:27.270692+00:00] tray icon run() starting
[2026-05-22T07:21:27.271815+00:00] tray run() ended
[2026-05-22T07:21:27.274673+00:00] startup header
  executable=C:\Users\babi2\AppData\Local\Programs\Python\Python313\python.exe
  version=3.13.0
  cwd=C:\J.A.R.V.I.S\local_jarvis
  env=yes
  mode=smoke
[2026-05-22T07:21:27.278205+00:00] startup header
  executable=C:\Users\babi2\AppData\Local\Programs\Python\Python313\python.exe
  version=3.13.0
  cwd=C:\J.A.R.V.I.S\local_jarvis
  env=yes
  mode=tray+debug-startup
[2026-05-22T07:21:27.279130+00:00] startup header
  executable=C:\Users\babi2\AppData\Local\Programs\Python\Python313\python.exe
  version=3.13.0
  cwd=C:\J.A.R.V.I.S\local_jarvis
  env=yes
  mode=tray+debug-startup
[2026-05-22T07:21:27.280036+00:00] startup
  mode=tray
  wake=False
  voice=False
  speak=False
  python=C:\Users\babi2\AppData\Local\Programs\Python\Python313\python.exe
[2026-05-22T07:21:27.280995+00:00] tray: entering main loop
[2026-05-22T07:21:27.286381+00:00] tray: main loop ended
[2026-05-22T07:23:54.088853+00:00] smoke test begin
[2026-05-22T07:23:54.091116+00:00] smoke test PASS
  .env file=PASS (ok)
  config loaded=PASS (ok)
  pystray import=PASS (ok)
  Pillow import=PASS (ok)
  openwakeword import=PASS (ok)
  onnxruntime import=PASS (ok)
  sounddevice import=PASS (ok)
  pyttsx3 import=PASS (ok)
  wake word model file=PASS (C:\Users\babi2\AppData\Local\Programs\Python\Python313\Lib\site-packages\openwakeword\resources\models\hey_jarvis_v0.1.onnx)
  microphone query=PASS (17 input device(s))
[2026-05-22T07:23:54.094673+00:00] startup header
  executable=C:\Users\babi2\AppData\Local\Programs\Python\Python313\python.exe
  version=3.13.0
  cwd=C:\J.A.R.V.I.S\local_jarvis
  env=yes
  mode=tray+wakeword+speak
[2026-05-22T07:23:54.095616+00:00] startup header
  executable=C:\Users\babi2\AppData\Local\Programs\Python\Python313\python.exe
  version=3.13.0
  cwd=C:\J.A.R.V.I.S\local_jarvis
  env=yes
  mode=tray+wakeword+speak
[2026-05-22T07:23:54.096294+00:00] startup
  mode=tray
  wake=True
  voice=False
  speak=True
  python=C:\Users\babi2\AppData\Local\Programs\Python\Python313\python.exe
[2026-05-22T07:23:54.097687+00:00] tray: entering main loop
[2026-05-22T07:23:54.099039+00:00] tray: main loop ended
[2026-05-22T07:23:54.103139+00:00] watchdog started
[2026-05-22T07:23:54.104164+00:00] tray icon run() starting
[2026-05-22T07:23:54.105304+00:00] tray run() ended
[2026-05-22T07:23:54.111754+00:00] watchdog started
[2026-05-22T07:23:54.112563+00:00] tray icon run() starting
[2026-05-22T07:23:54.113688+00:00] tray run() ended
[2026-05-22T07:23:54.116532+00:00] startup header
  executable=C:\Users\babi2\AppData\Local\Programs\Python\Python313\python.exe
  version=3.13.0
  cwd=C:\J.A.R.V.I.S\local_jarvis
  env=yes
  mode=smoke
[2026-05-22T07:23:54.120116+00:00] startup header
  executable=C:\Users\babi2\AppData\Local\Programs\Python\Python313\python.exe
  version=3.13.0
  cwd=C:\J.A.R.V.I.S\local_jarvis
  env=yes
  mode=tray+debug-startup
[2026-05-22T07:23:54.121101+00:00] startup header
  executable=C:\Users\babi2\AppData\Local\Programs\Python\Python313\python.exe
  version=3.13.0
  cwd=C:\J.A.R.V.I.S\local_jarvis
  env=yes
  mode=tray+debug-startup
[2026-05-22T07:23:54.122002+00:00] startup
  mode=tray
  wake=False
  voice=False
  speak=False
  python=C:\Users\babi2\AppData\Local\Programs\Python\Python313\python.exe
[2026-05-22T07:23:54.122809+00:00] tray: entering main loop
[2026-05-22T07:23:54.128030+00:00] tray: main loop ended
[2026-05-22T07:26:36.497124+00:00] startup header
  executable=C:\Users\babi2\AppData\Local\Programs\Python\Python313\python.exe
  version=3.13.0
  cwd=C:\J.A.R.V.I.S\local_jarvis
  env=yes
  mode=tray+voice+wakeword+speak+debug-startup
[2026-05-22T07:26:36.578736+00:00] import pystray: ok
[2026-05-22T07:26:36.580985+00:00] import Pillow: ok
[2026-05-22T07:26:38.304160+00:00] import openwakeword: ok
[2026-05-22T07:26:38.304970+00:00] import onnxruntime: ok
[2026-05-22T07:26:38.487150+00:00] import sounddevice: ok
[2026-05-22T07:26:38.490156+00:00] import pyttsx3: ok
[2026-05-22T07:26:38.491329+00:00] import PySide6: FAIL
Traceback (most recent call last):
  File "C:\J.A.R.V.I.S\local_jarvis\core\startup.py", line 145, in probe_optional_imports
    __import__(module)
    ~~~~~~~~~~^^^^^^^^
ModuleNotFoundError: No module named 'PySide6'

[2026-05-22T07:26:38.756650+00:00] startup header
  executable=C:\Users\babi2\AppData\Local\Programs\Python\Python313\python.exe
  version=3.13.0
  cwd=C:\J.A.R.V.I.S\local_jarvis
  env=yes
  mode=tray+voice+wakeword+speak+debug-startup
[2026-05-22T07:26:38.757631+00:00] startup
  mode=tray
  wake=True
  voice=True
  speak=True
  python=C:\Users\babi2\AppData\Local\Programs\Python\Python313\python.exe
[2026-05-22T07:26:38.763621+00:00] tray: entering main loop
[2026-05-22T07:26:38.819554+00:00] watchdog started
[2026-05-22T07:26:38.854568+00:00] tray icon run() starting
[2026-05-22T07:31:48.954924+00:00] smoke test begin
[2026-05-22T07:31:48.957326+00:00] smoke test PASS
  .env file=PASS (ok)
  config loaded=PASS (ok)
  pystray import=PASS (ok)
  Pillow import=PASS (ok)
  openwakeword import=PASS (ok)
  onnxruntime import=PASS (ok)
  sounddevice import=PASS (ok)
  pyttsx3 import=PASS (ok)
  wake word model file=PASS (C:\Users\babi2\AppData\Local\Programs\Python\Python313\Lib\site-packages\openwakeword\resources\models\hey_jarvis_v0.1.onnx)
  microphone query=PASS (17 input device(s))
[2026-05-22T07:31:48.961036+00:00] startup header
  executable=C:\Users\babi2\AppData\Local\Programs\Python\Python313\python.exe
  version=3.13.0
  cwd=C:\J.A.R.V.I.S\local_jarvis
  env=yes
  mode=tray+wakeword+speak
[2026-05-22T07:31:48.962298+00:00] startup header
  executable=C:\Users\babi2\AppData\Local\Programs\Python\Python313\python.exe
  version=3.13.0
  cwd=C:\J.A.R.V.I.S\local_jarvis
  env=yes
  mode=tray+wakeword+speak
[2026-05-22T07:31:48.963203+00:00] startup
  mode=tray
  wake=True
  voice=False
  speak=True
  python=C:\Users\babi2\AppData\Local\Programs\Python\Python313\python.exe
[2026-05-22T07:31:48.965069+00:00] tray: entering main loop
[2026-05-22T07:31:48.966171+00:00] tray: main loop ended
[2026-05-22T07:31:48.970791+00:00] watchdog started
[2026-05-22T07:31:48.971719+00:00] tray icon run() starting
[2026-05-22T07:31:48.973040+00:00] tray run() ended
[2026-05-22T07:31:48.980546+00:00] watchdog started
[2026-05-22T07:31:48.981571+00:00] tray icon run() starting
[2026-05-22T07:31:48.982891+00:00] tray run() ended
[2026-05-22T07:31:48.985829+00:00] startup header
  executable=C:\Users\babi2\AppData\Local\Programs\Python\Python313\python.exe
  version=3.13.0
  cwd=C:\J.A.R.V.I.S\local_jarvis
  env=yes
  mode=smoke
[2026-05-22T07:31:48.989276+00:00] startup header
  executable=C:\Users\babi2\AppData\Local\Programs\Python\Python313\python.exe
  version=3.13.0
  cwd=C:\J.A.R.V.I.S\local_jarvis
  env=yes
  mode=tray+debug-startup
[2026-05-22T07:31:48.990338+00:00] startup header
  executable=C:\Users\babi2\AppData\Local\Programs\Python\Python313\python.exe
  version=3.13.0
  cwd=C:\J.A.R.V.I.S\local_jarvis
  env=yes
  mode=tray+debug-startup
[2026-05-22T07:31:48.991254+00:00] startup
  mode=tray
  wake=False
  voice=False
  speak=False
  python=C:\Users\babi2\AppData\Local\Programs\Python\Python313\python.exe
[2026-05-22T07:31:48.992086+00:00] tray: entering main loop
[2026-05-22T07:31:48.997607+00:00] tray: main loop ended
[2026-05-22T07:34:51.909076+00:00] smoke test begin
[2026-05-22T07:34:51.911033+00:00] smoke test PASS
  .env file=PASS (ok)
  config loaded=PASS (ok)
  pystray import=PASS (ok)
  Pillow import=PASS (ok)
  openwakeword import=PASS (ok)
  onnxruntime import=PASS (ok)
  sounddevice import=PASS (ok)
  pyttsx3 import=PASS (ok)
  wake word model file=PASS (C:\Users\babi2\AppData\Local\Programs\Python\Python313\Lib\site-packages\openwakeword\resources\models\hey_jarvis_v0.1.onnx)
  microphone query=PASS (17 input device(s))
[2026-05-22T07:34:51.914508+00:00] startup header
  executable=C:\Users\babi2\AppData\Local\Programs\Python\Python313\python.exe
  version=3.13.0
  cwd=C:\J.A.R.V.I.S\local_jarvis
  env=yes
  mode=tray+wakeword+speak
[2026-05-22T07:34:51.915525+00:00] startup header
  executable=C:\Users\babi2\AppData\Local\Programs\Python\Python313\python.exe
  version=3.13.0
  cwd=C:\J.A.R.V.I.S\local_jarvis
  env=yes
  mode=tray+wakeword+speak
[2026-05-22T07:34:51.916665+00:00] startup
  mode=tray
  wake=True
  voice=False
  speak=True
  python=C:\Users\babi2\AppData\Local\Programs\Python\Python313\python.exe
[2026-05-22T07:34:51.918666+00:00] tray: entering main loop
[2026-05-22T07:34:51.919945+00:00] tray: main loop ended
[2026-05-22T07:34:51.925244+00:00] watchdog started
[2026-05-22T07:34:51.926191+00:00] tray icon run() starting
[2026-05-22T07:34:51.927646+00:00] tray run() ended
[2026-05-22T07:34:51.935734+00:00] watchdog started
[2026-05-22T07:34:51.936738+00:00] tray icon run() starting
[2026-05-22T07:34:51.938066+00:00] tray run() ended
[2026-05-22T07:34:51.940829+00:00] startup header
  executable=C:\Users\babi2\AppData\Local\Programs\Python\Python313\python.exe
  version=3.13.0
  cwd=C:\J.A.R.V.I.S\local_jarvis
  env=yes
  mode=smoke
[2026-05-22T07:34:51.944264+00:00] startup header
  executable=C:\Users\babi2\AppData\Local\Programs\Python\Python313\python.exe
  version=3.13.0
  cwd=C:\J.A.R.V.I.S\local_jarvis
  env=yes
  mode=tray+debug-startup
[2026-05-22T07:34:51.945414+00:00] startup header
  executable=C:\Users\babi2\AppData\Local\Programs\Python\Python313\python.exe
  version=3.13.0
  cwd=C:\J.A.R.V.I.S\local_jarvis
  env=yes
  mode=tray+debug-startup
[2026-05-22T07:34:51.946409+00:00] startup
  mode=tray
  wake=False
  voice=False
  speak=False
  python=C:\Users\babi2\AppData\Local\Programs\Python\Python313\python.exe
[2026-05-22T07:34:51.947195+00:00] tray: entering main loop
[2026-05-22T07:34:51.953329+00:00] tray: main loop ended
[2026-05-22T07:44:53.134914+00:00] startup header
  executable=C:\Users\babi2\AppData\Local\Programs\Python\Python313\python.exe
  version=3.13.0
  cwd=C:\J.A.R.V.I.S\local_jarvis
  env=yes
  mode=smoke
[2026-05-22T07:44:53.185290+00:00] smoke test begin
[2026-05-22T07:44:55.145523+00:00] smoke test PASS
  .env file=PASS (ok)
  config loaded=PASS (ok)
  pystray import=PASS (ok)
  Pillow import=PASS (ok)
  openwakeword import=PASS (ok)
  onnxruntime import=PASS (ok)
  sounddevice import=PASS (ok)
  pyttsx3 import=PASS (ok)
  wake word model file=PASS (C:\Users\babi2\AppData\Local\Programs\Python\Python313\Lib\site-packages\openwakeword\resources\models\hey_jarvis_v0.1.onnx)
  microphone query=PASS (17 input device(s))
[2026-05-22T07:44:55.146399+00:00] import pystray: ok
[2026-05-22T07:44:55.147062+00:00] import Pillow: ok
[2026-05-22T07:44:55.147703+00:00] import openwakeword: ok
[2026-05-22T07:44:55.148473+00:00] import onnxruntime: ok
[2026-05-22T07:44:55.149363+00:00] import sounddevice: ok
[2026-05-22T07:44:55.150037+00:00] import pyttsx3: ok
[2026-05-22T07:44:55.270907+00:00] import PySide6: ok
[2026-05-22T07:45:47.222890+00:00] startup header
  executable=C:\Users\babi2\AppData\Local\Programs\Python\Python313\python.exe
  version=3.13.0
  cwd=C:\J.A.R.V.I.S\local_jarvis
  env=yes
  mode=tray+voice+wakeword+speak+debug-startup
[2026-05-22T07:45:47.303863+00:00] import pystray: ok
[2026-05-22T07:45:47.306315+00:00] import Pillow: ok
[2026-05-22T07:45:48.910714+00:00] import openwakeword: ok
[2026-05-22T07:45:48.911553+00:00] import onnxruntime: ok
[2026-05-22T07:45:49.104950+00:00] import sounddevice: ok
[2026-05-22T07:45:49.107833+00:00] import pyttsx3: ok
[2026-05-22T07:45:49.149753+00:00] import PySide6: ok
[2026-05-22T07:45:50.699690+00:00] startup header
  executable=C:\Users\babi2\AppData\Local\Programs\Python\Python313\python.exe
  version=3.13.0
  cwd=C:\J.A.R.V.I.S\local_jarvis
  env=yes
  mode=tray+voice+wakeword+speak+debug-startup
[2026-05-22T07:45:50.700700+00:00] startup
  mode=tray
  wake=True
  voice=True
  speak=True
  python=C:\Users\babi2\AppData\Local\Programs\Python\Python313\python.exe
[2026-05-22T07:45:50.719272+00:00] tray: entering main loop
[2026-05-22T07:45:50.805919+00:00] watchdog started
[2026-05-22T07:45:50.828686+00:00] tray icon run() starting
[2026-05-22T07:51:27.503883+00:00] smoke test begin
[2026-05-22T07:51:27.505895+00:00] smoke test PASS
  .env file=PASS (ok)
  config loaded=PASS (ok)
  pystray import=PASS (ok)
  Pillow import=PASS (ok)
  PySide6 import=PASS (ok)
  openwakeword import=PASS (ok)
  onnxruntime import=PASS (ok)
  sounddevice import=PASS (ok)
  pyttsx3 import=PASS (ok)
  wake word model file=PASS (C:\Users\babi2\AppData\Local\Programs\Python\Python313\Lib\site-packages\openwakeword\resources\models\hey_jarvis_v0.1.onnx)
  microphone query=PASS (17 input device(s))
  overlay config=PASS (OVERLAY_ENABLED=False theme=jarvis_blue opacity=0.88)
[2026-05-22T07:51:27.509264+00:00] startup header
  executable=C:\Users\babi2\AppData\Local\Programs\Python\Python313\python.exe
  version=3.13.0
  cwd=C:\J.A.R.V.I.S\local_jarvis
  env=yes
  mode=tray+wakeword+speak
[2026-05-22T07:51:27.510926+00:00] startup header
  executable=C:\Users\babi2\AppData\Local\Programs\Python\Python313\python.exe
  version=3.13.0
  cwd=C:\J.A.R.V.I.S\local_jarvis
  env=yes
  mode=tray+wakeword+speak
[2026-05-22T07:51:27.512008+00:00] startup
  mode=tray
  wake=True
  voice=False
  speak=True
  python=C:\Users\babi2\AppData\Local\Programs\Python\Python313\python.exe
[2026-05-22T07:51:27.514077+00:00] tray: entering main loop
[2026-05-22T07:51:27.515170+00:00] tray: main loop ended
[2026-05-22T07:51:27.519627+00:00] watchdog started
[2026-05-22T07:51:27.521193+00:00] tray icon run() starting
[2026-05-22T07:51:27.522512+00:00] tray run() ended
[2026-05-22T07:51:27.529742+00:00] watchdog started
[2026-05-22T07:51:27.530587+00:00] tray icon run() starting
[2026-05-22T07:51:27.531663+00:00] tray run() ended
[2026-05-22T07:51:27.534557+00:00] startup header
  executable=C:\Users\babi2\AppData\Local\Programs\Python\Python313\python.exe
  version=3.13.0
  cwd=C:\J.A.R.V.I.S\local_jarvis
  env=yes
  mode=smoke
[2026-05-22T07:51:27.538470+00:00] startup header
  executable=C:\Users\babi2\AppData\Local\Programs\Python\Python313\python.exe
  version=3.13.0
  cwd=C:\J.A.R.V.I.S\local_jarvis
  env=yes
  mode=tray+wakeword(env)+debug-startup
[2026-05-22T07:51:27.539535+00:00] startup header
  executable=C:\Users\babi2\AppData\Local\Programs\Python\Python313\python.exe
  version=3.13.0
  cwd=C:\J.A.R.V.I.S\local_jarvis
  env=yes
  mode=tray+wakeword(env)+debug-startup
[2026-05-22T07:51:27.540489+00:00] startup
  mode=tray
  wake=True
  voice=False
  speak=False
  python=C:\Users\babi2\AppData\Local\Programs\Python\Python313\python.exe
[2026-05-22T07:51:27.543109+00:00] tray: entering main loop
[2026-05-22T07:51:27.547689+00:00] tray: main loop ended
[2026-05-22T07:53:50.809074+00:00] smoke test begin
[2026-05-22T07:53:50.811061+00:00] smoke test PASS
  .env file=PASS (ok)
  config loaded=PASS (ok)
  pystray import=PASS (ok)
  Pillow import=PASS (ok)
  PySide6 import=PASS (ok)
  openwakeword import=PASS (ok)
  onnxruntime import=PASS (ok)
  sounddevice import=PASS (ok)
  pyttsx3 import=PASS (ok)
  wake word model file=PASS (C:\Users\babi2\AppData\Local\Programs\Python\Python313\Lib\site-packages\openwakeword\resources\models\hey_jarvis_v0.1.onnx)
  microphone query=PASS (17 input device(s))
  overlay config=PASS (OVERLAY_ENABLED=False theme=jarvis_blue opacity=0.88)
[2026-05-22T07:53:50.814049+00:00] startup header
  executable=C:\Users\babi2\AppData\Local\Programs\Python\Python313\python.exe
  version=3.13.0
  cwd=C:\J.A.R.V.I.S\local_jarvis
  env=yes
  mode=tray+wakeword+speak
[2026-05-22T07:53:50.815703+00:00] startup header
  executable=C:\Users\babi2\AppData\Local\Programs\Python\Python313\python.exe
  version=3.13.0
  cwd=C:\J.A.R.V.I.S\local_jarvis
  env=yes
  mode=tray+wakeword+speak
[2026-05-22T07:53:50.816796+00:00] startup
  mode=tray
  wake=True
  voice=False
  speak=True
  python=C:\Users\babi2\AppData\Local\Programs\Python\Python313\python.exe
[2026-05-22T07:53:50.818918+00:00] tray: entering main loop
[2026-05-22T07:53:50.820002+00:00] tray: main loop ended
[2026-05-22T07:53:50.824425+00:00] watchdog started
[2026-05-22T07:53:50.825533+00:00] tray icon run() starting
[2026-05-22T07:53:50.826861+00:00] tray run() ended
[2026-05-22T07:53:50.834307+00:00] watchdog started
[2026-05-22T07:53:50.835163+00:00] tray icon run() starting
[2026-05-22T07:53:50.836307+00:00] tray run() ended
[2026-05-22T07:53:50.839269+00:00] startup header
  executable=C:\Users\babi2\AppData\Local\Programs\Python\Python313\python.exe
  version=3.13.0
  cwd=C:\J.A.R.V.I.S\local_jarvis
  env=yes
  mode=smoke
[2026-05-22T07:53:50.843089+00:00] startup header
  executable=C:\Users\babi2\AppData\Local\Programs\Python\Python313\python.exe
  version=3.13.0
  cwd=C:\J.A.R.V.I.S\local_jarvis
  env=yes
  mode=tray+wakeword(env)+debug-startup
[2026-05-22T07:53:50.844150+00:00] startup header
  executable=C:\Users\babi2\AppData\Local\Programs\Python\Python313\python.exe
  version=3.13.0
  cwd=C:\J.A.R.V.I.S\local_jarvis
  env=yes
  mode=tray+wakeword(env)+debug-startup
[2026-05-22T07:53:50.845250+00:00] startup
  mode=tray
  wake=True
  voice=False
  speak=False
  python=C:\Users\babi2\AppData\Local\Programs\Python\Python313\python.exe
[2026-05-22T07:53:50.848791+00:00] tray: entering main loop
[2026-05-22T07:53:50.853578+00:00] tray: main loop ended
[2026-05-22T07:59:47.450972+00:00] smoke test begin
[2026-05-22T07:59:47.452928+00:00] smoke test PASS
  .env file=PASS (ok)
  config loaded=PASS (ok)
  pystray import=PASS (ok)
  Pillow import=PASS (ok)
  PySide6 import=PASS (ok)
  openwakeword import=PASS (ok)
  onnxruntime import=PASS (ok)
  sounddevice import=PASS (ok)
  pyttsx3 import=PASS (ok)
  wake word model file=PASS (C:\Users\babi2\AppData\Local\Programs\Python\Python313\Lib\site-packages\openwakeword\resources\models\hey_jarvis_v0.1.onnx)
  microphone query=PASS (17 input device(s))
  overlay config=PASS (OVERLAY_ENABLED=False theme=jarvis_blue opacity=0.88)
[2026-05-22T07:59:47.456457+00:00] startup header
  executable=C:\Users\babi2\AppData\Local\Programs\Python\Python313\python.exe
  version=3.13.0
  cwd=C:\J.A.R.V.I.S\local_jarvis
  env=yes
  mode=tray+wakeword+speak
[2026-05-22T07:59:47.458423+00:00] startup header
  executable=C:\Users\babi2\AppData\Local\Programs\Python\Python313\python.exe
  version=3.13.0
  cwd=C:\J.A.R.V.I.S\local_jarvis
  env=yes
  mode=tray+wakeword+speak
[2026-05-22T07:59:47.459261+00:00] startup
  mode=tray
  wake=True
  voice=False
  speak=True
  python=C:\Users\babi2\AppData\Local\Programs\Python\Python313\python.exe
[2026-05-22T07:59:47.461424+00:00] tray: entering main loop
[2026-05-22T07:59:47.462732+00:00] tray: main loop ended
[2026-05-22T07:59:47.467321+00:00] watchdog started
[2026-05-22T07:59:47.468177+00:00] tray icon run() starting
[2026-05-22T07:59:47.469363+00:00] tray run() ended
[2026-05-22T07:59:47.476287+00:00] watchdog started
[2026-05-22T07:59:47.477175+00:00] tray icon run() starting
[2026-05-22T07:59:47.478453+00:00] tray run() ended
[2026-05-22T07:59:47.481232+00:00] startup header
  executable=C:\Users\babi2\AppData\Local\Programs\Python\Python313\python.exe
  version=3.13.0
  cwd=C:\J.A.R.V.I.S\local_jarvis
  env=yes
  mode=smoke
[2026-05-22T07:59:47.484817+00:00] startup header
  executable=C:\Users\babi2\AppData\Local\Programs\Python\Python313\python.exe
  version=3.13.0
  cwd=C:\J.A.R.V.I.S\local_jarvis
  env=yes
  mode=tray+wakeword(env)+debug-startup
[2026-05-22T07:59:47.485886+00:00] startup header
  executable=C:\Users\babi2\AppData\Local\Programs\Python\Python313\python.exe
  version=3.13.0
  cwd=C:\J.A.R.V.I.S\local_jarvis
  env=yes
  mode=tray+wakeword(env)+debug-startup
[2026-05-22T07:59:47.487316+00:00] startup
  mode=tray
  wake=True
  voice=False
  speak=False
  python=C:\Users\babi2\AppData\Local\Programs\Python\Python313\python.exe
[2026-05-22T07:59:47.489905+00:00] tray: entering main loop
[2026-05-22T07:59:47.494495+00:00] tray: main loop ended
[2026-05-22T08:32:23.644107+00:00] smoke test begin
[2026-05-22T08:32:23.646205+00:00] smoke test PASS
  .env file=PASS (ok)
  config loaded=PASS (ok)
  pystray import=PASS (ok)
  Pillow import=PASS (ok)
  PySide6 import=PASS (ok)
  openwakeword import=PASS (ok)
  onnxruntime import=PASS (ok)
  sounddevice import=PASS (ok)
  pyttsx3 import=PASS (ok)
  wake word model file=PASS (C:\Users\babi2\AppData\Local\Programs\Python\Python313\Lib\site-packages\openwakeword\resources\models\hey_jarvis_v0.1.onnx)
  microphone query=PASS (17 input device(s))
  overlay config=PASS (OVERLAY_ENABLED=False theme=jarvis_blue opacity=0.88)
[2026-05-22T08:32:23.649743+00:00] startup header
  executable=C:\Users\babi2\AppData\Local\Programs\Python\Python313\python.exe
  version=3.13.0
  cwd=C:\J.A.R.V.I.S\local_jarvis
  env=yes
  mode=tray+wakeword+speak
[2026-05-22T08:32:23.651778+00:00] startup header
  executable=C:\Users\babi2\AppData\Local\Programs\Python\Python313\python.exe
  version=3.13.0
  cwd=C:\J.A.R.V.I.S\local_jarvis
  env=yes
  mode=tray+wakeword+speak
[2026-05-22T08:32:23.652940+00:00] startup
  mode=tray
  wake=True
  voice=False
  speak=True
  python=C:\Users\babi2\AppData\Local\Programs\Python\Python313\python.exe
[2026-05-22T08:32:23.655103+00:00] tray: entering main loop
[2026-05-22T08:32:23.656434+00:00] tray: main loop ended
[2026-05-22T08:32:23.661066+00:00] watchdog started
[2026-05-22T08:32:23.661961+00:00] tray icon run() starting
[2026-05-22T08:32:23.663205+00:00] tray run() ended
[2026-05-22T08:32:23.670062+00:00] watchdog started
[2026-05-22T08:32:23.670988+00:00] tray icon run() starting
[2026-05-22T08:32:23.672270+00:00] tray run() ended
[2026-05-22T08:32:23.675159+00:00] startup header
  executable=C:\Users\babi2\AppData\Local\Programs\Python\Python313\python.exe
  version=3.13.0
  cwd=C:\J.A.R.V.I.S\local_jarvis
  env=yes
  mode=smoke
[2026-05-22T08:32:23.679014+00:00] startup header
  executable=C:\Users\babi2\AppData\Local\Programs\Python\Python313\python.exe
  version=3.13.0
  cwd=C:\J.A.R.V.I.S\local_jarvis
  env=yes
  mode=tray+wakeword(env)+debug-startup
[2026-05-22T08:32:23.680161+00:00] startup header
  executable=C:\Users\babi2\AppData\Local\Programs\Python\Python313\python.exe
  version=3.13.0
  cwd=C:\J.A.R.V.I.S\local_jarvis
  env=yes
  mode=tray+wakeword(env)+debug-startup
[2026-05-22T08:32:23.681219+00:00] startup
  mode=tray
  wake=True
  voice=False
  speak=False
  python=C:\Users\babi2\AppData\Local\Programs\Python\Python313\python.exe
[2026-05-22T08:32:23.683688+00:00] tray: entering main loop
[2026-05-22T08:32:23.688262+00:00] tray: main loop ended
[2026-05-22T08:36:54.366045+00:00] smoke test begin
[2026-05-22T08:36:54.368067+00:00] smoke test PASS
  .env file=PASS (ok)
  config loaded=PASS (ok)
  pystray import=PASS (ok)
  Pillow import=PASS (ok)
  PySide6 import=PASS (ok)
  openwakeword import=PASS (ok)
  onnxruntime import=PASS (ok)
  sounddevice import=PASS (ok)
  pyttsx3 import=PASS (ok)
  wake word model file=PASS (C:\Users\babi2\AppData\Local\Programs\Python\Python313\Lib\site-packages\openwakeword\resources\models\hey_jarvis_v0.1.onnx)
  microphone query=PASS (17 input device(s))
  overlay config=PASS (OVERLAY_ENABLED=False theme=jarvis_blue opacity=0.88)
[2026-05-22T08:36:54.371546+00:00] startup header
  executable=C:\Users\babi2\AppData\Local\Programs\Python\Python313\python.exe
  version=3.13.0
  cwd=C:\J.A.R.V.I.S\local_jarvis
  env=yes
  mode=tray+wakeword+speak
[2026-05-22T08:36:54.373625+00:00] startup header
  executable=C:\Users\babi2\AppData\Local\Programs\Python\Python313\python.exe
  version=3.13.0
  cwd=C:\J.A.R.V.I.S\local_jarvis
  env=yes
  mode=tray+wakeword+speak
[2026-05-22T08:36:54.374647+00:00] startup
  mode=tray
  wake=True
  voice=False
  speak=True
  python=C:\Users\babi2\AppData\Local\Programs\Python\Python313\python.exe
[2026-05-22T08:36:54.376766+00:00] tray: entering main loop
[2026-05-22T08:36:54.378026+00:00] tray: main loop ended
[2026-05-22T08:36:54.382697+00:00] watchdog started
[2026-05-22T08:36:54.383593+00:00] tray icon run() starting
[2026-05-22T08:36:54.384790+00:00] tray run() ended
[2026-05-22T08:36:54.392747+00:00] watchdog started
[2026-05-22T08:36:54.393819+00:00] tray icon run() starting
[2026-05-22T08:36:54.395287+00:00] tray run() ended
[2026-05-22T08:36:54.398717+00:00] startup header
  executable=C:\Users\babi2\AppData\Local\Programs\Python\Python313\python.exe
  version=3.13.0
  cwd=C:\J.A.R.V.I.S\local_jarvis
  env=yes
  mode=smoke
[2026-05-22T08:36:54.402419+00:00] startup header
  executable=C:\Users\babi2\AppData\Local\Programs\Python\Python313\python.exe
  version=3.13.0
  cwd=C:\J.A.R.V.I.S\local_jarvis
  env=yes
  mode=tray+wakeword(env)+debug-startup
[2026-05-22T08:36:54.403784+00:00] startup header
  executable=C:\Users\babi2\AppData\Local\Programs\Python\Python313\python.exe
  version=3.13.0
  cwd=C:\J.A.R.V.I.S\local_jarvis
  env=yes
  mode=tray+wakeword(env)+debug-startup
[2026-05-22T08:36:54.405229+00:00] startup
  mode=tray
  wake=True
  voice=False
  speak=False
  python=C:\Users\babi2\AppData\Local\Programs\Python\Python313\python.exe
[2026-05-22T08:36:54.408638+00:00] tray: entering main loop
[2026-05-22T08:36:54.489499+00:00] tray: main loop ended
[2026-05-22T08:44:25.455845+00:00] smoke test begin
[2026-05-22T08:44:25.457867+00:00] smoke test PASS
  .env file=PASS (ok)
  config loaded=PASS (ok)
  pystray import=PASS (ok)
  Pillow import=PASS (ok)
  PySide6 import=PASS (ok)
  openwakeword import=PASS (ok)
  onnxruntime import=PASS (ok)
  sounddevice import=PASS (ok)
  pyttsx3 import=PASS (ok)
  wake word model file=PASS (C:\Users\babi2\AppData\Local\Programs\Python\Python313\Lib\site-packages\openwakeword\resources\models\hey_jarvis_v0.1.onnx)
  microphone query=PASS (17 input device(s))
  overlay config=PASS (OVERLAY_ENABLED=False theme=jarvis_blue opacity=0.88)
[2026-05-22T08:44:25.461193+00:00] startup header
  executable=C:\Users\babi2\AppData\Local\Programs\Python\Python313\python.exe
  version=3.13.0
  cwd=C:\J.A.R.V.I.S\local_jarvis
  env=yes
  mode=tray+wakeword+speak
[2026-05-22T08:44:25.467446+00:00] startup header
  executable=C:\Users\babi2\AppData\Local\Programs\Python\Python313\python.exe
  version=3.13.0
  cwd=C:\J.A.R.V.I.S\local_jarvis
  env=yes
  mode=tray+wakeword+speak
[2026-05-22T08:44:25.468605+00:00] startup
  mode=tray
  wake=True
  voice=False
  speak=True
  python=C:\Users\babi2\AppData\Local\Programs\Python\Python313\python.exe
[2026-05-22T08:44:25.470322+00:00] tray: entering main loop
[2026-05-22T08:44:25.471970+00:00] tray: main loop ended
[2026-05-22T08:44:25.478370+00:00] watchdog started
[2026-05-22T08:44:25.479191+00:00] tray icon run() starting
[2026-05-22T08:44:25.481031+00:00] tray run() ended
[2026-05-22T08:44:25.487658+00:00] watchdog started
[2026-05-22T08:44:25.488668+00:00] tray icon run() starting
[2026-05-22T08:44:25.489812+00:00] tray run() ended
[2026-05-22T08:44:25.493456+00:00] startup header
  executable=C:\Users\babi2\AppData\Local\Programs\Python\Python313\python.exe
  version=3.13.0
  cwd=C:\J.A.R.V.I.S\local_jarvis
  env=yes
  mode=smoke
[2026-05-22T08:44:25.497331+00:00] startup header
  executable=C:\Users\babi2\AppData\Local\Programs\Python\Python313\python.exe
  version=3.13.0
  cwd=C:\J.A.R.V.I.S\local_jarvis
  env=yes
  mode=tray+wakeword(env)+debug-startup
[2026-05-22T08:44:25.498473+00:00] startup header
  executable=C:\Users\babi2\AppData\Local\Programs\Python\Python313\python.exe
  version=3.13.0
  cwd=C:\J.A.R.V.I.S\local_jarvis
  env=yes
  mode=tray+wakeword(env)+debug-startup
[2026-05-22T08:44:25.499438+00:00] startup
  mode=tray
  wake=True
  voice=False
  speak=False
  python=C:\Users\babi2\AppData\Local\Programs\Python\Python313\python.exe
[2026-05-22T08:44:25.502328+00:00] tray: entering main loop
[2026-05-22T08:44:25.507634+00:00] tray: main loop ended
[2026-05-22T09:13:17.659010+00:00] smoke test begin
[2026-05-22T09:13:17.661160+00:00] smoke test PASS
  .env file=PASS (ok)
  config loaded=PASS (ok)
  pystray import=PASS (ok)
  Pillow import=PASS (ok)
  PySide6 import=PASS (ok)
  openwakeword import=PASS (ok)
  onnxruntime import=PASS (ok)
  sounddevice import=PASS (ok)
  pyttsx3 import=PASS (ok)
  wake word model file=PASS (C:\Users\babi2\AppData\Local\Programs\Python\Python313\Lib\site-packages\openwakeword\resources\models\hey_jarvis_v0.1.onnx)
  microphone query=PASS (17 input device(s))
  overlay config=PASS (OVERLAY_ENABLED=False theme=jarvis_blue opacity=0.88)
[2026-05-22T09:13:17.664805+00:00] startup header
  executable=C:\Users\babi2\AppData\Local\Programs\Python\Python313\python.exe
  version=3.13.0
  cwd=C:\J.A.R.V.I.S\local_jarvis
  env=yes
  mode=tray+wakeword+speak
[2026-05-22T09:13:17.665964+00:00] startup header
  executable=C:\Users\babi2\AppData\Local\Programs\Python\Python313\python.exe
  version=3.13.0
  cwd=C:\J.A.R.V.I.S\local_jarvis
  env=yes
  mode=tray+wakeword+speak
[2026-05-22T09:13:17.667013+00:00] startup
  mode=tray
  wake=True
  voice=False
  speak=True
  python=C:\Users\babi2\AppData\Local\Programs\Python\Python313\python.exe
[2026-05-22T09:13:17.669044+00:00] tray: entering main loop
[2026-05-22T09:13:17.670216+00:00] tray: main loop ended
[2026-05-22T09:13:17.675018+00:00] watchdog started
[2026-05-22T09:13:17.675936+00:00] tray icon run() starting
[2026-05-22T09:13:17.677349+00:00] tray run() ended
[2026-05-22T09:13:17.685708+00:00] watchdog started
[2026-05-22T09:13:17.686904+00:00] tray icon run() starting
[2026-05-22T09:13:17.688151+00:00] tray run() ended
[2026-05-22T09:13:17.690897+00:00] startup header
  executable=C:\Users\babi2\AppData\Local\Programs\Python\Python313\python.exe
  version=3.13.0
  cwd=C:\J.A.R.V.I.S\local_jarvis
  env=yes
  mode=smoke
[2026-05-22T09:13:17.694541+00:00] startup header
  executable=C:\Users\babi2\AppData\Local\Programs\Python\Python313\python.exe
  version=3.13.0
  cwd=C:\J.A.R.V.I.S\local_jarvis
  env=yes
  mode=tray+wakeword(env)+debug-startup
[2026-05-22T09:13:17.695614+00:00] startup header
  executable=C:\Users\babi2\AppData\Local\Programs\Python\Python313\python.exe
  version=3.13.0
  cwd=C:\J.A.R.V.I.S\local_jarvis
  env=yes
  mode=tray+wakeword(env)+debug-startup
[2026-05-22T09:13:17.696855+00:00] startup
  mode=tray
  wake=True
  voice=False
  speak=False
  python=C:\Users\babi2\AppData\Local\Programs\Python\Python313\python.exe
[2026-05-22T09:13:17.699894+00:00] tray: entering main loop
[2026-05-22T09:13:17.789189+00:00] tray: main loop ended
[2026-05-22T09:37:09.019605+00:00] smoke test begin
[2026-05-22T09:37:09.021703+00:00] smoke test PASS
  .env file=PASS (ok)
  config loaded=PASS (ok)
  pystray import=PASS (ok)
  Pillow import=PASS (ok)
  PySide6 import=PASS (ok)
  openwakeword import=PASS (ok)
  onnxruntime import=PASS (ok)
  sounddevice import=PASS (ok)
  pyttsx3 import=PASS (ok)
  wake word model file=PASS (C:\Users\babi2\AppData\Local\Programs\Python\Python313\Lib\site-packages\openwakeword\resources\models\hey_jarvis_v0.1.onnx)
  microphone query=PASS (17 input device(s))
  overlay config=PASS (OVERLAY_ENABLED=False theme=jarvis_blue opacity=0.88)
[2026-05-22T09:37:09.025251+00:00] startup header
  executable=C:\Users\babi2\AppData\Local\Programs\Python\Python313\python.exe
  version=3.13.0
  cwd=C:\J.A.R.V.I.S\local_jarvis
  env=yes
  mode=tray+wakeword+speak
[2026-05-22T09:37:09.026359+00:00] startup header
  executable=C:\Users\babi2\AppData\Local\Programs\Python\Python313\python.exe
  version=3.13.0
  cwd=C:\J.A.R.V.I.S\local_jarvis
  env=yes
  mode=tray+wakeword+speak
[2026-05-22T09:37:09.027319+00:00] startup
  mode=tray
  wake=True
  voice=False
  speak=True
  python=C:\Users\babi2\AppData\Local\Programs\Python\Python313\python.exe
[2026-05-22T09:37:09.029336+00:00] tray: entering main loop
[2026-05-22T09:37:09.030402+00:00] tray: main loop ended
[2026-05-22T09:37:09.034823+00:00] watchdog started
[2026-05-22T09:37:09.035775+00:00] tray icon run() starting
[2026-05-22T09:37:09.037272+00:00] tray run() ended
[2026-05-22T09:37:09.044286+00:00] watchdog started
[2026-05-22T09:37:09.045350+00:00] tray icon run() starting
[2026-05-22T09:37:09.046627+00:00] tray run() ended
[2026-05-22T09:37:09.049626+00:00] startup header
  executable=C:\Users\babi2\AppData\Local\Programs\Python\Python313\python.exe
  version=3.13.0
  cwd=C:\J.A.R.V.I.S\local_jarvis
  env=yes
  mode=smoke
[2026-05-22T09:37:09.053237+00:00] startup header
  executable=C:\Users\babi2\AppData\Local\Programs\Python\Python313\python.exe
  version=3.13.0
  cwd=C:\J.A.R.V.I.S\local_jarvis
  env=yes
  mode=tray+wakeword(env)+debug-startup
[2026-05-22T09:37:09.054422+00:00] startup header
  executable=C:\Users\babi2\AppData\Local\Programs\Python\Python313\python.exe
  version=3.13.0
  cwd=C:\J.A.R.V.I.S\local_jarvis
  env=yes
  mode=tray+wakeword(env)+debug-startup
[2026-05-22T09:37:09.055334+00:00] startup
  mode=tray
  wake=True
  voice=False
  speak=False
  python=C:\Users\babi2\AppData\Local\Programs\Python\Python313\python.exe
[2026-05-22T09:37:09.057851+00:00] tray: entering main loop
[2026-05-22T09:37:09.064308+00:00] tray: main loop ended
[2026-05-22T09:50:15.885499+00:00] smoke test begin
[2026-05-22T09:50:17.751457+00:00] smoke test PASS
  .env file=PASS (ok)
  config loaded=PASS (ok)
  pystray import=PASS (ok)
  Pillow import=PASS (ok)
  PySide6 import=PASS (ok)
  openwakeword import=PASS (ok)
  onnxruntime import=PASS (ok)
  sounddevice import=PASS (ok)
  pyttsx3 import=PASS (ok)
  wake word model file=PASS (C:\Users\babi2\AppData\Local\Programs\Python\Python313\Lib\site-packages\openwakeword\resources\models\hey_jarvis_v0.1.onnx)
  microphone query=PASS (17 input device(s))
  overlay config=PASS (OVERLAY_ENABLED=True style=premium_ironman theme=jarvis_blue opacity=0.88)
[2026-05-22T09:50:17.862498+00:00] startup header
  executable=C:\Users\babi2\AppData\Local\Programs\Python\Python313\python.exe
  version=3.13.0
  cwd=C:\J.A.R.V.I.S\local_jarvis
  env=yes
  mode=tray+wakeword+speak
[2026-05-22T09:50:17.864212+00:00] startup header
  executable=C:\Users\babi2\AppData\Local\Programs\Python\Python313\python.exe
  version=3.13.0
  cwd=C:\J.A.R.V.I.S\local_jarvis
  env=yes
  mode=tray+wakeword+speak
[2026-05-22T09:50:17.865137+00:00] startup
  mode=tray
  wake=True
  voice=True
  speak=True
  python=C:\Users\babi2\AppData\Local\Programs\Python\Python313\python.exe
[2026-05-22T09:50:17.866694+00:00] tray: entering main loop
[2026-05-22T09:50:17.867764+00:00] tray: main loop ended
[2026-05-22T09:50:17.873755+00:00] watchdog started
[2026-05-22T09:50:17.874594+00:00] tray icon run() starting
[2026-05-22T09:50:17.880114+00:00] tray run() ended
[2026-05-22T09:50:17.889634+00:00] watchdog started
[2026-05-22T09:50:17.890504+00:00] tray icon run() starting
[2026-05-22T09:50:17.892390+00:00] tray run() ended
[2026-05-22T09:50:17.894898+00:00] startup header
  executable=C:\Users\babi2\AppData\Local\Programs\Python\Python313\python.exe
  version=3.13.0
  cwd=C:\J.A.R.V.I.S\local_jarvis
  env=yes
  mode=smoke
[2026-05-22T09:50:17.898056+00:00] startup header
  executable=C:\Users\babi2\AppData\Local\Programs\Python\Python313\python.exe
  version=3.13.0
  cwd=C:\J.A.R.V.I.S\local_jarvis
  env=yes
  mode=tray+wakeword(env)+debug-startup
[2026-05-22T09:50:17.899111+00:00] startup header
  executable=C:\Users\babi2\AppData\Local\Programs\Python\Python313\python.exe
  version=3.13.0
  cwd=C:\J.A.R.V.I.S\local_jarvis
  env=yes
  mode=tray+wakeword(env)+debug-startup
[2026-05-22T09:50:17.899935+00:00] startup
  mode=tray
  wake=True
  voice=True
  speak=False
  python=C:\Users\babi2\AppData\Local\Programs\Python\Python313\python.exe
[2026-05-22T09:50:17.902261+00:00] tray: entering main loop
[2026-05-22T09:50:17.904118+00:00] tray: main loop ended
[2026-05-22T09:50:33.908559+00:00] smoke test begin
[2026-05-22T09:50:33.910864+00:00] smoke test PASS
  .env file=PASS (ok)
  config loaded=PASS (ok)
  pystray import=PASS (ok)
  Pillow import=PASS (ok)
  PySide6 import=PASS (ok)
  openwakeword import=PASS (ok)
  onnxruntime import=PASS (ok)
  sounddevice import=PASS (ok)
  pyttsx3 import=PASS (ok)
  wake word model file=PASS (C:\Users\babi2\AppData\Local\Programs\Python\Python313\Lib\site-packages\openwakeword\resources\models\hey_jarvis_v0.1.onnx)
  microphone query=PASS (17 input device(s))
  overlay config=PASS (OVERLAY_ENABLED=True style=premium_ironman theme=jarvis_blue opacity=0.88)
[2026-05-22T09:50:33.914270+00:00] startup header
  executable=C:\Users\babi2\AppData\Local\Programs\Python\Python313\python.exe
  version=3.13.0
  cwd=C:\J.A.R.V.I.S\local_jarvis
  env=yes
  mode=tray+wakeword+speak
[2026-05-22T09:50:33.915665+00:00] startup header
  executable=C:\Users\babi2\AppData\Local\Programs\Python\Python313\python.exe
  version=3.13.0
  cwd=C:\J.A.R.V.I.S\local_jarvis
  env=yes
  mode=tray+wakeword+speak
[2026-05-22T09:50:33.916592+00:00] startup
  mode=tray
  wake=True
  voice=True
  speak=True
  python=C:\Users\babi2\AppData\Local\Programs\Python\Python313\python.exe
[2026-05-22T09:50:33.918607+00:00] tray: entering main loop
[2026-05-22T09:50:33.919651+00:00] tray: main loop ended
[2026-05-22T09:50:33.923991+00:00] watchdog started
[2026-05-22T09:50:33.925001+00:00] tray icon run() starting
[2026-05-22T09:50:33.926298+00:00] tray run() ended
[2026-05-22T09:50:33.932654+00:00] watchdog started
[2026-05-22T09:50:33.933564+00:00] tray icon run() starting
[2026-05-22T09:50:33.934986+00:00] tray run() ended
[2026-05-22T09:50:33.937642+00:00] startup header
  executable=C:\Users\babi2\AppData\Local\Programs\Python\Python313\python.exe
  version=3.13.0
  cwd=C:\J.A.R.V.I.S\local_jarvis
  env=yes
  mode=smoke
[2026-05-22T09:50:33.941225+00:00] startup header
  executable=C:\Users\babi2\AppData\Local\Programs\Python\Python313\python.exe
  version=3.13.0
  cwd=C:\J.A.R.V.I.S\local_jarvis
  env=yes
  mode=tray+wakeword(env)+debug-startup
[2026-05-22T09:50:33.942578+00:00] startup header
  executable=C:\Users\babi2\AppData\Local\Programs\Python\Python313\python.exe
  version=3.13.0
  cwd=C:\J.A.R.V.I.S\local_jarvis
  env=yes
  mode=tray+wakeword(env)+debug-startup
[2026-05-22T09:50:33.943637+00:00] startup
  mode=tray
  wake=True
  voice=True
  speak=False
  python=C:\Users\babi2\AppData\Local\Programs\Python\Python313\python.exe
[2026-05-22T09:50:33.946540+00:00] tray: entering main loop
[2026-05-22T09:50:33.952451+00:00] tray: main loop ended
[2026-05-22T09:53:33.351613+00:00] smoke test begin
[2026-05-22T09:53:33.353949+00:00] smoke test PASS
  .env file=PASS (ok)
  config loaded=PASS (ok)
  pystray import=PASS (ok)
  Pillow import=PASS (ok)
  PySide6 import=PASS (ok)
  openwakeword import=PASS (ok)
  onnxruntime import=PASS (ok)
  sounddevice import=PASS (ok)
  pyttsx3 import=PASS (ok)
  wake word model file=PASS (C:\Users\babi2\AppData\Local\Programs\Python\Python313\Lib\site-packages\openwakeword\resources\models\hey_jarvis_v0.1.onnx)
  microphone query=PASS (17 input device(s))
  overlay config=PASS (OVERLAY_ENABLED=True style=premium_ironman theme=jarvis_blue opacity=0.88)
[2026-05-22T09:53:33.357054+00:00] startup header
  executable=C:\Users\babi2\AppData\Local\Programs\Python\Python313\python.exe
  version=3.13.0
  cwd=C:\J.A.R.V.I.S\local_jarvis
  env=yes
  mode=tray+wakeword+speak
[2026-05-22T09:53:33.358581+00:00] startup header
  executable=C:\Users\babi2\AppData\Local\Programs\Python\Python313\python.exe
  version=3.13.0
  cwd=C:\J.A.R.V.I.S\local_jarvis
  env=yes
  mode=tray+wakeword+speak
[2026-05-22T09:53:33.359512+00:00] startup
  mode=tray
  wake=True
  voice=True
  speak=True
  python=C:\Users\babi2\AppData\Local\Programs\Python\Python313\python.exe
[2026-05-22T09:53:33.361365+00:00] tray: entering main loop
[2026-05-22T09:53:33.362586+00:00] tray: main loop ended
[2026-05-22T09:53:33.367006+00:00] watchdog started
[2026-05-22T09:53:33.368060+00:00] tray icon run() starting
[2026-05-22T09:53:33.369175+00:00] tray run() ended
[2026-05-22T09:53:33.375982+00:00] watchdog started
[2026-05-22T09:53:33.376901+00:00] tray icon run() starting
[2026-05-22T09:53:33.378185+00:00] tray run() ended
[2026-05-22T09:53:33.381740+00:00] startup header
  executable=C:\Users\babi2\AppData\Local\Programs\Python\Python313\python.exe
  version=3.13.0
  cwd=C:\J.A.R.V.I.S\local_jarvis
  env=yes
  mode=smoke
[2026-05-22T09:53:33.385822+00:00] startup header
  executable=C:\Users\babi2\AppData\Local\Programs\Python\Python313\python.exe
  version=3.13.0
  cwd=C:\J.A.R.V.I.S\local_jarvis
  env=yes
  mode=tray+wakeword(env)+debug-startup
[2026-05-22T09:53:33.387189+00:00] startup header
  executable=C:\Users\babi2\AppData\Local\Programs\Python\Python313\python.exe
  version=3.13.0
  cwd=C:\J.A.R.V.I.S\local_jarvis
  env=yes
  mode=tray+wakeword(env)+debug-startup
[2026-05-22T09:53:33.388259+00:00] startup
  mode=tray
  wake=True
  voice=True
  speak=False
  python=C:\Users\babi2\AppData\Local\Programs\Python\Python313\python.exe
[2026-05-22T09:53:33.391244+00:00] tray: entering main loop
[2026-05-22T09:53:33.397109+00:00] tray: main loop ended
[2026-05-22T10:05:30.774344+00:00] startup header
  executable=C:\Users\babi2\AppData\Local\Programs\Python\Python313\python.exe
  version=3.13.0
  cwd=C:\J.A.R.V.I.S\local_jarvis
  env=yes
  mode=tray+wakeword(env)+debug-startup
[2026-05-22T10:05:30.849635+00:00] import pystray: ok
[2026-05-22T10:05:30.852129+00:00] import Pillow: ok
[2026-05-22T10:05:32.543341+00:00] import openwakeword: ok
[2026-05-22T10:05:32.544168+00:00] import onnxruntime: ok
[2026-05-22T10:05:32.735112+00:00] import sounddevice: ok
[2026-05-22T10:05:32.737952+00:00] import pyttsx3: ok
[2026-05-22T10:05:32.779760+00:00] import PySide6: ok
[2026-05-22T10:05:34.609985+00:00] startup header
  executable=C:\Users\babi2\AppData\Local\Programs\Python\Python313\python.exe
  version=3.13.0
  cwd=C:\J.A.R.V.I.S\local_jarvis
  env=yes
  mode=tray+wakeword(env)+debug-startup
[2026-05-22T10:05:34.611064+00:00] startup
  mode=tray
  wake=True
  voice=True
  speak=True
  python=C:\Users\babi2\AppData\Local\Programs\Python\Python313\python.exe
[2026-05-22T10:05:34.629724+00:00] tray: entering main loop
[2026-05-22T10:05:34.787448+00:00] watchdog started
[2026-05-22T10:05:34.850428+00:00] tray icon run() starting
[2026-05-22T10:22:30.572943+00:00] smoke test begin
[2026-05-22T10:22:30.575116+00:00] smoke test PASS
  .env file=PASS (ok)
  config loaded=PASS (ok)
  pystray import=PASS (ok)
  Pillow import=PASS (ok)
  PySide6 import=PASS (ok)
  openwakeword import=PASS (ok)
  onnxruntime import=PASS (ok)
  sounddevice import=PASS (ok)
  pyttsx3 import=PASS (ok)
  wake word model file=PASS (C:\Users\babi2\AppData\Local\Programs\Python\Python313\Lib\site-packages\openwakeword\resources\models\hey_jarvis_v0.1.onnx)
  microphone query=PASS (17 input device(s))
  overlay config=PASS (OVERLAY_ENABLED=True style=premium_ironman_full theme=jarvis_blue opacity=0.92)
[2026-05-22T10:22:30.578606+00:00] startup header
  executable=C:\Users\babi2\AppData\Local\Programs\Python\Python313\python.exe
  version=3.13.0
  cwd=C:\J.A.R.V.I.S\local_jarvis
  env=yes
  mode=tray+wakeword+speak
[2026-05-22T10:22:30.579971+00:00] startup header
  executable=C:\Users\babi2\AppData\Local\Programs\Python\Python313\python.exe
  version=3.13.0
  cwd=C:\J.A.R.V.I.S\local_jarvis
  env=yes
  mode=tray+wakeword+speak
[2026-05-22T10:22:30.580900+00:00] startup
  mode=tray
  wake=True
  voice=True
  speak=True
  python=C:\Users\babi2\AppData\Local\Programs\Python\Python313\python.exe
[2026-05-22T10:22:30.582859+00:00] tray: entering main loop
[2026-05-22T10:22:30.583902+00:00] tray: main loop ended
[2026-05-22T10:22:30.588305+00:00] watchdog started
[2026-05-22T10:22:30.589294+00:00] tray icon run() starting
[2026-05-22T10:22:30.590666+00:00] tray run() ended
[2026-05-22T10:22:30.597205+00:00] watchdog started
[2026-05-22T10:22:30.598213+00:00] tray icon run() starting
[2026-05-22T10:22:30.599457+00:00] tray run() ended
[2026-05-22T10:22:30.601676+00:00] startup header
  executable=C:\Users\babi2\AppData\Local\Programs\Python\Python313\python.exe
  version=3.13.0
  cwd=C:\J.A.R.V.I.S\local_jarvis
  env=yes
  mode=smoke
[2026-05-22T10:22:30.605211+00:00] startup header
  executable=C:\Users\babi2\AppData\Local\Programs\Python\Python313\python.exe
  version=3.13.0
  cwd=C:\J.A.R.V.I.S\local_jarvis
  env=yes
  mode=tray+wakeword(env)+debug-startup
[2026-05-22T10:22:30.606404+00:00] startup header
  executable=C:\Users\babi2\AppData\Local\Programs\Python\Python313\python.exe
  version=3.13.0
  cwd=C:\J.A.R.V.I.S\local_jarvis
  env=yes
  mode=tray+wakeword(env)+debug-startup
[2026-05-22T10:22:30.607559+00:00] startup
  mode=tray
  wake=True
  voice=True
  speak=False
  python=C:\Users\babi2\AppData\Local\Programs\Python\Python313\python.exe
[2026-05-22T10:22:30.609913+00:00] tray: entering main loop
[2026-05-22T10:22:30.615264+00:00] tray: main loop ended
[2026-05-22T10:30:23.721168+00:00] smoke test begin
[2026-05-22T10:30:23.723511+00:00] smoke test PASS
  .env file=PASS (ok)
  config loaded=PASS (ok)
  pystray import=PASS (ok)
  Pillow import=PASS (ok)
  PySide6 import=PASS (ok)
  openwakeword import=PASS (ok)
  onnxruntime import=PASS (ok)
  sounddevice import=PASS (ok)
  pyttsx3 import=PASS (ok)
  wake word model file=PASS (C:\Users\babi2\AppData\Local\Programs\Python\Python313\Lib\site-packages\openwakeword\resources\models\hey_jarvis_v0.1.onnx)
  microphone query=PASS (17 input device(s))
  overlay config=PASS (OVERLAY_ENABLED=True style=premium_ironman_full theme=jarvis_blue opacity=0.92)
[2026-05-22T10:30:23.726880+00:00] startup header
  executable=C:\Users\babi2\AppData\Local\Programs\Python\Python313\python.exe
  version=3.13.0
  cwd=C:\J.A.R.V.I.S\local_jarvis
  env=yes
  mode=tray+wakeword+speak
[2026-05-22T10:30:23.728364+00:00] startup header
  executable=C:\Users\babi2\AppData\Local\Programs\Python\Python313\python.exe
  version=3.13.0
  cwd=C:\J.A.R.V.I.S\local_jarvis
  env=yes
  mode=tray+wakeword+speak
[2026-05-22T10:30:23.729271+00:00] startup
  mode=tray
  wake=True
  voice=True
  speak=True
  python=C:\Users\babi2\AppData\Local\Programs\Python\Python313\python.exe
[2026-05-22T10:30:23.731193+00:00] tray: entering main loop
[2026-05-22T10:30:23.732317+00:00] tray: main loop ended
[2026-05-22T10:30:23.736880+00:00] watchdog started
[2026-05-22T10:30:23.737902+00:00] tray icon run() starting
[2026-05-22T10:30:23.739346+00:00] tray run() ended
[2026-05-22T10:30:23.745556+00:00] watchdog started
[2026-05-22T10:30:23.746529+00:00] tray icon run() starting
[2026-05-22T10:30:23.747667+00:00] tray run() ended
[2026-05-22T10:30:23.750425+00:00] startup header
  executable=C:\Users\babi2\AppData\Local\Programs\Python\Python313\python.exe
  version=3.13.0
  cwd=C:\J.A.R.V.I.S\local_jarvis
  env=yes
  mode=smoke
[2026-05-22T10:30:23.754012+00:00] startup header
  executable=C:\Users\babi2\AppData\Local\Programs\Python\Python313\python.exe
  version=3.13.0
  cwd=C:\J.A.R.V.I.S\local_jarvis
  env=yes
  mode=tray+wakeword(env)+debug-startup
[2026-05-22T10:30:23.755220+00:00] startup header
  executable=C:\Users\babi2\AppData\Local\Programs\Python\Python313\python.exe
  version=3.13.0
  cwd=C:\J.A.R.V.I.S\local_jarvis
  env=yes
  mode=tray+wakeword(env)+debug-startup
[2026-05-22T10:30:23.756419+00:00] startup
  mode=tray
  wake=True
  voice=True
  speak=False
  python=C:\Users\babi2\AppData\Local\Programs\Python\Python313\python.exe
[2026-05-22T10:30:23.758776+00:00] tray: entering main loop
[2026-05-22T10:30:23.763234+00:00] tray: main loop ended
[2026-05-22T10:51:10.440430+00:00] smoke test begin
[2026-05-22T10:51:10.442103+00:00] smoke test PASS
  .env file=PASS (ok)
  config loaded=PASS (ok)
  pystray import=PASS (ok)
  Pillow import=PASS (ok)
  PySide6 import=PASS (ok)
  openwakeword import=PASS (ok)
  onnxruntime import=PASS (ok)
  sounddevice import=PASS (ok)
  pyttsx3 import=PASS (ok)
  wake word model file=PASS (C:\Users\babi2\AppData\Local\Programs\Python\Python313\Lib\site-packages\openwakeword\resources\models\hey_jarvis_v0.1.onnx)
  microphone query=PASS (17 input device(s))
  overlay config=PASS (OVERLAY_ENABLED=True style=premium_ironman_full theme=jarvis_blue opacity=0.92)
[2026-05-22T10:51:10.444657+00:00] startup header
  executable=C:\Users\babi2\AppData\Local\Programs\Python\Python313\python.exe
  version=3.13.0
  cwd=C:\J.A.R.V.I.S\local_jarvis
  env=yes
  mode=tray+wakeword+speak
[2026-05-22T10:51:10.445786+00:00] startup header
  executable=C:\Users\babi2\AppData\Local\Programs\Python\Python313\python.exe
  version=3.13.0
  cwd=C:\J.A.R.V.I.S\local_jarvis
  env=yes
  mode=tray+wakeword+speak
[2026-05-22T10:51:10.446508+00:00] startup
  mode=tray
  wake=True
  voice=True
  speak=True
  python=C:\Users\babi2\AppData\Local\Programs\Python\Python313\python.exe
[2026-05-22T10:51:10.448190+00:00] tray: entering main loop
[2026-05-22T10:51:10.449439+00:00] tray: main loop ended
[2026-05-22T10:51:10.454476+00:00] watchdog started
[2026-05-22T10:51:10.455746+00:00] tray icon run() starting
[2026-05-22T10:51:10.457161+00:00] tray run() ended
[2026-05-22T10:51:10.465365+00:00] watchdog started
[2026-05-22T10:51:10.466458+00:00] tray icon run() starting
[2026-05-22T10:51:10.467783+00:00] tray run() ended
[2026-05-22T10:51:10.470776+00:00] startup header
  executable=C:\Users\babi2\AppData\Local\Programs\Python\Python313\python.exe
  version=3.13.0
  cwd=C:\J.A.R.V.I.S\local_jarvis
  env=yes
  mode=smoke
[2026-05-22T10:51:10.474849+00:00] startup header
  executable=C:\Users\babi2\AppData\Local\Programs\Python\Python313\python.exe
  version=3.13.0
  cwd=C:\J.A.R.V.I.S\local_jarvis
  env=yes
  mode=tray+wakeword(env)+debug-startup
[2026-05-22T10:51:10.476250+00:00] startup header
  executable=C:\Users\babi2\AppData\Local\Programs\Python\Python313\python.exe
  version=3.13.0
  cwd=C:\J.A.R.V.I.S\local_jarvis
  env=yes
  mode=tray+wakeword(env)+debug-startup
[2026-05-22T10:51:10.477703+00:00] startup
  mode=tray
  wake=True
  voice=True
  speak=False
  python=C:\Users\babi2\AppData\Local\Programs\Python\Python313\python.exe
[2026-05-22T10:51:10.480201+00:00] tray: entering main loop
[2026-05-22T10:51:10.487010+00:00] tray: main loop ended
[2026-05-22T10:58:54.520712+00:00] startup header
  executable=C:\Users\babi2\AppData\Local\Programs\Python\Python313\python.exe
  version=3.13.0
  cwd=C:\J.A.R.V.I.S\local_jarvis
  env=yes
  mode=tray+voice+wakeword+speak+debug-startup+overlay
[2026-05-22T10:58:54.603496+00:00] import pystray: ok
[2026-05-22T10:58:54.606039+00:00] import Pillow: ok
[2026-05-22T10:58:56.304320+00:00] import openwakeword: ok
[2026-05-22T10:58:56.305159+00:00] import onnxruntime: ok
[2026-05-22T10:58:56.502015+00:00] import sounddevice: ok
[2026-05-22T10:58:56.505145+00:00] import pyttsx3: ok
[2026-05-22T10:58:56.547770+00:00] import PySide6: ok
[2026-05-22T10:58:57.035909+00:00] startup header
  executable=C:\Users\babi2\AppData\Local\Programs\Python\Python313\python.exe
  version=3.13.0
  cwd=C:\J.A.R.V.I.S\local_jarvis
  env=yes
  mode=tray+voice+wakeword+speak+debug-startup+overlay
[2026-05-22T10:58:57.037005+00:00] startup
  mode=tray
  wake=True
  voice=True
  speak=True
  python=C:\Users\babi2\AppData\Local\Programs\Python\Python313\python.exe
[2026-05-22T10:58:57.044719+00:00] tray: entering main loop
[2026-05-22T10:58:57.132287+00:00] watchdog started
[2026-05-22T10:58:57.191306+00:00] tray icon run() starting
[2026-05-22T11:10:44.553968+00:00] smoke test begin
[2026-05-22T11:10:44.555773+00:00] smoke test PASS
  .env file=PASS (ok)
  config loaded=PASS (ok)
  pystray import=PASS (ok)
  Pillow import=PASS (ok)
  PySide6 import=PASS (ok)
  openwakeword import=PASS (ok)
  onnxruntime import=PASS (ok)
  sounddevice import=PASS (ok)
  pyttsx3 import=PASS (ok)
  wake word model file=PASS (C:\Users\babi2\AppData\Local\Programs\Python\Python313\Lib\site-packages\openwakeword\resources\models\hey_jarvis_v0.1.onnx)
  microphone query=PASS (17 input device(s))
  overlay config=PASS (OVERLAY_ENABLED=True style=premium_ironman_full theme=jarvis_blue opacity=0.92)
[2026-05-22T11:10:44.558748+00:00] startup header
  executable=C:\Users\babi2\AppData\Local\Programs\Python\Python313\python.exe
  version=3.13.0
  cwd=C:\J.A.R.V.I.S\local_jarvis
  env=yes
  mode=tray+wakeword+speak
[2026-05-22T11:10:45.906066+00:00] startup header
  executable=C:\Users\babi2\AppData\Local\Programs\Python\Python313\python.exe
  version=3.13.0
  cwd=C:\J.A.R.V.I.S\local_jarvis
  env=yes
  mode=tray+wakeword+speak
[2026-05-22T11:10:45.907200+00:00] startup
  mode=tray
  wake=True
  voice=True
  speak=True
  python=C:\Users\babi2\AppData\Local\Programs\Python\Python313\python.exe
[2026-05-22T11:10:45.909178+00:00] tray: entering main loop
[2026-05-22T11:10:45.910270+00:00] tray: main loop ended
[2026-05-22T11:10:45.915125+00:00] watchdog started
[2026-05-22T11:10:45.916569+00:00] tray icon run() starting
[2026-05-22T11:10:45.917670+00:00] tray run() ended
[2026-05-22T11:10:45.923885+00:00] watchdog started
[2026-05-22T11:10:45.925146+00:00] tray icon run() starting
[2026-05-22T11:10:45.926173+00:00] tray run() ended
[2026-05-22T11:10:45.929171+00:00] startup header
  executable=C:\Users\babi2\AppData\Local\Programs\Python\Python313\python.exe
  version=3.13.0
  cwd=C:\J.A.R.V.I.S\local_jarvis
  env=yes
  mode=smoke
[2026-05-22T11:10:45.932312+00:00] startup header
  executable=C:\Users\babi2\AppData\Local\Programs\Python\Python313\python.exe
  version=3.13.0
  cwd=C:\J.A.R.V.I.S\local_jarvis
  env=yes
  mode=tray+wakeword(env)+debug-startup
[2026-05-22T11:10:45.933873+00:00] startup header
  executable=C:\Users\babi2\AppData\Local\Programs\Python\Python313\python.exe
  version=3.13.0
  cwd=C:\J.A.R.V.I.S\local_jarvis
  env=yes
  mode=tray+wakeword(env)+debug-startup
[2026-05-22T11:10:45.934731+00:00] startup
  mode=tray
  wake=True
  voice=True
  speak=False
  python=C:\Users\babi2\AppData\Local\Programs\Python\Python313\python.exe
[2026-05-22T11:10:45.937551+00:00] tray: entering main loop
[2026-05-22T11:10:45.942554+00:00] tray: main loop ended
[2026-05-22T11:14:43.251493+00:00] smoke test begin
[2026-05-22T11:14:43.253709+00:00] smoke test PASS
  .env file=PASS (ok)
  config loaded=PASS (ok)
  pystray import=PASS (ok)
  Pillow import=PASS (ok)
  PySide6 import=PASS (ok)
  openwakeword import=PASS (ok)
  onnxruntime import=PASS (ok)
  sounddevice import=PASS (ok)
  pyttsx3 import=PASS (ok)
  wake word model file=PASS (C:\Users\babi2\AppData\Local\Programs\Python\Python313\Lib\site-packages\openwakeword\resources\models\hey_jarvis_v0.1.onnx)
  microphone query=PASS (17 input device(s))
  overlay config=PASS (OVERLAY_ENABLED=True style=premium_ironman_full theme=jarvis_blue opacity=0.92)
[2026-05-22T11:14:43.256882+00:00] startup header
  executable=C:\Users\babi2\AppData\Local\Programs\Python\Python313\python.exe
  version=3.13.0
  cwd=C:\J.A.R.V.I.S\local_jarvis
  env=yes
  mode=tray+wakeword+speak
[2026-05-22T11:14:44.582577+00:00] startup header
  executable=C:\Users\babi2\AppData\Local\Programs\Python\Python313\python.exe
  version=3.13.0
  cwd=C:\J.A.R.V.I.S\local_jarvis
  env=yes
  mode=tray+wakeword+speak
[2026-05-22T11:14:44.583568+00:00] startup
  mode=tray
  wake=True
  voice=True
  speak=True
  python=C:\Users\babi2\AppData\Local\Programs\Python\Python313\python.exe
[2026-05-22T11:14:44.585265+00:00] tray: entering main loop
[2026-05-22T11:14:44.586261+00:00] tray: main loop ended
[2026-05-22T11:14:44.590453+00:00] watchdog started
[2026-05-22T11:14:44.591748+00:00] tray icon run() starting
[2026-05-22T11:14:44.592969+00:00] tray run() ended
[2026-05-22T11:14:44.599589+00:00] watchdog started
[2026-05-22T11:14:44.600755+00:00] tray icon run() starting
[2026-05-22T11:14:44.601777+00:00] tray run() ended
[2026-05-22T11:14:44.604650+00:00] startup header
  executable=C:\Users\babi2\AppData\Local\Programs\Python\Python313\python.exe
  version=3.13.0
  cwd=C:\J.A.R.V.I.S\local_jarvis
  env=yes
  mode=smoke
[2026-05-22T11:14:44.608126+00:00] startup header
  executable=C:\Users\babi2\AppData\Local\Programs\Python\Python313\python.exe
  version=3.13.0
  cwd=C:\J.A.R.V.I.S\local_jarvis
  env=yes
  mode=tray+wakeword(env)+debug-startup
[2026-05-22T11:14:44.609579+00:00] startup header
  executable=C:\Users\babi2\AppData\Local\Programs\Python\Python313\python.exe
  version=3.13.0
  cwd=C:\J.A.R.V.I.S\local_jarvis
  env=yes
  mode=tray+wakeword(env)+debug-startup
[2026-05-22T11:14:44.610423+00:00] startup
  mode=tray
  wake=True
  voice=True
  speak=False
  python=C:\Users\babi2\AppData\Local\Programs\Python\Python313\python.exe
[2026-05-22T11:14:44.612657+00:00] tray: entering main loop
[2026-05-22T11:14:44.617450+00:00] tray: main loop ended
[2026-05-22T11:17:40.043415+00:00] smoke test begin
[2026-05-22T11:17:40.045338+00:00] smoke test PASS
  .env file=PASS (ok)
  config loaded=PASS (ok)
  pystray import=PASS (ok)
  Pillow import=PASS (ok)
  PySide6 import=PASS (ok)
  openwakeword import=PASS (ok)
  onnxruntime import=PASS (ok)
  sounddevice import=PASS (ok)
  pyttsx3 import=PASS (ok)
  wake word model file=PASS (C:\Users\babi2\AppData\Local\Programs\Python\Python313\Lib\site-packages\openwakeword\resources\models\hey_jarvis_v0.1.onnx)
  microphone query=PASS (17 input device(s))
  overlay config=PASS (OVERLAY_ENABLED=True style=premium_ironman_full theme=jarvis_blue opacity=0.92)
[2026-05-22T11:17:40.048335+00:00] startup header
  executable=C:\Users\babi2\AppData\Local\Programs\Python\Python313\python.exe
  version=3.13.0
  cwd=C:\J.A.R.V.I.S\local_jarvis
  env=yes
  mode=tray+wakeword+speak
[2026-05-22T11:17:41.384167+00:00] startup header
  executable=C:\Users\babi2\AppData\Local\Programs\Python\Python313\python.exe
  version=3.13.0
  cwd=C:\J.A.R.V.I.S\local_jarvis
  env=yes
  mode=tray+wakeword+speak
[2026-05-22T11:17:41.385009+00:00] startup
  mode=tray
  wake=True
  voice=True
  speak=True
  python=C:\Users\babi2\AppData\Local\Programs\Python\Python313\python.exe
[2026-05-22T11:17:41.386227+00:00] tray: entering main loop
[2026-05-22T11:17:41.386967+00:00] tray: main loop ended
[2026-05-22T11:17:41.392352+00:00] watchdog started
[2026-05-22T11:17:41.393994+00:00] tray icon run() starting
[2026-05-22T11:17:41.395027+00:00] tray run() ended
[2026-05-22T11:17:41.401842+00:00] watchdog started
[2026-05-22T11:17:41.403104+00:00] tray icon run() starting
[2026-05-22T11:17:41.404022+00:00] tray run() ended
[2026-05-22T11:17:41.407582+00:00] startup header
  executable=C:\Users\babi2\AppData\Local\Programs\Python\Python313\python.exe
  version=3.13.0
  cwd=C:\J.A.R.V.I.S\local_jarvis
  env=yes
  mode=smoke
[2026-05-22T11:17:41.410891+00:00] startup header
  executable=C:\Users\babi2\AppData\Local\Programs\Python\Python313\python.exe
  version=3.13.0
  cwd=C:\J.A.R.V.I.S\local_jarvis
  env=yes
  mode=tray+wakeword(env)+debug-startup
[2026-05-22T11:17:41.412252+00:00] startup header
  executable=C:\Users\babi2\AppData\Local\Programs\Python\Python313\python.exe
  version=3.13.0
  cwd=C:\J.A.R.V.I.S\local_jarvis
  env=yes
  mode=tray+wakeword(env)+debug-startup
[2026-05-22T11:17:41.412927+00:00] startup
  mode=tray
  wake=True
  voice=True
  speak=False
  python=C:\Users\babi2\AppData\Local\Programs\Python\Python313\python.exe
[2026-05-22T11:17:41.414980+00:00] tray: entering main loop
[2026-05-22T11:17:41.420246+00:00] tray: main loop ended
[2026-05-22T11:22:33.329012+00:00] smoke test begin
[2026-05-22T11:22:33.330887+00:00] smoke test PASS
  .env file=PASS (ok)
  config loaded=PASS (ok)
  pystray import=PASS (ok)
  Pillow import=PASS (ok)
  PySide6 import=PASS (ok)
  openwakeword import=PASS (ok)
  onnxruntime import=PASS (ok)
  sounddevice import=PASS (ok)
  pyttsx3 import=PASS (ok)
  wake word model file=PASS (C:\Users\babi2\AppData\Local\Programs\Python\Python313\Lib\site-packages\openwakeword\resources\models\hey_jarvis_v0.1.onnx)
  microphone query=PASS (17 input device(s))
  overlay config=PASS (OVERLAY_ENABLED=True style=premium_ironman_full theme=jarvis_blue opacity=0.92)
[2026-05-22T11:22:33.334390+00:00] startup header
  executable=C:\Users\babi2\AppData\Local\Programs\Python\Python313\python.exe
  version=3.13.0
  cwd=C:\J.A.R.V.I.S\local_jarvis
  env=yes
  mode=tray+wakeword+speak
[2026-05-22T11:22:41.768672+00:00] startup header
  executable=C:\Users\babi2\AppData\Local\Programs\Python\Python313\python.exe
  version=3.13.0
  cwd=C:\J.A.R.V.I.S\local_jarvis
  env=yes
  mode=tray+wakeword+speak
[2026-05-22T11:22:41.769625+00:00] startup
  mode=tray
  wake=True
  voice=True
  speak=True
  python=C:\Users\babi2\AppData\Local\Programs\Python\Python313\python.exe
[2026-05-22T11:22:41.770912+00:00] tray: entering main loop
[2026-05-22T11:22:41.771638+00:00] tray: main loop ended
[2026-05-22T11:22:41.805546+00:00] watchdog started
[2026-05-22T11:22:41.806915+00:00] tray icon run() starting
[2026-05-22T11:22:41.807965+00:00] tray run() ended
[2026-05-22T11:22:41.814012+00:00] watchdog started
[2026-05-22T11:22:41.815243+00:00] tray icon run() starting
[2026-05-22T11:22:41.815953+00:00] tray run() ended
[2026-05-22T11:22:41.818426+00:00] startup header
  executable=C:\Users\babi2\AppData\Local\Programs\Python\Python313\python.exe
  version=3.13.0
  cwd=C:\J.A.R.V.I.S\local_jarvis
  env=yes
  mode=smoke
[2026-05-22T11:22:41.821786+00:00] startup header
  executable=C:\Users\babi2\AppData\Local\Programs\Python\Python313\python.exe
  version=3.13.0
  cwd=C:\J.A.R.V.I.S\local_jarvis
  env=yes
  mode=tray+wakeword(env)+debug-startup
[2026-05-22T11:22:41.823289+00:00] startup header
  executable=C:\Users\babi2\AppData\Local\Programs\Python\Python313\python.exe
  version=3.13.0
  cwd=C:\J.A.R.V.I.S\local_jarvis
  env=yes
  mode=tray+wakeword(env)+debug-startup
[2026-05-22T11:22:41.824070+00:00] startup
  mode=tray
  wake=True
  voice=True
  speak=False
  python=C:\Users\babi2\AppData\Local\Programs\Python\Python313\python.exe
[2026-05-22T11:22:41.826319+00:00] tray: entering main loop
[2026-05-22T11:22:41.830850+00:00] tray: main loop ended
[2026-05-22T11:40:07.292745+00:00] startup header
  executable=C:\Users\babi2\AppData\Local\Programs\Python\Python313\python.exe
  version=3.13.0
  cwd=C:\J.A.R.V.I.S\local_jarvis
  env=yes
  mode=tray+wakeword(env)+debug-startup
[2026-05-22T11:40:07.369660+00:00] import pystray: ok
[2026-05-22T11:40:07.371921+00:00] import Pillow: ok
[2026-05-22T11:40:09.093334+00:00] import openwakeword: ok
[2026-05-22T11:40:09.094104+00:00] import onnxruntime: ok
[2026-05-22T11:40:09.288162+00:00] import sounddevice: ok
[2026-05-22T11:40:09.291713+00:00] import pyttsx3: ok
[2026-05-22T11:40:09.334585+00:00] import PySide6: ok
[2026-05-22T11:40:14.277954+00:00] startup header
  executable=C:\Users\babi2\AppData\Local\Programs\Python\Python313\python.exe
  version=3.13.0
  cwd=C:\J.A.R.V.I.S\local_jarvis
  env=yes
  mode=tray+wakeword(env)+debug-startup
[2026-05-22T11:40:14.279036+00:00] startup
  mode=tray
  wake=True
  voice=True
  speak=True
  python=C:\Users\babi2\AppData\Local\Programs\Python\Python313\python.exe
[2026-05-22T11:40:14.286238+00:00] tray: entering main loop
[2026-05-22T11:40:14.333975+00:00] watchdog started
[2026-05-22T11:40:14.352076+00:00] tray icon run() starting
[2026-05-22T11:43:17.337615+00:00] startup header
  executable=C:\Users\babi2\AppData\Local\Programs\Python\Python313\python.exe
  version=3.13.0
  cwd=C:\J.A.R.V.I.S\local_jarvis
  env=yes
  mode=tray+wakeword(env)+debug-startup
[2026-05-22T11:43:17.413025+00:00] import pystray: ok
[2026-05-22T11:43:17.415399+00:00] import Pillow: ok
[2026-05-22T11:43:19.056065+00:00] import openwakeword: ok
[2026-05-22T11:43:19.056923+00:00] import onnxruntime: ok
[2026-05-22T11:43:19.264798+00:00] import sounddevice: ok
[2026-05-22T11:43:19.267746+00:00] import pyttsx3: ok
[2026-05-22T11:43:19.310096+00:00] import PySide6: ok
[2026-05-22T11:43:21.678600+00:00] startup header
  executable=C:\Users\babi2\AppData\Local\Programs\Python\Python313\python.exe
  version=3.13.0
  cwd=C:\J.A.R.V.I.S\local_jarvis
  env=yes
  mode=tray+wakeword(env)+debug-startup
[2026-05-22T11:43:21.679508+00:00] startup
  mode=tray
  wake=True
  voice=True
  speak=True
  python=C:\Users\babi2\AppData\Local\Programs\Python\Python313\python.exe
[2026-05-22T11:43:21.686285+00:00] tray: entering main loop
[2026-05-22T11:43:21.730229+00:00] watchdog started
[2026-05-22T11:43:21.745466+00:00] tray icon run() starting
[2026-05-22T11:56:15.401985+00:00] smoke test begin
[2026-05-22T11:56:15.403902+00:00] smoke test PASS
  .env file=PASS (ok)
  config loaded=PASS (ok)
  pystray import=PASS (ok)
  Pillow import=PASS (ok)
  PySide6 import=PASS (ok)
  openwakeword import=PASS (ok)
  onnxruntime import=PASS (ok)
  sounddevice import=PASS (ok)
  pyttsx3 import=PASS (ok)
  wake word model file=PASS (C:\Users\babi2\AppData\Local\Programs\Python\Python313\Lib\site-packages\openwakeword\resources\models\hey_jarvis_v0.1.onnx)
  microphone query=PASS (17 input device(s))
  overlay config=PASS (OVERLAY_ENABLED=True style=premium_ironman_full theme=jarvis_blue opacity=0.92)
[2026-05-22T11:56:15.406604+00:00] startup header
  executable=C:\Users\babi2\AppData\Local\Programs\Python\Python313\python.exe
  version=3.13.0
  cwd=C:\J.A.R.V.I.S\local_jarvis
  env=yes
  mode=tray+wakeword+speak
[2026-05-22T11:56:17.271684+00:00] startup header
  executable=C:\Users\babi2\AppData\Local\Programs\Python\Python313\python.exe
  version=3.13.0
  cwd=C:\J.A.R.V.I.S\local_jarvis
  env=yes
  mode=tray+wakeword+speak
[2026-05-22T11:56:17.272945+00:00] startup
  mode=tray
  wake=True
  voice=True
  speak=True
  python=C:\Users\babi2\AppData\Local\Programs\Python\Python313\python.exe
[2026-05-22T11:56:17.275000+00:00] tray: entering main loop
[2026-05-22T11:56:17.276302+00:00] tray: main loop ended
[2026-05-22T11:56:17.282444+00:00] watchdog started
[2026-05-22T11:56:17.284176+00:00] tray icon run() starting
[2026-05-22T11:56:17.285620+00:00] tray run() ended
[2026-05-22T11:56:17.293593+00:00] watchdog started
[2026-05-22T11:56:17.295217+00:00] tray icon run() starting
[2026-05-22T11:56:17.296671+00:00] tray run() ended
[2026-05-22T11:56:17.300058+00:00] startup header
  executable=C:\Users\babi2\AppData\Local\Programs\Python\Python313\python.exe
  version=3.13.0
  cwd=C:\J.A.R.V.I.S\local_jarvis
  env=yes
  mode=smoke
[2026-05-22T11:56:17.304274+00:00] startup header
  executable=C:\Users\babi2\AppData\Local\Programs\Python\Python313\python.exe
  version=3.13.0
  cwd=C:\J.A.R.V.I.S\local_jarvis
  env=yes
  mode=tray+wakeword(env)+debug-startup
[2026-05-22T11:56:17.306129+00:00] startup header
  executable=C:\Users\babi2\AppData\Local\Programs\Python\Python313\python.exe
  version=3.13.0
  cwd=C:\J.A.R.V.I.S\local_jarvis
  env=yes
  mode=tray+wakeword(env)+debug-startup
[2026-05-22T11:56:17.307493+00:00] startup
  mode=tray
  wake=True
  voice=True
  speak=False
  python=C:\Users\babi2\AppData\Local\Programs\Python\Python313\python.exe
[2026-05-22T11:56:17.310778+00:00] tray: entering main loop
[2026-05-22T11:56:17.315797+00:00] tray: main loop ended
[2026-05-22T11:59:15.886876+00:00] smoke test begin
[2026-05-22T11:59:15.889162+00:00] smoke test PASS
  .env file=PASS (ok)
  config loaded=PASS (ok)
  pystray import=PASS (ok)
  Pillow import=PASS (ok)
  PySide6 import=PASS (ok)
  openwakeword import=PASS (ok)
  onnxruntime import=PASS (ok)
  sounddevice import=PASS (ok)
  pyttsx3 import=PASS (ok)
  wake word model file=PASS (C:\Users\babi2\AppData\Local\Programs\Python\Python313\Lib\site-packages\openwakeword\resources\models\hey_jarvis_v0.1.onnx)
  microphone query=PASS (17 input device(s))
  overlay config=PASS (OVERLAY_ENABLED=True style=premium_ironman_full theme=jarvis_blue opacity=0.92)
[2026-05-22T11:59:15.893175+00:00] startup header
  executable=C:\Users\babi2\AppData\Local\Programs\Python\Python313\python.exe
  version=3.13.0
  cwd=C:\J.A.R.V.I.S\local_jarvis
  env=yes
  mode=tray+wakeword+speak
[2026-05-22T11:59:18.052601+00:00] startup header
  executable=C:\Users\babi2\AppData\Local\Programs\Python\Python313\python.exe
  version=3.13.0
  cwd=C:\J.A.R.V.I.S\local_jarvis
  env=yes
  mode=tray+wakeword+speak
[2026-05-22T11:59:18.053785+00:00] startup
  mode=tray
  wake=True
  voice=True
  speak=True
  python=C:\Users\babi2\AppData\Local\Programs\Python\Python313\python.exe
[2026-05-22T11:59:18.055713+00:00] tray: entering main loop
[2026-05-22T11:59:18.056610+00:00] tray: main loop ended
[2026-05-22T11:59:18.063178+00:00] watchdog started
[2026-05-22T11:59:18.064826+00:00] tray icon run() starting
[2026-05-22T11:59:18.066064+00:00] tray run() ended
[2026-05-22T11:59:18.073924+00:00] watchdog started
[2026-05-22T11:59:18.075530+00:00] tray icon run() starting
[2026-05-22T11:59:18.076741+00:00] tray run() ended
[2026-05-22T11:59:18.079903+00:00] startup header
  executable=C:\Users\babi2\AppData\Local\Programs\Python\Python313\python.exe
  version=3.13.0
  cwd=C:\J.A.R.V.I.S\local_jarvis
  env=yes
  mode=smoke
[2026-05-22T11:59:18.083024+00:00] startup header
  executable=C:\Users\babi2\AppData\Local\Programs\Python\Python313\python.exe
  version=3.13.0
  cwd=C:\J.A.R.V.I.S\local_jarvis
  env=yes
  mode=tray+wakeword(env)+debug-startup
[2026-05-22T11:59:18.085050+00:00] startup header
  executable=C:\Users\babi2\AppData\Local\Programs\Python\Python313\python.exe
  version=3.13.0
  cwd=C:\J.A.R.V.I.S\local_jarvis
  env=yes
  mode=tray+wakeword(env)+debug-startup
[2026-05-22T11:59:18.086133+00:00] startup
  mode=tray
  wake=True
  voice=True
  speak=False
  python=C:\Users\babi2\AppData\Local\Programs\Python\Python313\python.exe
[2026-05-22T11:59:18.089261+00:00] tray: entering main loop
[2026-05-22T11:59:18.095256+00:00] tray: main loop ended
[2026-05-22T12:05:11.581546+00:00] startup header
  executable=C:\Users\babi2\AppData\Local\Programs\Python\Python313\python.exe
  version=3.13.0
  cwd=C:\J.A.R.V.I.S\local_jarvis
  env=yes
  mode=tray+wakeword(env)+debug-startup
[2026-05-22T12:05:11.661886+00:00] import pystray: ok
[2026-05-22T12:05:11.664578+00:00] import Pillow: ok
[2026-05-22T12:05:13.395052+00:00] import openwakeword: ok
[2026-05-22T12:05:13.395963+00:00] import onnxruntime: ok
[2026-05-22T12:05:13.608547+00:00] import sounddevice: ok
[2026-05-22T12:05:13.611934+00:00] import pyttsx3: ok
[2026-05-22T12:05:13.657221+00:00] import PySide6: ok
[2026-05-22T12:05:16.100304+00:00] startup header
  executable=C:\Users\babi2\AppData\Local\Programs\Python\Python313\python.exe
  version=3.13.0
  cwd=C:\J.A.R.V.I.S\local_jarvis
  env=yes
  mode=tray+wakeword(env)+debug-startup
[2026-05-22T12:05:16.101397+00:00] startup
  mode=tray
  wake=True
  voice=True
  speak=True
  python=C:\Users\babi2\AppData\Local\Programs\Python\Python313\python.exe
[2026-05-22T12:05:16.108601+00:00] tray: entering main loop
[2026-05-22T12:05:16.155127+00:00] watchdog started
[2026-05-22T12:05:16.170898+00:00] tray icon run() starting
[2026-05-22T12:08:55.750496+00:00] smoke test begin
[2026-05-22T12:08:55.752979+00:00] smoke test PASS
  .env file=PASS (ok)
  config loaded=PASS (ok)
  pystray import=PASS (ok)
  Pillow import=PASS (ok)
  PySide6 import=PASS (ok)
  openwakeword import=PASS (ok)
  onnxruntime import=PASS (ok)
  sounddevice import=PASS (ok)
  pyttsx3 import=PASS (ok)
  wake word model file=PASS (C:\Users\babi2\AppData\Local\Programs\Python\Python313\Lib\site-packages\openwakeword\resources\models\hey_jarvis_v0.1.onnx)
  microphone query=PASS (17 input device(s))
  overlay config=PASS (OVERLAY_ENABLED=True style=premium_ironman_full theme=jarvis_blue opacity=0.92)
[2026-05-22T12:08:55.756896+00:00] startup header
  executable=C:\Users\babi2\AppData\Local\Programs\Python\Python313\python.exe
  version=3.13.0
  cwd=C:\J.A.R.V.I.S\local_jarvis
  env=yes
  mode=tray+wakeword+speak
[2026-05-22T12:08:57.997958+00:00] startup header
  executable=C:\Users\babi2\AppData\Local\Programs\Python\Python313\python.exe
  version=3.13.0
  cwd=C:\J.A.R.V.I.S\local_jarvis
  env=yes
  mode=tray+wakeword+speak
[2026-05-22T12:08:57.999158+00:00] startup
  mode=tray
  wake=True
  voice=True
  speak=True
  python=C:\Users\babi2\AppData\Local\Programs\Python\Python313\python.exe
[2026-05-22T12:08:58.001545+00:00] tray: entering main loop
[2026-05-22T12:08:58.002898+00:00] tray: main loop ended
[2026-05-22T12:08:58.011464+00:00] watchdog started
[2026-05-22T12:08:58.013024+00:00] tray icon run() starting
[2026-05-22T12:08:58.014249+00:00] tray run() ended
[2026-05-22T12:08:58.021783+00:00] watchdog started
[2026-05-22T12:08:58.023286+00:00] tray icon run() starting
[2026-05-22T12:08:58.024577+00:00] tray run() ended
[2026-05-22T12:08:58.027569+00:00] startup header
  executable=C:\Users\babi2\AppData\Local\Programs\Python\Python313\python.exe
  version=3.13.0
  cwd=C:\J.A.R.V.I.S\local_jarvis
  env=yes
  mode=smoke
[2026-05-22T12:08:58.031427+00:00] startup header
  executable=C:\Users\babi2\AppData\Local\Programs\Python\Python313\python.exe
  version=3.13.0
  cwd=C:\J.A.R.V.I.S\local_jarvis
  env=yes
  mode=tray+wakeword(env)+debug-startup
[2026-05-22T12:08:58.033141+00:00] startup header
  executable=C:\Users\babi2\AppData\Local\Programs\Python\Python313\python.exe
  version=3.13.0
  cwd=C:\J.A.R.V.I.S\local_jarvis
  env=yes
  mode=tray+wakeword(env)+debug-startup
[2026-05-22T12:08:58.034175+00:00] startup
  mode=tray
  wake=True
  voice=True
  speak=False
  python=C:\Users\babi2\AppData\Local\Programs\Python\Python313\python.exe
[2026-05-22T12:08:58.037102+00:00] tray: entering main loop
[2026-05-22T12:08:58.042655+00:00] tray: main loop ended
[2026-05-22T12:43:10.957793+00:00] smoke test begin
[2026-05-22T12:43:10.960580+00:00] smoke test PASS
  .env file=PASS (ok)
  config loaded=PASS (ok)
  pystray import=PASS (ok)
  Pillow import=PASS (ok)
  PySide6 import=PASS (ok)
  openwakeword import=PASS (ok)
  onnxruntime import=PASS (ok)
  sounddevice import=PASS (ok)
  pyttsx3 import=PASS (ok)
  wake word model file=PASS (C:\Users\babi2\AppData\Local\Programs\Python\Python313\Lib\site-packages\openwakeword\resources\models\hey_jarvis_v0.1.onnx)
  microphone query=PASS (17 input device(s))
  overlay config=PASS (OVERLAY_ENABLED=True style=premium_ironman_full theme=jarvis_blue opacity=0.92)
[2026-05-22T12:43:10.964721+00:00] startup header
  executable=C:\Users\babi2\AppData\Local\Programs\Python\Python313\python.exe
  version=3.13.0
  cwd=C:\J.A.R.V.I.S\local_jarvis
  env=yes
  mode=tray+wakeword+speak
[2026-05-22T12:43:13.430118+00:00] startup header
  executable=C:\Users\babi2\AppData\Local\Programs\Python\Python313\python.exe
  version=3.13.0
  cwd=C:\J.A.R.V.I.S\local_jarvis
  env=yes
  mode=tray+wakeword+speak
[2026-05-22T12:43:13.431441+00:00] startup
  mode=tray
  wake=True
  voice=True
  speak=True
  python=C:\Users\babi2\AppData\Local\Programs\Python\Python313\python.exe
[2026-05-22T12:43:13.433338+00:00] tray: entering main loop
[2026-05-22T12:43:13.434478+00:00] tray: main loop ended
[2026-05-22T12:43:13.439661+00:00] watchdog started
[2026-05-22T12:43:13.441218+00:00] tray icon run() starting
[2026-05-22T12:43:13.442734+00:00] tray run() ended
[2026-05-22T12:43:13.450549+00:00] watchdog started
[2026-05-22T12:43:13.452067+00:00] tray icon run() starting
[2026-05-22T12:43:13.453401+00:00] tray run() ended
[2026-05-22T12:43:13.456757+00:00] startup header
  executable=C:\Users\babi2\AppData\Local\Programs\Python\Python313\python.exe
  version=3.13.0
  cwd=C:\J.A.R.V.I.S\local_jarvis
  env=yes
  mode=smoke
[2026-05-22T12:43:13.461065+00:00] startup header
  executable=C:\Users\babi2\AppData\Local\Programs\Python\Python313\python.exe
  version=3.13.0
  cwd=C:\J.A.R.V.I.S\local_jarvis
  env=yes
  mode=tray+wakeword(env)+debug-startup
[2026-05-22T12:43:13.462785+00:00] startup header
  executable=C:\Users\babi2\AppData\Local\Programs\Python\Python313\python.exe
  version=3.13.0
  cwd=C:\J.A.R.V.I.S\local_jarvis
  env=yes
  mode=tray+wakeword(env)+debug-startup
[2026-05-22T12:43:13.464007+00:00] startup
  mode=tray
  wake=True
  voice=True
  speak=False
  python=C:\Users\babi2\AppData\Local\Programs\Python\Python313\python.exe
[2026-05-22T12:43:13.466906+00:00] tray: entering main loop
[2026-05-22T12:43:13.473249+00:00] tray: main loop ended
[2026-05-22T12:51:39.711521+00:00] smoke test begin
[2026-05-22T12:51:39.713722+00:00] smoke test PASS
  .env file=PASS (ok)
  config loaded=PASS (ok)
  pystray import=PASS (ok)
  Pillow import=PASS (ok)
  PySide6 import=PASS (ok)
  openwakeword import=PASS (ok)
  onnxruntime import=PASS (ok)
  sounddevice import=PASS (ok)
  pyttsx3 import=PASS (ok)
  wake word model file=PASS (C:\Users\babi2\AppData\Local\Programs\Python\Python313\Lib\site-packages\openwakeword\resources\models\hey_jarvis_v0.1.onnx)
  microphone query=PASS (17 input device(s))
  overlay config=PASS (OVERLAY_ENABLED=True style=premium_ironman_full theme=jarvis_blue opacity=0.92)
[2026-05-22T12:51:39.716399+00:00] startup header
  executable=C:\Users\babi2\AppData\Local\Programs\Python\Python313\python.exe
  version=3.13.0
  cwd=C:\J.A.R.V.I.S\local_jarvis
  env=yes
  mode=tray+wakeword+speak
[2026-05-22T12:54:30.157549+00:00] startup header
  executable=C:\Users\babi2\AppData\Local\Programs\Python\Python313\python.exe
  version=3.13.0
  cwd=C:\J.A.R.V.I.S\local_jarvis
  env=yes
  mode=tray+wakeword+speak
[2026-05-22T12:54:30.158795+00:00] startup
  mode=tray
  wake=True
  voice=True
  speak=True
  python=C:\Users\babi2\AppData\Local\Programs\Python\Python313\python.exe
[2026-05-22T12:54:30.161009+00:00] tray: entering main loop
[2026-05-22T12:54:30.162270+00:00] tray: main loop ended
[2026-05-22T12:54:30.167072+00:00] watchdog started
[2026-05-22T12:54:30.168252+00:00] tray icon run() starting
[2026-05-22T12:54:30.169586+00:00] tray run() ended
[2026-05-22T12:54:30.177423+00:00] watchdog started
[2026-05-22T12:54:30.178775+00:00] tray icon run() starting
[2026-05-22T12:54:30.180037+00:00] tray run() ended
[2026-05-22T12:54:30.183083+00:00] startup header
  executable=C:\Users\babi2\AppData\Local\Programs\Python\Python313\python.exe
  version=3.13.0
  cwd=C:\J.A.R.V.I.S\local_jarvis
  env=yes
  mode=smoke
[2026-05-22T12:54:30.185918+00:00] startup header
  executable=C:\Users\babi2\AppData\Local\Programs\Python\Python313\python.exe
  version=3.13.0
  cwd=C:\J.A.R.V.I.S\local_jarvis
  env=yes
  mode=tray+wakeword(env)+debug-startup
[2026-05-22T12:54:30.187550+00:00] startup header
  executable=C:\Users\babi2\AppData\Local\Programs\Python\Python313\python.exe
  version=3.13.0
  cwd=C:\J.A.R.V.I.S\local_jarvis
  env=yes
  mode=tray+wakeword(env)+debug-startup
[2026-05-22T12:54:30.188568+00:00] startup
  mode=tray
  wake=True
  voice=True
  speak=False
  python=C:\Users\babi2\AppData\Local\Programs\Python\Python313\python.exe
[2026-05-22T12:54:30.191831+00:00] tray: entering main loop
[2026-05-22T12:54:30.198026+00:00] tray: main loop ended
[2026-05-22T12:57:27.898978+00:00] smoke test begin
[2026-05-22T12:57:27.901307+00:00] smoke test PASS
  .env file=PASS (ok)
  config loaded=PASS (ok)
  pystray import=PASS (ok)
  Pillow import=PASS (ok)
  PySide6 import=PASS (ok)
  openwakeword import=PASS (ok)
  onnxruntime import=PASS (ok)
  sounddevice import=PASS (ok)
  pyttsx3 import=PASS (ok)
  wake word model file=PASS (C:\Users\babi2\AppData\Local\Programs\Python\Python313\Lib\site-packages\openwakeword\resources\models\hey_jarvis_v0.1.onnx)
  microphone query=PASS (17 input device(s))
  overlay config=PASS (OVERLAY_ENABLED=True style=premium_ironman_full theme=jarvis_blue opacity=0.92)
[2026-05-22T12:57:27.904666+00:00] startup header
  executable=C:\Users\babi2\AppData\Local\Programs\Python\Python313\python.exe
  version=3.13.0
  cwd=C:\J.A.R.V.I.S\local_jarvis
  env=yes
  mode=tray+wakeword+speak
[2026-05-22T13:00:18.332105+00:00] startup header
  executable=C:\Users\babi2\AppData\Local\Programs\Python\Python313\python.exe
  version=3.13.0
  cwd=C:\J.A.R.V.I.S\local_jarvis
  env=yes
  mode=tray+wakeword+speak
[2026-05-22T13:00:18.333235+00:00] startup
  mode=tray
  wake=True
  voice=True
  speak=True
  python=C:\Users\babi2\AppData\Local\Programs\Python\Python313\python.exe
[2026-05-22T13:00:18.335090+00:00] tray: entering main loop
[2026-05-22T13:00:18.336373+00:00] tray: main loop ended
[2026-05-22T13:00:18.341670+00:00] watchdog started
[2026-05-22T13:00:18.343167+00:00] tray icon run() starting
[2026-05-22T13:00:18.344293+00:00] tray run() ended
[2026-05-22T13:00:18.350218+00:00] watchdog started
[2026-05-22T13:00:18.351579+00:00] tray icon run() starting
[2026-05-22T13:00:18.352725+00:00] tray run() ended
[2026-05-22T13:00:18.355820+00:00] startup header
  executable=C:\Users\babi2\AppData\Local\Programs\Python\Python313\python.exe
  version=3.13.0
  cwd=C:\J.A.R.V.I.S\local_jarvis
  env=yes
  mode=smoke
[2026-05-22T13:00:18.359330+00:00] startup header
  executable=C:\Users\babi2\AppData\Local\Programs\Python\Python313\python.exe
  version=3.13.0
  cwd=C:\J.A.R.V.I.S\local_jarvis
  env=yes
  mode=tray+wakeword(env)+debug-startup
[2026-05-22T13:00:18.361151+00:00] startup header
  executable=C:\Users\babi2\AppData\Local\Programs\Python\Python313\python.exe
  version=3.13.0
  cwd=C:\J.A.R.V.I.S\local_jarvis
  env=yes
  mode=tray+wakeword(env)+debug-startup
[2026-05-22T13:00:18.362101+00:00] startup
  mode=tray
  wake=True
  voice=True
  speak=False
  python=C:\Users\babi2\AppData\Local\Programs\Python\Python313\python.exe
[2026-05-22T13:00:18.365116+00:00] tray: entering main loop
[2026-05-22T13:00:18.370871+00:00] tray: main loop ended
[2026-05-22T13:16:07.534961+00:00] smoke test begin
[2026-05-22T13:16:07.537523+00:00] smoke test PASS
  .env file=PASS (ok)
  config loaded=PASS (ok)
  pystray import=PASS (ok)
  Pillow import=PASS (ok)
  PySide6 import=PASS (ok)
  openwakeword import=PASS (ok)
  onnxruntime import=PASS (ok)
  sounddevice import=PASS (ok)
  pyttsx3 import=PASS (ok)
  wake word model file=PASS (C:\Users\babi2\AppData\Local\Programs\Python\Python313\Lib\site-packages\openwakeword\resources\models\hey_jarvis_v0.1.onnx)
  microphone query=PASS (17 input device(s))
  overlay config=PASS (OVERLAY_ENABLED=True style=premium_ironman_full theme=jarvis_blue opacity=0.92)
[2026-05-22T13:16:07.541600+00:00] startup header
  executable=C:\Users\babi2\AppData\Local\Programs\Python\Python313\python.exe
  version=3.13.0
  cwd=C:\J.A.R.V.I.S\local_jarvis
  env=yes
  mode=tray+wakeword+speak
[2026-05-22T13:16:09.862835+00:00] startup header
  executable=C:\Users\babi2\AppData\Local\Programs\Python\Python313\python.exe
  version=3.13.0
  cwd=C:\J.A.R.V.I.S\local_jarvis
  env=yes
  mode=tray+wakeword+speak
[2026-05-22T13:16:09.864141+00:00] startup
  mode=tray
  wake=True
  voice=True
  speak=True
  python=C:\Users\babi2\AppData\Local\Programs\Python\Python313\python.exe
[2026-05-22T13:16:09.866239+00:00] tray: entering main loop
[2026-05-22T13:16:09.867442+00:00] tray: main loop ended
[2026-05-22T13:16:09.873036+00:00] watchdog started
[2026-05-22T13:16:09.874413+00:00] tray icon run() starting
[2026-05-22T13:16:09.875831+00:00] tray run() ended
[2026-05-22T13:16:09.882903+00:00] watchdog started
[2026-05-22T13:16:09.884228+00:00] tray icon run() starting
[2026-05-22T13:16:09.885376+00:00] tray run() ended
[2026-05-22T13:16:09.888359+00:00] startup header
  executable=C:\Users\babi2\AppData\Local\Programs\Python\Python313\python.exe
  version=3.13.0
  cwd=C:\J.A.R.V.I.S\local_jarvis
  env=yes
  mode=smoke
[2026-05-22T13:16:09.892352+00:00] startup header
  executable=C:\Users\babi2\AppData\Local\Programs\Python\Python313\python.exe
  version=3.13.0
  cwd=C:\J.A.R.V.I.S\local_jarvis
  env=yes
  mode=tray+wakeword(env)+debug-startup
[2026-05-22T13:16:09.894034+00:00] startup header
  executable=C:\Users\babi2\AppData\Local\Programs\Python\Python313\python.exe
  version=3.13.0
  cwd=C:\J.A.R.V.I.S\local_jarvis
  env=yes
  mode=tray+wakeword(env)+debug-startup
[2026-05-22T13:16:09.895044+00:00] startup
  mode=tray
  wake=True
  voice=True
  speak=False
  python=C:\Users\babi2\AppData\Local\Programs\Python\Python313\python.exe
[2026-05-22T13:16:09.897882+00:00] tray: entering main loop
[2026-05-22T13:16:09.903391+00:00] tray: main loop ended
[2026-05-22T13:21:34.256644+00:00] smoke test begin
[2026-05-22T13:21:34.259264+00:00] smoke test PASS
  .env file=PASS (ok)
  config loaded=PASS (ok)
  pystray import=PASS (ok)
  Pillow import=PASS (ok)
  PySide6 import=PASS (ok)
  openwakeword import=PASS (ok)
  onnxruntime import=PASS (ok)
  sounddevice import=PASS (ok)
  pyttsx3 import=PASS (ok)
  wake word model file=PASS (C:\Users\babi2\AppData\Local\Programs\Python\Python313\Lib\site-packages\openwakeword\resources\models\hey_jarvis_v0.1.onnx)
  microphone query=PASS (17 input device(s))
  overlay config=PASS (OVERLAY_ENABLED=True style=premium_ironman_full theme=jarvis_blue opacity=0.92)
[2026-05-22T13:21:34.263101+00:00] startup header
  executable=C:\Users\babi2\AppData\Local\Programs\Python\Python313\python.exe
  version=3.13.0
  cwd=C:\J.A.R.V.I.S\local_jarvis
  env=yes
  mode=tray+wakeword+speak
[2026-05-22T13:24:24.816145+00:00] startup header
  executable=C:\Users\babi2\AppData\Local\Programs\Python\Python313\python.exe
  version=3.13.0
  cwd=C:\J.A.R.V.I.S\local_jarvis
  env=yes
  mode=tray+wakeword+speak
[2026-05-22T13:24:24.817486+00:00] startup
  mode=tray
  wake=True
  voice=True
  speak=True
  python=C:\Users\babi2\AppData\Local\Programs\Python\Python313\python.exe
[2026-05-22T13:24:24.819615+00:00] tray: entering main loop
[2026-05-22T13:24:24.820991+00:00] tray: main loop ended
[2026-05-22T13:24:24.826798+00:00] watchdog started
[2026-05-22T13:24:24.828297+00:00] tray icon run() starting
[2026-05-22T13:24:24.829610+00:00] tray run() ended
[2026-05-22T13:24:24.837139+00:00] watchdog started
[2026-05-22T13:24:24.838385+00:00] tray icon run() starting
[2026-05-22T13:24:24.839547+00:00] tray run() ended
[2026-05-22T13:24:24.842647+00:00] startup header
  executable=C:\Users\babi2\AppData\Local\Programs\Python\Python313\python.exe
  version=3.13.0
  cwd=C:\J.A.R.V.I.S\local_jarvis
  env=yes
  mode=smoke
[2026-05-22T13:24:24.846574+00:00] startup header
  executable=C:\Users\babi2\AppData\Local\Programs\Python\Python313\python.exe
  version=3.13.0
  cwd=C:\J.A.R.V.I.S\local_jarvis
  env=yes
  mode=tray+wakeword(env)+debug-startup
[2026-05-22T13:24:24.848246+00:00] startup header
  executable=C:\Users\babi2\AppData\Local\Programs\Python\Python313\python.exe
  version=3.13.0
  cwd=C:\J.A.R.V.I.S\local_jarvis
  env=yes
  mode=tray+wakeword(env)+debug-startup
[2026-05-22T13:24:24.849207+00:00] startup
  mode=tray
  wake=True
  voice=True
  speak=False
  python=C:\Users\babi2\AppData\Local\Programs\Python\Python313\python.exe
[2026-05-22T13:24:24.851820+00:00] tray: entering main loop
[2026-05-22T13:24:24.857719+00:00] tray: main loop ended
[2026-05-22T13:31:05.861795+00:00] smoke test begin
[2026-05-22T13:31:05.864190+00:00] smoke test PASS
  .env file=PASS (ok)
  config loaded=PASS (ok)
  pystray import=PASS (ok)
  Pillow import=PASS (ok)
  PySide6 import=PASS (ok)
  openwakeword import=PASS (ok)
  onnxruntime import=PASS (ok)
  sounddevice import=PASS (ok)
  pyttsx3 import=PASS (ok)
  wake word model file=PASS (C:\Users\babi2\AppData\Local\Programs\Python\Python313\Lib\site-packages\openwakeword\resources\models\hey_jarvis_v0.1.onnx)
  microphone query=PASS (17 input device(s))
  overlay config=PASS (OVERLAY_ENABLED=True style=premium_ironman_full theme=jarvis_blue opacity=0.92)
[2026-05-22T13:31:05.867987+00:00] startup header
  executable=C:\Users\babi2\AppData\Local\Programs\Python\Python313\python.exe
  version=3.13.0
  cwd=C:\J.A.R.V.I.S\local_jarvis
  env=yes
  mode=tray+wakeword+speak
[2026-05-22T13:33:56.358104+00:00] startup header
  executable=C:\Users\babi2\AppData\Local\Programs\Python\Python313\python.exe
  version=3.13.0
  cwd=C:\J.A.R.V.I.S\local_jarvis
  env=yes
  mode=tray+wakeword+speak
[2026-05-22T13:33:56.359296+00:00] startup
  mode=tray
  wake=True
  voice=True
  speak=True
  python=C:\Users\babi2\AppData\Local\Programs\Python\Python313\python.exe
[2026-05-22T13:33:56.361466+00:00] tray: entering main loop
[2026-05-22T13:33:56.362621+00:00] tray: main loop ended
[2026-05-22T13:33:56.367385+00:00] watchdog started
[2026-05-22T13:33:56.368955+00:00] tray icon run() starting
[2026-05-22T13:33:56.370227+00:00] tray run() ended
[2026-05-22T13:33:56.377506+00:00] watchdog started
[2026-05-22T13:33:56.378809+00:00] tray icon run() starting
[2026-05-22T13:33:56.379962+00:00] tray run() ended
[2026-05-22T13:33:56.383066+00:00] startup header
  executable=C:\Users\babi2\AppData\Local\Programs\Python\Python313\python.exe
  version=3.13.0
  cwd=C:\J.A.R.V.I.S\local_jarvis
  env=yes
  mode=smoke
[2026-05-22T13:33:56.387364+00:00] startup header
  executable=C:\Users\babi2\AppData\Local\Programs\Python\Python313\python.exe
  version=3.13.0
  cwd=C:\J.A.R.V.I.S\local_jarvis
  env=yes
  mode=tray+wakeword(env)+debug-startup
[2026-05-22T13:33:56.389129+00:00] startup header
  executable=C:\Users\babi2\AppData\Local\Programs\Python\Python313\python.exe
  version=3.13.0
  cwd=C:\J.A.R.V.I.S\local_jarvis
  env=yes
  mode=tray+wakeword(env)+debug-startup
[2026-05-22T13:33:56.390039+00:00] startup
  mode=tray
  wake=True
  voice=True
  speak=False
  python=C:\Users\babi2\AppData\Local\Programs\Python\Python313\python.exe
[2026-05-22T13:33:56.392704+00:00] tray: entering main loop
[2026-05-22T13:33:56.398654+00:00] tray: main loop ended
[2026-05-22T13:39:40.440351+00:00] smoke test begin
[2026-05-22T13:39:40.443132+00:00] smoke test PASS
  .env file=PASS (ok)
  config loaded=PASS (ok)
  pystray import=PASS (ok)
  Pillow import=PASS (ok)
  PySide6 import=PASS (ok)
  openwakeword import=PASS (ok)
  onnxruntime import=PASS (ok)
  sounddevice import=PASS (ok)
  pyttsx3 import=PASS (ok)
  wake word model file=PASS (C:\Users\babi2\AppData\Local\Programs\Python\Python313\Lib\site-packages\openwakeword\resources\models\hey_jarvis_v0.1.onnx)
  microphone query=PASS (17 input device(s))
  overlay config=PASS (OVERLAY_ENABLED=True style=premium_ironman_full theme=jarvis_blue opacity=0.92)
[2026-05-22T13:39:40.446203+00:00] startup header
  executable=C:\Users\babi2\AppData\Local\Programs\Python\Python313\python.exe
  version=3.13.0
  cwd=C:\J.A.R.V.I.S\local_jarvis
  env=yes
  mode=tray+wakeword+speak
[2026-05-22T13:42:30.995176+00:00] startup header
  executable=C:\Users\babi2\AppData\Local\Programs\Python\Python313\python.exe
  version=3.13.0
  cwd=C:\J.A.R.V.I.S\local_jarvis
  env=yes
  mode=tray+wakeword+speak
[2026-05-22T13:42:30.996362+00:00] startup
  mode=tray
  wake=True
  voice=True
  speak=True
  python=C:\Users\babi2\AppData\Local\Programs\Python\Python313\python.exe
[2026-05-22T13:42:30.998562+00:00] background quiet mode: tray only (no console HUD)
[2026-05-22T13:42:30.999422+00:00] tray: entering main loop
[2026-05-22T13:42:31.000546+00:00] tray: main loop ended
[2026-05-22T13:42:31.005717+00:00] watchdog started
[2026-05-22T13:42:31.007130+00:00] tray icon run() starting
[2026-05-22T13:42:31.008330+00:00] tray run() ended
[2026-05-22T13:42:31.015719+00:00] watchdog started
[2026-05-22T13:42:31.017041+00:00] tray icon run() starting
[2026-05-22T13:42:31.018165+00:00] tray run() ended
[2026-05-22T13:42:31.020665+00:00] startup header
  executable=C:\Users\babi2\AppData\Local\Programs\Python\Python313\python.exe
  version=3.13.0
  cwd=C:\J.A.R.V.I.S\local_jarvis
  env=yes
  mode=smoke
[2026-05-22T13:42:31.023379+00:00] startup header
  executable=C:\Users\babi2\AppData\Local\Programs\Python\Python313\python.exe
  version=3.13.0
  cwd=C:\J.A.R.V.I.S\local_jarvis
  env=yes
  mode=tray+wakeword(env)+debug-startup
[2026-05-22T13:42:31.025298+00:00] startup header
  executable=C:\Users\babi2\AppData\Local\Programs\Python\Python313\python.exe
  version=3.13.0
  cwd=C:\J.A.R.V.I.S\local_jarvis
  env=yes
  mode=tray+wakeword(env)+debug-startup
[2026-05-22T13:42:31.026270+00:00] startup
  mode=tray
  wake=True
  voice=True
  speak=False
  python=C:\Users\babi2\AppData\Local\Programs\Python\Python313\python.exe
[2026-05-22T13:42:31.028030+00:00] background quiet mode: tray only (no console HUD)
[2026-05-22T13:42:31.029732+00:00] tray: entering main loop
[2026-05-22T13:42:31.035156+00:00] tray: main loop ended
[2026-05-22T16:24:12.055321+00:00] smoke test begin
[2026-05-22T16:24:12.057781+00:00] smoke test PASS
  .env file=PASS (ok)
  config loaded=PASS (ok)
  pystray import=PASS (ok)
  Pillow import=PASS (ok)
  PySide6 import=PASS (ok)
  openwakeword import=PASS (ok)
  onnxruntime import=PASS (ok)
  sounddevice import=PASS (ok)
  pyttsx3 import=PASS (ok)
  wake word model file=PASS (C:\Users\babi2\AppData\Local\Programs\Python\Python313\Lib\site-packages\openwakeword\resources\models\hey_jarvis_v0.1.onnx)
  microphone query=PASS (17 input device(s))
  overlay config=PASS (OVERLAY_ENABLED=True style=premium_ironman_full theme=jarvis_blue opacity=0.92)
[2026-05-22T16:24:12.061702+00:00] startup header
  executable=C:\Users\babi2\AppData\Local\Programs\Python\Python313\python.exe
  version=3.13.0
  cwd=C:\J.A.R.V.I.S\local_jarvis
  env=yes
  mode=tray+wakeword+speak
[2026-05-22T16:24:14.357838+00:00] startup header
  executable=C:\Users\babi2\AppData\Local\Programs\Python\Python313\python.exe
  version=3.13.0
  cwd=C:\J.A.R.V.I.S\local_jarvis
  env=yes
  mode=tray+wakeword+speak
[2026-05-22T16:24:14.358983+00:00] startup
  mode=tray
  wake=True
  voice=True
  speak=True
  python=C:\Users\babi2\AppData\Local\Programs\Python\Python313\python.exe
[2026-05-22T16:24:14.360783+00:00] background quiet mode: tray only (no console HUD)
[2026-05-22T16:24:14.361610+00:00] tray: entering main loop
[2026-05-22T16:24:14.362734+00:00] tray: main loop ended
[2026-05-22T16:24:14.367399+00:00] watchdog started
[2026-05-22T16:24:14.368825+00:00] tray icon run() starting
[2026-05-22T16:24:14.369970+00:00] tray run() ended
[2026-05-22T16:24:14.377187+00:00] watchdog started
[2026-05-22T16:24:14.378514+00:00] tray icon run() starting
[2026-05-22T16:24:14.379627+00:00] tray run() ended
[2026-05-22T16:24:14.382617+00:00] startup header
  executable=C:\Users\babi2\AppData\Local\Programs\Python\Python313\python.exe
  version=3.13.0
  cwd=C:\J.A.R.V.I.S\local_jarvis
  env=yes
  mode=smoke
[2026-05-22T16:24:14.386252+00:00] startup header
  executable=C:\Users\babi2\AppData\Local\Programs\Python\Python313\python.exe
  version=3.13.0
  cwd=C:\J.A.R.V.I.S\local_jarvis
  env=yes
  mode=tray+wakeword(env)+debug-startup
[2026-05-22T16:24:14.387928+00:00] startup header
  executable=C:\Users\babi2\AppData\Local\Programs\Python\Python313\python.exe
  version=3.13.0
  cwd=C:\J.A.R.V.I.S\local_jarvis
  env=yes
  mode=tray+wakeword(env)+debug-startup
[2026-05-22T16:24:14.389025+00:00] startup
  mode=tray
  wake=True
  voice=True
  speak=False
  python=C:\Users\babi2\AppData\Local\Programs\Python\Python313\python.exe
[2026-05-22T16:24:14.390767+00:00] background quiet mode: tray only (no console HUD)
[2026-05-22T16:24:14.392447+00:00] tray: entering main loop
[2026-05-22T16:24:14.397973+00:00] tray: main loop ended
[2026-05-22T17:05:18.678995+00:00] smoke test begin
[2026-05-22T17:05:18.681515+00:00] smoke test PASS
  .env file=PASS (ok)
  config loaded=PASS (ok)
  pystray import=PASS (ok)
  Pillow import=PASS (ok)
  PySide6 import=PASS (ok)
  openwakeword import=PASS (ok)
  onnxruntime import=PASS (ok)
  sounddevice import=PASS (ok)
  pyttsx3 import=PASS (ok)
  wake word model file=PASS (C:\Users\babi2\AppData\Local\Programs\Python\Python313\Lib\site-packages\openwakeword\resources\models\hey_jarvis_v0.1.onnx)
  microphone query=PASS (17 input device(s))
  overlay config=PASS (OVERLAY_ENABLED=True style=premium_ironman_full theme=jarvis_blue opacity=0.92)
[2026-05-22T17:05:18.685796+00:00] startup header
  executable=C:\Users\babi2\AppData\Local\Programs\Python\Python313\python.exe
  version=3.13.0
  cwd=C:\J.A.R.V.I.S\local_jarvis
  env=yes
  mode=tray+wakeword+speak
[2026-05-22T17:08:09.225821+00:00] startup header
  executable=C:\Users\babi2\AppData\Local\Programs\Python\Python313\python.exe
  version=3.13.0
  cwd=C:\J.A.R.V.I.S\local_jarvis
  env=yes
  mode=tray+wakeword+speak
[2026-05-22T17:08:09.226991+00:00] startup
  mode=tray
  wake=True
  voice=True
  speak=True
  python=C:\Users\babi2\AppData\Local\Programs\Python\Python313\python.exe
[2026-05-22T17:08:09.228724+00:00] background quiet mode: tray only (no console HUD)
[2026-05-22T17:08:09.229547+00:00] tray: entering main loop
[2026-05-22T17:08:09.230716+00:00] tray: main loop ended
[2026-05-22T17:08:09.239023+00:00] watchdog started
[2026-05-22T17:08:09.240795+00:00] tray icon run() starting
[2026-05-22T17:08:09.241972+00:00] tray run() ended
[2026-05-22T17:08:09.249308+00:00] watchdog started
[2026-05-22T17:08:09.250708+00:00] tray icon run() starting
[2026-05-22T17:08:09.251871+00:00] tray run() ended
[2026-05-22T17:08:09.254788+00:00] startup header
  executable=C:\Users\babi2\AppData\Local\Programs\Python\Python313\python.exe
  version=3.13.0
  cwd=C:\J.A.R.V.I.S\local_jarvis
  env=yes
  mode=smoke
[2026-05-22T17:08:09.258675+00:00] startup header
  executable=C:\Users\babi2\AppData\Local\Programs\Python\Python313\python.exe
  version=3.13.0
  cwd=C:\J.A.R.V.I.S\local_jarvis
  env=yes
  mode=tray+wakeword(env)+debug-startup
[2026-05-22T17:08:09.260464+00:00] startup header
  executable=C:\Users\babi2\AppData\Local\Programs\Python\Python313\python.exe
  version=3.13.0
  cwd=C:\J.A.R.V.I.S\local_jarvis
  env=yes
  mode=tray+wakeword(env)+debug-startup
[2026-05-22T17:08:09.261468+00:00] startup
  mode=tray
  wake=True
  voice=True
  speak=False
  python=C:\Users\babi2\AppData\Local\Programs\Python\Python313\python.exe
[2026-05-22T17:08:09.263230+00:00] background quiet mode: tray only (no console HUD)
[2026-05-22T17:08:09.264892+00:00] tray: entering main loop
[2026-05-22T17:08:09.270413+00:00] tray: main loop ended
[2026-05-22T17:11:44.762013+00:00] smoke test begin
[2026-05-22T17:11:44.763979+00:00] smoke test PASS
  .env file=PASS (ok)
  config loaded=PASS (ok)
  pystray import=PASS (ok)
  Pillow import=PASS (ok)
  PySide6 import=PASS (ok)
  openwakeword import=PASS (ok)
  onnxruntime import=PASS (ok)
  sounddevice import=PASS (ok)
  pyttsx3 import=PASS (ok)
  wake word model file=PASS (C:\Users\babi2\AppData\Local\Programs\Python\Python313\Lib\site-packages\openwakeword\resources\models\hey_jarvis_v0.1.onnx)
  microphone query=PASS (17 input device(s))
  overlay config=PASS (OVERLAY_ENABLED=True style=premium_ironman_full theme=jarvis_blue opacity=0.92)
[2026-05-22T17:11:44.767712+00:00] startup header
  executable=C:\Users\babi2\AppData\Local\Programs\Python\Python313\python.exe
  version=3.13.0
  cwd=C:\J.A.R.V.I.S\local_jarvis
  env=yes
  mode=tray+wakeword+speak
[2026-05-22T17:14:35.412514+00:00] startup header
  executable=C:\Users\babi2\AppData\Local\Programs\Python\Python313\python.exe
  version=3.13.0
  cwd=C:\J.A.R.V.I.S\local_jarvis
  env=yes
  mode=tray+wakeword+speak
[2026-05-22T17:14:35.413657+00:00] startup
  mode=tray
  wake=True
  voice=True
  speak=True
  python=C:\Users\babi2\AppData\Local\Programs\Python\Python313\python.exe
[2026-05-22T17:14:35.415561+00:00] background quiet mode: tray only (no console HUD)
[2026-05-22T17:14:35.416373+00:00] tray: entering main loop
[2026-05-22T17:14:35.417488+00:00] tray: main loop ended
[2026-05-22T17:14:35.422782+00:00] watchdog started
[2026-05-22T17:14:35.424358+00:00] tray icon run() starting
[2026-05-22T17:14:35.425569+00:00] tray run() ended
[2026-05-22T17:14:35.432780+00:00] watchdog started
[2026-05-22T17:14:35.434064+00:00] tray icon run() starting
[2026-05-22T17:14:35.435230+00:00] tray run() ended
[2026-05-22T17:14:35.438321+00:00] startup header
  executable=C:\Users\babi2\AppData\Local\Programs\Python\Python313\python.exe
  version=3.13.0
  cwd=C:\J.A.R.V.I.S\local_jarvis
  env=yes
  mode=smoke
[2026-05-22T17:14:35.442162+00:00] startup header
  executable=C:\Users\babi2\AppData\Local\Programs\Python\Python313\python.exe
  version=3.13.0
  cwd=C:\J.A.R.V.I.S\local_jarvis
  env=yes
  mode=tray+wakeword(env)+debug-startup
[2026-05-22T17:14:35.443914+00:00] startup header
  executable=C:\Users\babi2\AppData\Local\Programs\Python\Python313\python.exe
  version=3.13.0
  cwd=C:\J.A.R.V.I.S\local_jarvis
  env=yes
  mode=tray+wakeword(env)+debug-startup
[2026-05-22T17:14:35.444882+00:00] startup
  mode=tray
  wake=True
  voice=True
  speak=False
  python=C:\Users\babi2\AppData\Local\Programs\Python\Python313\python.exe
[2026-05-22T17:14:35.446619+00:00] background quiet mode: tray only (no console HUD)
[2026-05-22T17:14:35.448277+00:00] tray: entering main loop
[2026-05-22T17:14:35.454049+00:00] tray: main loop ended
[2026-05-22T17:32:23.226510+00:00] startup header
  executable=C:\Users\babi2\AppData\Local\Programs\Python\Python313\python.exe
  version=3.13.0
  cwd=C:\J.A.R.V.I.S\local_jarvis
  env=yes
  mode=tray+voice+wakeword+speak
[2026-05-22T17:32:23.319768+00:00] import pystray: ok
[2026-05-22T17:32:23.322060+00:00] import Pillow: ok
[2026-05-22T17:32:25.049289+00:00] import openwakeword: ok
[2026-05-22T17:32:25.050110+00:00] import onnxruntime: ok
[2026-05-22T17:32:25.239276+00:00] import sounddevice: ok
[2026-05-22T17:32:25.242473+00:00] import pyttsx3: ok
[2026-05-22T17:32:25.284702+00:00] import PySide6: ok
[2026-05-22T17:32:30.413726+00:00] startup header
  executable=C:\Users\babi2\AppData\Local\Programs\Python\Python313\python.exe
  version=3.13.0
  cwd=C:\J.A.R.V.I.S\local_jarvis
  env=yes
  mode=tray+voice+wakeword+speak
[2026-05-22T17:32:30.493992+00:00] import pystray: ok
[2026-05-22T17:32:30.496374+00:00] import Pillow: ok
[2026-05-22T17:32:32.050904+00:00] import openwakeword: ok
[2026-05-22T17:32:32.051806+00:00] import onnxruntime: ok
[2026-05-22T17:32:32.193600+00:00] import sounddevice: ok
[2026-05-22T17:32:32.196514+00:00] import pyttsx3: ok
[2026-05-22T17:32:32.237656+00:00] import PySide6: ok
[2026-05-22T17:32:47.294018+00:00] startup header
  executable=C:\Users\babi2\AppData\Local\Programs\Python\Python313\python.exe
  version=3.13.0
  cwd=C:\J.A.R.V.I.S\local_jarvis
  env=yes
  mode=tray+voice+wakeword+speak
[2026-05-22T17:32:47.375587+00:00] import pystray: ok
[2026-05-22T17:32:47.377984+00:00] import Pillow: ok
[2026-05-22T17:32:48.992108+00:00] import openwakeword: ok
[2026-05-22T17:32:49.007235+00:00] import onnxruntime: ok
[2026-05-22T17:32:49.193283+00:00] import sounddevice: ok
[2026-05-22T17:32:49.196256+00:00] import pyttsx3: ok
[2026-05-22T17:32:49.237899+00:00] import PySide6: ok
[2026-05-22T17:33:30.522301+00:00] startup header
  executable=C:\Users\babi2\AppData\Local\Programs\Python\Python313\python.exe
  version=3.13.0
  cwd=C:\J.A.R.V.I.S\local_jarvis
  env=yes
  mode=tray+voice+wakeword+speak
[2026-05-22T17:33:30.604687+00:00] import pystray: ok
[2026-05-22T17:33:30.606906+00:00] import Pillow: ok
[2026-05-22T17:33:32.147867+00:00] import openwakeword: ok
[2026-05-22T17:33:32.148774+00:00] import onnxruntime: ok
[2026-05-22T17:33:32.340624+00:00] import sounddevice: ok
[2026-05-22T17:33:32.343426+00:00] import pyttsx3: ok
[2026-05-22T17:33:32.385622+00:00] import PySide6: ok
[2026-05-22T17:35:16.407597+00:00] startup header
  executable=C:\Users\babi2\AppData\Local\Programs\Python\Python313\python.exe
  version=3.13.0
  cwd=C:\J.A.R.V.I.S\local_jarvis
  env=yes
  mode=tray+voice+wakeword+speak
[2026-05-22T17:35:16.408999+00:00] startup
  mode=tray
  wake=True
  voice=True
  speak=True
  python=C:\Users\babi2\AppData\Local\Programs\Python\Python313\python.exe
[2026-05-22T17:35:16.415822+00:00] background quiet mode: tray only (no console HUD)
[2026-05-22T17:35:16.416810+00:00] tray: entering main loop
[2026-05-22T17:35:16.519650+00:00] watchdog started
[2026-05-22T17:35:16.589549+00:00] tray icon run() starting
[2026-05-22T17:35:22.927924+00:00] startup header
  executable=C:\Users\babi2\AppData\Local\Programs\Python\Python313\python.exe
  version=3.13.0
  cwd=C:\J.A.R.V.I.S\local_jarvis
  env=yes
  mode=tray+voice+wakeword+speak
[2026-05-22T17:35:22.929711+00:00] startup
  mode=tray
  wake=True
  voice=True
  speak=True
  python=C:\Users\babi2\AppData\Local\Programs\Python\Python313\python.exe
[2026-05-22T17:35:22.938373+00:00] background quiet mode: tray only (no console HUD)
[2026-05-22T17:35:22.939509+00:00] tray: entering main loop
[2026-05-22T17:35:22.993098+00:00] watchdog started
[2026-05-22T17:35:23.009228+00:00] tray icon run() starting
[2026-05-22T17:35:40.487901+00:00] startup header
  executable=C:\Users\babi2\AppData\Local\Programs\Python\Python313\python.exe
  version=3.13.0
  cwd=C:\J.A.R.V.I.S\local_jarvis
  env=yes
  mode=tray+voice+wakeword+speak
[2026-05-22T17:35:40.489795+00:00] startup
  mode=tray
  wake=True
  voice=True
  speak=True
  python=C:\Users\babi2\AppData\Local\Programs\Python\Python313\python.exe
[2026-05-22T17:35:40.497340+00:00] background quiet mode: tray only (no console HUD)
[2026-05-22T17:35:40.498522+00:00] tray: entering main loop
[2026-05-22T17:35:40.552790+00:00] watchdog started
[2026-05-22T17:35:40.569488+00:00] tray icon run() starting
[2026-05-22T17:36:23.376160+00:00] startup header
  executable=C:\Users\babi2\AppData\Local\Programs\Python\Python313\python.exe
  version=3.13.0
  cwd=C:\J.A.R.V.I.S\local_jarvis
  env=yes
  mode=tray+voice+wakeword+speak
[2026-05-22T17:36:23.377703+00:00] startup
  mode=tray
  wake=True
  voice=True
  speak=True
  python=C:\Users\babi2\AppData\Local\Programs\Python\Python313\python.exe
[2026-05-22T17:36:23.385913+00:00] background quiet mode: tray only (no console HUD)
[2026-05-22T17:36:23.387110+00:00] tray: entering main loop
[2026-05-22T17:36:23.440319+00:00] watchdog started
[2026-05-22T17:36:23.453436+00:00] tray icon run() starting
[2026-05-22T17:40:52.105676+00:00] startup header
  executable=C:\Users\babi2\AppData\Local\Programs\Python\Python313\python.exe
  version=3.13.0
  cwd=C:\J.A.R.V.I.S\local_jarvis
  env=yes
  mode=tray+voice+wakeword+speak
[2026-05-22T17:40:52.188430+00:00] import pystray: ok
[2026-05-22T17:40:52.190786+00:00] import Pillow: ok
[2026-05-22T17:40:53.857015+00:00] import openwakeword: ok
[2026-05-22T17:40:53.857877+00:00] import onnxruntime: ok
[2026-05-22T17:40:54.045784+00:00] import sounddevice: ok
[2026-05-22T17:40:54.048776+00:00] import pyttsx3: ok
[2026-05-22T17:40:54.091339+00:00] import PySide6: ok
[2026-05-22T17:40:56.636406+00:00] startup header
  executable=C:\Users\babi2\AppData\Local\Programs\Python\Python313\python.exe
  version=3.13.0
  cwd=C:\J.A.R.V.I.S\local_jarvis
  env=yes
  mode=tray+voice+wakeword+speak
[2026-05-22T17:40:56.637692+00:00] startup
  mode=tray
  wake=True
  voice=True
  speak=True
  python=C:\Users\babi2\AppData\Local\Programs\Python\Python313\python.exe
[2026-05-22T17:40:56.644374+00:00] background quiet mode: tray only (no console HUD)
[2026-05-22T17:40:56.645382+00:00] tray: entering main loop
[2026-05-22T17:40:56.703128+00:00] watchdog started
[2026-05-22T17:40:56.705055+00:00] tray icon run() starting
[2026-05-22T17:45:15.304268+00:00] smoke test begin
[2026-05-22T17:45:15.306306+00:00] smoke test PASS
  .env file=PASS (ok)
  config loaded=PASS (ok)
  pystray import=PASS (ok)
  Pillow import=PASS (ok)
  PySide6 import=PASS (ok)
  openwakeword import=PASS (ok)
  onnxruntime import=PASS (ok)
  sounddevice import=PASS (ok)
  pyttsx3 import=PASS (ok)
  wake word model file=PASS (C:\Users\babi2\AppData\Local\Programs\Python\Python313\Lib\site-packages\openwakeword\resources\models\hey_jarvis_v0.1.onnx)
  microphone query=PASS (17 input device(s))
  overlay config=PASS (OVERLAY_ENABLED=True style=premium_ironman_full theme=jarvis_blue opacity=0.92)
[2026-05-22T17:45:15.309254+00:00] startup header
  executable=C:\Users\babi2\AppData\Local\Programs\Python\Python313\python.exe
  version=3.13.0
  cwd=C:\J.A.R.V.I.S\local_jarvis
  env=yes
  mode=tray+wakeword+speak
[2026-05-22T17:45:20.198943+00:00] startup header
  executable=C:\Users\babi2\AppData\Local\Programs\Python\Python313\python.exe
  version=3.13.0
  cwd=C:\J.A.R.V.I.S\local_jarvis
  env=yes
  mode=tray+wakeword+speak
[2026-05-22T17:45:20.200119+00:00] startup
  mode=tray
  wake=True
  voice=True
  speak=True
  python=C:\Users\babi2\AppData\Local\Programs\Python\Python313\python.exe
[2026-05-22T17:45:20.201919+00:00] background quiet mode: tray only (no console HUD)
[2026-05-22T17:45:20.202726+00:00] tray: entering main loop
[2026-05-22T17:45:20.203839+00:00] tray: main loop ended
[2026-05-22T17:45:20.209141+00:00] watchdog started
[2026-05-22T17:45:20.210628+00:00] tray icon run() starting
[2026-05-22T17:45:20.211846+00:00] tray run() ended
[2026-05-22T17:45:20.219051+00:00] watchdog started
[2026-05-22T17:45:20.220255+00:00] tray icon run() starting
[2026-05-22T17:45:20.221123+00:00] tray run() ended
[2026-05-22T17:45:20.223257+00:00] startup header
  executable=C:\Users\babi2\AppData\Local\Programs\Python\Python313\python.exe
  version=3.13.0
  cwd=C:\J.A.R.V.I.S\local_jarvis
  env=yes
  mode=smoke
[2026-05-22T17:45:20.225915+00:00] startup header
  executable=C:\Users\babi2\AppData\Local\Programs\Python\Python313\python.exe
  version=3.13.0
  cwd=C:\J.A.R.V.I.S\local_jarvis
  env=yes
  mode=tray+wakeword(env)+debug-startup
[2026-05-22T17:45:20.227465+00:00] startup header
  executable=C:\Users\babi2\AppData\Local\Programs\Python\Python313\python.exe
  version=3.13.0
  cwd=C:\J.A.R.V.I.S\local_jarvis
  env=yes
  mode=tray+wakeword(env)+debug-startup
[2026-05-22T17:45:20.228168+00:00] startup
  mode=tray
  wake=True
  voice=True
  speak=False
  python=C:\Users\babi2\AppData\Local\Programs\Python\Python313\python.exe
[2026-05-22T17:45:20.229820+00:00] background quiet mode: tray only (no console HUD)
[2026-05-22T17:45:20.231532+00:00] tray: entering main loop
[2026-05-22T17:45:20.237039+00:00] tray: main loop ended
[2026-05-22T17:45:21.102828+00:00] startup header
  executable=C:\Users\babi2\AppData\Local\Programs\Python\Python313\python.exe
  version=3.13.0
  cwd=C:\J.A.R.V.I.S\local_jarvis
  env=yes
  mode=tray+voice+wakeword+speak
[2026-05-22T17:45:21.200704+00:00] import pystray: ok
[2026-05-22T17:45:21.203786+00:00] import Pillow: ok
[2026-05-22T17:45:22.929203+00:00] import openwakeword: ok
[2026-05-22T17:45:22.930104+00:00] import onnxruntime: ok
[2026-05-22T17:45:23.126092+00:00] import sounddevice: ok
[2026-05-22T17:45:23.129075+00:00] import pyttsx3: ok
[2026-05-22T17:45:23.171788+00:00] import PySide6: ok
[2026-05-22T17:45:25.322980+00:00] startup header
  executable=C:\Users\babi2\AppData\Local\Programs\Python\Python313\python.exe
  version=3.13.0
  cwd=C:\J.A.R.V.I.S\local_jarvis
  env=yes
  mode=tray+voice+wakeword+speak
[2026-05-22T17:45:25.419169+00:00] import pystray: ok
[2026-05-22T17:45:25.422105+00:00] import Pillow: ok
[2026-05-22T17:45:27.087677+00:00] import openwakeword: ok
[2026-05-22T17:45:27.088654+00:00] import onnxruntime: ok
[2026-05-22T17:45:27.233850+00:00] import sounddevice: ok
[2026-05-22T17:45:27.237130+00:00] import pyttsx3: ok
[2026-05-22T17:45:27.283163+00:00] import PySide6: ok
[2026-05-22T17:48:14.151034+00:00] startup header
  executable=C:\Users\babi2\AppData\Local\Programs\Python\Python313\python.exe
  version=3.13.0
  cwd=C:\J.A.R.V.I.S\local_jarvis
  env=yes
  mode=tray+voice+wakeword+speak
[2026-05-22T17:48:14.152412+00:00] startup
  mode=tray
  wake=True
  voice=True
  speak=True
  python=C:\Users\babi2\AppData\Local\Programs\Python\Python313\python.exe
[2026-05-22T17:48:14.159237+00:00] background quiet mode: tray only (no console HUD)
[2026-05-22T17:48:14.160184+00:00] tray: entering main loop
[2026-05-22T17:48:14.207064+00:00] watchdog started
[2026-05-22T17:48:14.221831+00:00] tray icon run() starting
[2026-05-22T17:48:18.068123+00:00] startup header
  executable=C:\Users\babi2\AppData\Local\Programs\Python\Python313\python.exe
  version=3.13.0
  cwd=C:\J.A.R.V.I.S\local_jarvis
  env=yes
  mode=tray+voice+wakeword+speak
[2026-05-22T17:48:18.070032+00:00] startup
  mode=tray
  wake=True
  voice=True
  speak=True
  python=C:\Users\babi2\AppData\Local\Programs\Python\Python313\python.exe
[2026-05-22T17:48:18.077031+00:00] background quiet mode: tray only (no console HUD)
[2026-05-22T17:48:18.078136+00:00] tray: entering main loop
[2026-05-22T17:48:18.143793+00:00] watchdog started
[2026-05-22T17:48:18.146179+00:00] tray icon run() starting
[2026-05-22T17:53:20.621668+00:00] smoke test begin
[2026-05-22T17:53:20.624271+00:00] smoke test PASS
  .env file=PASS (ok)
  config loaded=PASS (ok)
  pystray import=PASS (ok)
  Pillow import=PASS (ok)
  PySide6 import=PASS (ok)
  openwakeword import=PASS (ok)
  onnxruntime import=PASS (ok)
  sounddevice import=PASS (ok)
  pyttsx3 import=PASS (ok)
  wake word model file=PASS (C:\Users\babi2\AppData\Local\Programs\Python\Python313\Lib\site-packages\openwakeword\resources\models\hey_jarvis_v0.1.onnx)
  microphone query=PASS (17 input device(s))
  overlay config=PASS (OVERLAY_ENABLED=True style=premium_ironman_full theme=jarvis_blue opacity=0.92)
[2026-05-22T17:53:20.628018+00:00] startup header
  executable=C:\Users\babi2\AppData\Local\Programs\Python\Python313\python.exe
  version=3.13.0
  cwd=C:\J.A.R.V.I.S\local_jarvis
  env=yes
  mode=tray+wakeword+speak
[2026-05-22T17:53:26.060203+00:00] startup header
  executable=C:\Users\babi2\AppData\Local\Programs\Python\Python313\python.exe
  version=3.13.0
  cwd=C:\J.A.R.V.I.S\local_jarvis
  env=yes
  mode=tray+wakeword+speak
[2026-05-22T17:53:26.061402+00:00] startup
  mode=tray
  wake=True
  voice=True
  speak=True
  python=C:\Users\babi2\AppData\Local\Programs\Python\Python313\python.exe
[2026-05-22T17:53:26.063407+00:00] background quiet mode: tray only (no console HUD)
[2026-05-22T17:53:26.064607+00:00] tray: entering main loop
[2026-05-22T17:53:26.065610+00:00] tray: main loop ended
[2026-05-22T17:53:26.071386+00:00] watchdog started
[2026-05-22T17:53:26.073297+00:00] tray icon run() starting
[2026-05-22T17:53:26.074249+00:00] tray run() ended
[2026-05-22T17:53:26.081350+00:00] watchdog started
[2026-05-22T17:53:26.082860+00:00] tray icon run() starting
[2026-05-22T17:53:26.084046+00:00] tray run() ended
[2026-05-22T17:53:26.088024+00:00] startup header
  executable=C:\Users\babi2\AppData\Local\Programs\Python\Python313\python.exe
  version=3.13.0
  cwd=C:\J.A.R.V.I.S\local_jarvis
  env=yes
  mode=smoke
[2026-05-22T17:53:26.092812+00:00] startup header
  executable=C:\Users\babi2\AppData\Local\Programs\Python\Python313\python.exe
  version=3.13.0
  cwd=C:\J.A.R.V.I.S\local_jarvis
  env=yes
  mode=tray+wakeword(env)+debug-startup
[2026-05-22T17:53:26.094845+00:00] startup header
  executable=C:\Users\babi2\AppData\Local\Programs\Python\Python313\python.exe
  version=3.13.0
  cwd=C:\J.A.R.V.I.S\local_jarvis
  env=yes
  mode=tray+wakeword(env)+debug-startup
[2026-05-22T17:53:26.095844+00:00] startup
  mode=tray
  wake=True
  voice=True
  speak=False
  python=C:\Users\babi2\AppData\Local\Programs\Python\Python313\python.exe
[2026-05-22T17:53:26.098277+00:00] background quiet mode: tray only (no console HUD)
[2026-05-22T17:53:26.100065+00:00] tray: entering main loop
[2026-05-22T17:53:26.106545+00:00] tray: main loop ended
[2026-05-22T17:53:28.153979+00:00] startup header
  executable=C:\Users\babi2\AppData\Local\Programs\Python\Python313\python.exe
  version=3.13.0
  cwd=C:\J.A.R.V.I.S\local_jarvis
  env=yes
  mode=text(default)+wakeword(env)
[2026-05-22T17:53:28.239641+00:00] import pystray: ok
[2026-05-22T17:53:28.242619+00:00] import Pillow: ok
[2026-05-22T17:53:29.991211+00:00] import openwakeword: ok
[2026-05-22T17:53:29.992193+00:00] import onnxruntime: ok
[2026-05-22T17:53:30.199294+00:00] import sounddevice: ok
[2026-05-22T17:53:30.202238+00:00] import pyttsx3: ok
[2026-05-22T17:53:30.246711+00:00] import PySide6: ok
[2026-05-22T17:56:24.259102+00:00] startup header
  executable=C:\Users\babi2\AppData\Local\Programs\Python\Python313\python.exe
  version=3.13.0
  cwd=C:\J.A.R.V.I.S\local_jarvis
  env=yes
  mode=text(default)+wakeword(env)
[2026-05-22T17:56:24.260342+00:00] startup
  mode=other
  wake=True
  voice=True
  speak=True
  python=C:\Users\babi2\AppData\Local\Programs\Python\Python313\python.exe
[2026-05-22T17:56:24.267321+00:00] wakeword-only: detector starting
[2026-05-22T17:56:24.270355+00:00] wakeword-only: keepalive loop
[2026-05-22T17:58:26.021654+00:00] smoke test begin
[2026-05-22T17:58:26.023827+00:00] smoke test PASS
  .env file=PASS (ok)
  config loaded=PASS (ok)
  pystray import=PASS (ok)
  Pillow import=PASS (ok)
  PySide6 import=PASS (ok)
  openwakeword import=PASS (ok)
  onnxruntime import=PASS (ok)
  sounddevice import=PASS (ok)
  pyttsx3 import=PASS (ok)
  wake word model file=PASS (C:\Users\babi2\AppData\Local\Programs\Python\Python313\Lib\site-packages\openwakeword\resources\models\hey_jarvis_v0.1.onnx)
  microphone query=PASS (17 input device(s))
  overlay config=PASS (OVERLAY_ENABLED=True style=premium_ironman_full theme=jarvis_blue opacity=0.92)
[2026-05-22T17:58:26.026554+00:00] startup header
  executable=C:\Users\babi2\AppData\Local\Programs\Python\Python313\python.exe
  version=3.13.0
  cwd=C:\J.A.R.V.I.S\local_jarvis
  env=yes
  mode=tray+wakeword+speak
[2026-05-22T18:01:16.662193+00:00] startup header
  executable=C:\Users\babi2\AppData\Local\Programs\Python\Python313\python.exe
  version=3.13.0
  cwd=C:\J.A.R.V.I.S\local_jarvis
  env=yes
  mode=tray+wakeword+speak
[2026-05-22T18:01:16.663490+00:00] startup
  mode=tray
  wake=True
  voice=True
  speak=True
  python=C:\Users\babi2\AppData\Local\Programs\Python\Python313\python.exe
[2026-05-22T18:01:16.665563+00:00] background quiet mode: tray only (no console HUD)
[2026-05-22T18:01:16.666413+00:00] tray: entering main loop
[2026-05-22T18:01:16.667649+00:00] tray: main loop ended
[2026-05-22T18:01:16.673503+00:00] watchdog started
[2026-05-22T18:01:16.675202+00:00] tray icon run() starting
[2026-05-22T18:01:16.676533+00:00] tray run() ended
[2026-05-22T18:01:16.684194+00:00] watchdog started
[2026-05-22T18:01:16.685675+00:00] tray icon run() starting
[2026-05-22T18:01:16.686806+00:00] tray run() ended
[2026-05-22T18:01:16.690271+00:00] startup header
  executable=C:\Users\babi2\AppData\Local\Programs\Python\Python313\python.exe
  version=3.13.0
  cwd=C:\J.A.R.V.I.S\local_jarvis
  env=yes
  mode=smoke
[2026-05-22T18:01:16.694107+00:00] startup header
  executable=C:\Users\babi2\AppData\Local\Programs\Python\Python313\python.exe
  version=3.13.0
  cwd=C:\J.A.R.V.I.S\local_jarvis
  env=yes
  mode=tray+wakeword(env)+debug-startup
[2026-05-22T18:01:16.695959+00:00] startup header
  executable=C:\Users\babi2\AppData\Local\Programs\Python\Python313\python.exe
  version=3.13.0
  cwd=C:\J.A.R.V.I.S\local_jarvis
  env=yes
  mode=tray+wakeword(env)+debug-startup
[2026-05-22T18:01:16.696955+00:00] startup
  mode=tray
  wake=True
  voice=True
  speak=False
  python=C:\Users\babi2\AppData\Local\Programs\Python\Python313\python.exe
[2026-05-22T18:01:16.698819+00:00] background quiet mode: tray only (no console HUD)
[2026-05-22T18:01:16.700607+00:00] tray: entering main loop
[2026-05-22T18:01:16.706451+00:00] tray: main loop ended
[2026-05-22T18:03:21.263342+00:00] smoke test begin
[2026-05-22T18:03:21.265079+00:00] smoke test PASS
  .env file=PASS (ok)
  config loaded=PASS (ok)
  pystray import=PASS (ok)
  Pillow import=PASS (ok)
  PySide6 import=PASS (ok)
  openwakeword import=PASS (ok)
  onnxruntime import=PASS (ok)
  sounddevice import=PASS (ok)
  pyttsx3 import=PASS (ok)
  wake word model file=PASS (C:\Users\babi2\AppData\Local\Programs\Python\Python313\Lib\site-packages\openwakeword\resources\models\hey_jarvis_v0.1.onnx)
  microphone query=PASS (17 input device(s))
  overlay config=PASS (OVERLAY_ENABLED=True style=premium_ironman_full theme=jarvis_blue opacity=0.92)
[2026-05-22T18:03:21.268569+00:00] startup header
  executable=C:\Users\babi2\AppData\Local\Programs\Python\Python313\python.exe
  version=3.13.0
  cwd=C:\J.A.R.V.I.S\local_jarvis
  env=yes
  mode=tray+wakeword+speak
[2026-05-22T18:03:26.701810+00:00] startup header
  executable=C:\Users\babi2\AppData\Local\Programs\Python\Python313\python.exe
  version=3.13.0
  cwd=C:\J.A.R.V.I.S\local_jarvis
  env=yes
  mode=tray+wakeword+speak
[2026-05-22T18:03:26.703123+00:00] startup
  mode=tray
  wake=True
  voice=True
  speak=True
  python=C:\Users\babi2\AppData\Local\Programs\Python\Python313\python.exe
[2026-05-22T18:03:26.705603+00:00] background quiet mode: tray only (no console HUD)
[2026-05-22T18:03:26.706322+00:00] tray: entering main loop
[2026-05-22T18:03:26.707312+00:00] tray: main loop ended
[2026-05-22T18:03:26.713275+00:00] watchdog started
[2026-05-22T18:03:26.714922+00:00] tray icon run() starting
[2026-05-22T18:03:26.716552+00:00] tray run() ended
[2026-05-22T18:03:26.725366+00:00] watchdog started
[2026-05-22T18:03:26.727158+00:00] tray icon run() starting
[2026-05-22T18:03:26.728573+00:00] tray run() ended
[2026-05-22T18:03:26.731503+00:00] startup header
  executable=C:\Users\babi2\AppData\Local\Programs\Python\Python313\python.exe
  version=3.13.0
  cwd=C:\J.A.R.V.I.S\local_jarvis
  env=yes
  mode=smoke
[2026-05-22T18:03:26.736117+00:00] startup header
  executable=C:\Users\babi2\AppData\Local\Programs\Python\Python313\python.exe
  version=3.13.0
  cwd=C:\J.A.R.V.I.S\local_jarvis
  env=yes
  mode=tray+wakeword(env)+debug-startup
[2026-05-22T18:03:26.738335+00:00] startup header
  executable=C:\Users\babi2\AppData\Local\Programs\Python\Python313\python.exe
  version=3.13.0
  cwd=C:\J.A.R.V.I.S\local_jarvis
  env=yes
  mode=tray+wakeword(env)+debug-startup
[2026-05-22T18:03:26.739680+00:00] startup
  mode=tray
  wake=True
  voice=True
  speak=False
  python=C:\Users\babi2\AppData\Local\Programs\Python\Python313\python.exe
[2026-05-22T18:03:26.741917+00:00] background quiet mode: tray only (no console HUD)
[2026-05-22T18:03:26.743834+00:00] tray: entering main loop
[2026-05-22T18:03:26.750931+00:00] tray: main loop ended
[2026-05-22T18:08:09.643540+00:00] smoke test begin
[2026-05-22T18:08:09.645730+00:00] smoke test PASS
  .env file=PASS (ok)
  config loaded=PASS (ok)
  pystray import=PASS (ok)
  Pillow import=PASS (ok)
  PySide6 import=PASS (ok)
  openwakeword import=PASS (ok)
  onnxruntime import=PASS (ok)
  sounddevice import=PASS (ok)
  pyttsx3 import=PASS (ok)
  wake word model file=PASS (C:\Users\babi2\AppData\Local\Programs\Python\Python313\Lib\site-packages\openwakeword\resources\models\hey_jarvis_v0.1.onnx)
  microphone query=PASS (17 input device(s))
  overlay config=PASS (OVERLAY_ENABLED=True style=premium_ironman_full theme=jarvis_blue opacity=0.92)
[2026-05-22T18:08:09.649205+00:00] startup header
  executable=C:\Users\babi2\AppData\Local\Programs\Python\Python313\python.exe
  version=3.13.0
  cwd=C:\J.A.R.V.I.S\local_jarvis
  env=yes
  mode=tray+wakeword+speak
[2026-05-22T18:08:15.108935+00:00] startup header
  executable=C:\Users\babi2\AppData\Local\Programs\Python\Python313\python.exe
  version=3.13.0
  cwd=C:\J.A.R.V.I.S\local_jarvis
  env=yes
  mode=tray+wakeword+speak
[2026-05-22T18:08:15.110591+00:00] startup
  mode=tray
  wake=True
  voice=True
  speak=True
  python=C:\Users\babi2\AppData\Local\Programs\Python\Python313\python.exe
[2026-05-22T18:08:15.112938+00:00] background quiet mode: tray only (no console HUD)
[2026-05-22T18:08:15.114207+00:00] tray: entering main loop
[2026-05-22T18:08:15.115753+00:00] tray: main loop ended
[2026-05-22T18:08:15.122517+00:00] watchdog started
[2026-05-22T18:08:15.124581+00:00] tray icon run() starting
[2026-05-22T18:08:15.125941+00:00] tray run() ended
[2026-05-22T18:08:15.134551+00:00] watchdog started
[2026-05-22T18:08:15.136259+00:00] tray icon run() starting
[2026-05-22T18:08:15.137556+00:00] tray run() ended
[2026-05-22T18:08:15.141104+00:00] startup header
  executable=C:\Users\babi2\AppData\Local\Programs\Python\Python313\python.exe
  version=3.13.0
  cwd=C:\J.A.R.V.I.S\local_jarvis
  env=yes
  mode=smoke
[2026-05-22T18:08:15.146131+00:00] startup header
  executable=C:\Users\babi2\AppData\Local\Programs\Python\Python313\python.exe
  version=3.13.0
  cwd=C:\J.A.R.V.I.S\local_jarvis
  env=yes
  mode=tray+wakeword(env)+debug-startup
[2026-05-22T18:08:15.148347+00:00] startup header
  executable=C:\Users\babi2\AppData\Local\Programs\Python\Python313\python.exe
  version=3.13.0
  cwd=C:\J.A.R.V.I.S\local_jarvis
  env=yes
  mode=tray+wakeword(env)+debug-startup
[2026-05-22T18:08:15.149407+00:00] startup
  mode=tray
  wake=True
  voice=True
  speak=False
  python=C:\Users\babi2\AppData\Local\Programs\Python\Python313\python.exe
[2026-05-22T18:08:15.151446+00:00] background quiet mode: tray only (no console HUD)
[2026-05-22T18:08:15.153578+00:00] tray: entering main loop
[2026-05-22T18:08:15.159938+00:00] tray: main loop ended
[2026-05-22T18:13:51.343616+00:00] smoke test begin
[2026-05-22T18:13:51.345472+00:00] smoke test PASS
  .env file=PASS (ok)
  config loaded=PASS (ok)
  pystray import=PASS (ok)
  Pillow import=PASS (ok)
  PySide6 import=PASS (ok)
  openwakeword import=PASS (ok)
  onnxruntime import=PASS (ok)
  sounddevice import=PASS (ok)
  pyttsx3 import=PASS (ok)
  wake word model file=PASS (C:\Users\babi2\AppData\Local\Programs\Python\Python313\Lib\site-packages\openwakeword\resources\models\hey_jarvis_v0.1.onnx)
  microphone query=PASS (17 input device(s))
  overlay config=PASS (OVERLAY_ENABLED=True style=premium_ironman_full theme=jarvis_blue opacity=0.92)
[2026-05-22T18:13:51.348542+00:00] startup header
  executable=C:\Users\babi2\AppData\Local\Programs\Python\Python313\python.exe
  version=3.13.0
  cwd=C:\J.A.R.V.I.S\local_jarvis
  env=yes
  mode=tray+wakeword+speak
[2026-05-22T18:13:56.341488+00:00] startup header
  executable=C:\Users\babi2\AppData\Local\Programs\Python\Python313\python.exe
  version=3.13.0
  cwd=C:\J.A.R.V.I.S\local_jarvis
  env=yes
  mode=tray+wakeword+speak
[2026-05-22T18:13:56.342679+00:00] startup
  mode=tray
  wake=True
  voice=True
  speak=True
  python=C:\Users\babi2\AppData\Local\Programs\Python\Python313\python.exe
[2026-05-22T18:13:56.344533+00:00] background quiet mode: tray only (no console HUD)
[2026-05-22T18:13:56.345345+00:00] tray: entering main loop
[2026-05-22T18:13:56.346464+00:00] tray: main loop ended
[2026-05-22T18:13:56.351745+00:00] watchdog started
[2026-05-22T18:13:56.353332+00:00] tray icon run() starting
[2026-05-22T18:13:56.354535+00:00] tray run() ended
[2026-05-22T18:13:56.361894+00:00] watchdog started
[2026-05-22T18:13:56.363259+00:00] tray icon run() starting
[2026-05-22T18:13:56.364351+00:00] tray run() ended
[2026-05-22T18:13:56.367115+00:00] startup header
  executable=C:\Users\babi2\AppData\Local\Programs\Python\Python313\python.exe
  version=3.13.0
  cwd=C:\J.A.R.V.I.S\local_jarvis
  env=yes
  mode=smoke
[2026-05-22T18:13:56.372779+00:00] startup header
  executable=C:\Users\babi2\AppData\Local\Programs\Python\Python313\python.exe
  version=3.13.0
  cwd=C:\J.A.R.V.I.S\local_jarvis
  env=yes
  mode=tray+wakeword(env)+debug-startup
[2026-05-22T18:13:56.374342+00:00] startup header
  executable=C:\Users\babi2\AppData\Local\Programs\Python\Python313\python.exe
  version=3.13.0
  cwd=C:\J.A.R.V.I.S\local_jarvis
  env=yes
  mode=tray+wakeword(env)+debug-startup
[2026-05-22T18:13:56.375357+00:00] startup
  mode=tray
  wake=True
  voice=True
  speak=False
  python=C:\Users\babi2\AppData\Local\Programs\Python\Python313\python.exe
[2026-05-22T18:13:56.377017+00:00] background quiet mode: tray only (no console HUD)
[2026-05-22T18:13:56.378559+00:00] tray: entering main loop
[2026-05-22T18:13:56.383927+00:00] tray: main loop ended
[2026-05-22T18:16:02.532813+00:00] smoke test begin
[2026-05-22T18:16:02.535019+00:00] smoke test PASS
  .env file=PASS (ok)
  config loaded=PASS (ok)
  pystray import=PASS (ok)
  Pillow import=PASS (ok)
  PySide6 import=PASS (ok)
  openwakeword import=PASS (ok)
  onnxruntime import=PASS (ok)
  sounddevice import=PASS (ok)
  pyttsx3 import=PASS (ok)
  wake word model file=PASS (C:\Users\babi2\AppData\Local\Programs\Python\Python313\Lib\site-packages\openwakeword\resources\models\hey_jarvis_v0.1.onnx)
  microphone query=PASS (17 input device(s))
  overlay config=PASS (OVERLAY_ENABLED=True style=premium_ironman_full theme=jarvis_blue opacity=0.92)
[2026-05-22T18:16:02.538684+00:00] startup header
  executable=C:\Users\babi2\AppData\Local\Programs\Python\Python313\python.exe
  version=3.13.0
  cwd=C:\J.A.R.V.I.S\local_jarvis
  env=yes
  mode=tray+wakeword+speak
[2026-05-22T18:18:52.734646+00:00] startup header
  executable=C:\Users\babi2\AppData\Local\Programs\Python\Python313\python.exe
  version=3.13.0
  cwd=C:\J.A.R.V.I.S\local_jarvis
  env=yes
  mode=tray+wakeword+speak
[2026-05-22T18:18:52.735895+00:00] startup
  mode=tray
  wake=True
  voice=True
  speak=True
  python=C:\Users\babi2\AppData\Local\Programs\Python\Python313\python.exe
[2026-05-22T18:18:52.737639+00:00] background quiet mode: tray only (no console HUD)
[2026-05-22T18:18:52.738613+00:00] tray: entering main loop
[2026-05-22T18:18:52.739905+00:00] tray: main loop ended
[2026-05-22T18:18:52.745514+00:00] watchdog started
[2026-05-22T18:18:52.747251+00:00] tray icon run() starting
[2026-05-22T18:18:52.748550+00:00] tray run() ended
[2026-05-22T18:18:52.756313+00:00] watchdog started
[2026-05-22T18:18:52.757818+00:00] tray icon run() starting
[2026-05-22T18:18:52.759016+00:00] tray run() ended
[2026-05-22T18:18:52.761900+00:00] startup header
  executable=C:\Users\babi2\AppData\Local\Programs\Python\Python313\python.exe
  version=3.13.0
  cwd=C:\J.A.R.V.I.S\local_jarvis
  env=yes
  mode=smoke
[2026-05-22T18:18:52.764549+00:00] startup header
  executable=C:\Users\babi2\AppData\Local\Programs\Python\Python313\python.exe
  version=3.13.0
  cwd=C:\J.A.R.V.I.S\local_jarvis
  env=yes
  mode=tray+wakeword(env)+debug-startup
[2026-05-22T18:18:52.766285+00:00] startup header
  executable=C:\Users\babi2\AppData\Local\Programs\Python\Python313\python.exe
  version=3.13.0
  cwd=C:\J.A.R.V.I.S\local_jarvis
  env=yes
  mode=tray+wakeword(env)+debug-startup
[2026-05-22T18:18:52.767333+00:00] startup
  mode=tray
  wake=True
  voice=True
  speak=False
  python=C:\Users\babi2\AppData\Local\Programs\Python\Python313\python.exe
[2026-05-22T18:18:52.769344+00:00] background quiet mode: tray only (no console HUD)
[2026-05-22T18:18:52.770649+00:00] tray: entering main loop
[2026-05-22T18:18:52.774651+00:00] tray: main loop ended
[2026-05-22T18:25:54.049579+00:00] smoke test begin
[2026-05-22T18:25:54.051945+00:00] smoke test PASS
  .env file=PASS (ok)
  config loaded=PASS (ok)
  pystray import=PASS (ok)
  Pillow import=PASS (ok)
  PySide6 import=PASS (ok)
  openwakeword import=PASS (ok)
  onnxruntime import=PASS (ok)
  sounddevice import=PASS (ok)
  pyttsx3 import=PASS (ok)
  wake word model file=PASS (C:\Users\babi2\AppData\Local\Programs\Python\Python313\Lib\site-packages\openwakeword\resources\models\hey_jarvis_v0.1.onnx)
  microphone query=PASS (17 input device(s))
  overlay config=PASS (OVERLAY_ENABLED=True style=premium_ironman_full theme=jarvis_blue opacity=0.92)
[2026-05-22T18:25:54.055712+00:00] startup header
  executable=C:\Users\babi2\AppData\Local\Programs\Python\Python313\python.exe
  version=3.13.0
  cwd=C:\J.A.R.V.I.S\local_jarvis
  env=yes
  mode=tray+wakeword+speak
[2026-05-22T18:28:44.611579+00:00] startup header
  executable=C:\Users\babi2\AppData\Local\Programs\Python\Python313\python.exe
  version=3.13.0
  cwd=C:\J.A.R.V.I.S\local_jarvis
  env=yes
  mode=tray+wakeword+speak
[2026-05-22T18:28:44.612742+00:00] startup
  mode=tray
  wake=True
  voice=True
  speak=True
  python=C:\Users\babi2\AppData\Local\Programs\Python\Python313\python.exe
[2026-05-22T18:28:44.614611+00:00] background quiet mode: tray only (no console HUD)
[2026-05-22T18:28:44.615474+00:00] tray: entering main loop
[2026-05-22T18:28:44.616764+00:00] tray: main loop ended
[2026-05-22T18:28:44.622450+00:00] watchdog started
[2026-05-22T18:28:44.624063+00:00] tray icon run() starting
[2026-05-22T18:28:44.625294+00:00] tray run() ended
[2026-05-22T18:28:44.635264+00:00] watchdog started
[2026-05-22T18:28:44.636606+00:00] tray icon run() starting
[2026-05-22T18:28:44.637740+00:00] tray run() ended
[2026-05-22T18:28:44.641062+00:00] startup header
  executable=C:\Users\babi2\AppData\Local\Programs\Python\Python313\python.exe
  version=3.13.0
  cwd=C:\J.A.R.V.I.S\local_jarvis
  env=yes
  mode=smoke
[2026-05-22T18:28:44.645104+00:00] startup header
  executable=C:\Users\babi2\AppData\Local\Programs\Python\Python313\python.exe
  version=3.13.0
  cwd=C:\J.A.R.V.I.S\local_jarvis
  env=yes
  mode=tray+wakeword(env)+debug-startup
[2026-05-22T18:28:44.646980+00:00] startup header
  executable=C:\Users\babi2\AppData\Local\Programs\Python\Python313\python.exe
  version=3.13.0
  cwd=C:\J.A.R.V.I.S\local_jarvis
  env=yes
  mode=tray+wakeword(env)+debug-startup
[2026-05-22T18:28:44.648157+00:00] startup
  mode=tray
  wake=True
  voice=True
  speak=False
  python=C:\Users\babi2\AppData\Local\Programs\Python\Python313\python.exe
[2026-05-22T18:28:44.649988+00:00] background quiet mode: tray only (no console HUD)
[2026-05-22T18:28:44.652031+00:00] tray: entering main loop
[2026-05-22T18:28:44.658114+00:00] tray: main loop ended
[2026-05-22T18:34:51.611474+00:00] startup header
  executable=C:\Users\babi2\AppData\Local\Programs\Python\Python313\python.exe
  version=3.13.0
  cwd=C:\J.A.R.V.I.S\local_jarvis
  env=yes
  mode=text(default)+wakeword(env)
[2026-05-22T18:34:51.693129+00:00] import pystray: ok
[2026-05-22T18:34:51.695677+00:00] import Pillow: ok
[2026-05-22T18:34:53.553522+00:00] import openwakeword: ok
[2026-05-22T18:34:53.554409+00:00] import onnxruntime: ok
[2026-05-22T18:34:53.757672+00:00] import sounddevice: ok
[2026-05-22T18:34:53.761032+00:00] import pyttsx3: ok
[2026-05-22T18:34:53.804393+00:00] import PySide6: ok
[2026-05-22T18:34:56.349058+00:00] startup header
  executable=C:\Users\babi2\AppData\Local\Programs\Python\Python313\python.exe
  version=3.13.0
  cwd=C:\J.A.R.V.I.S\local_jarvis
  env=yes
  mode=text(default)+wakeword(env)
[2026-05-22T18:34:56.350175+00:00] startup
  mode=other
  wake=True
  voice=True
  speak=True
  python=C:\Users\babi2\AppData\Local\Programs\Python\Python313\python.exe
[2026-05-22T18:34:56.356532+00:00] wakeword-only: detector starting
[2026-05-22T18:34:56.359529+00:00] wakeword-only: keepalive loop
[2026-05-22T18:46:05.421161+00:00] smoke test begin
[2026-05-22T18:46:05.423677+00:00] smoke test PASS
  .env file=PASS (ok)
  config loaded=PASS (ok)
  pystray import=PASS (ok)
  Pillow import=PASS (ok)
  PySide6 import=PASS (ok)
  openwakeword import=PASS (ok)
  onnxruntime import=PASS (ok)
  sounddevice import=PASS (ok)
  pyttsx3 import=PASS (ok)
  wake word model file=PASS (C:\Users\babi2\AppData\Local\Programs\Python\Python313\Lib\site-packages\openwakeword\resources\models\hey_jarvis_v0.1.onnx)
  microphone query=PASS (17 input device(s))
  overlay config=PASS (OVERLAY_ENABLED=True style=premium_ironman_full theme=jarvis_blue opacity=0.92)
[2026-05-22T18:46:05.427261+00:00] startup header
  executable=C:\Users\babi2\AppData\Local\Programs\Python\Python313\python.exe
  version=3.13.0
  cwd=C:\J.A.R.V.I.S\local_jarvis
  env=yes
  mode=tray+wakeword+speak
[2026-05-22T18:48:56.083299+00:00] startup header
  executable=C:\Users\babi2\AppData\Local\Programs\Python\Python313\python.exe
  version=3.13.0
  cwd=C:\J.A.R.V.I.S\local_jarvis
  env=yes
  mode=tray+wakeword+speak
[2026-05-22T18:48:56.084546+00:00] startup
  mode=tray
  wake=True
  voice=True
  speak=True
  python=C:\Users\babi2\AppData\Local\Programs\Python\Python313\python.exe
[2026-05-22T18:48:56.086433+00:00] background quiet mode: tray only (no console HUD)
[2026-05-22T18:48:56.087429+00:00] tray: entering main loop
[2026-05-22T18:48:56.088763+00:00] tray: main loop ended
[2026-05-22T18:48:56.096927+00:00] watchdog started
[2026-05-22T18:48:56.098567+00:00] tray icon run() starting
[2026-05-22T18:48:56.099774+00:00] tray run() ended
[2026-05-22T18:48:56.107700+00:00] watchdog started
[2026-05-22T18:48:56.109069+00:00] tray icon run() starting
[2026-05-22T18:48:56.109941+00:00] tray run() ended
[2026-05-22T18:48:56.113102+00:00] startup header
  executable=C:\Users\babi2\AppData\Local\Programs\Python\Python313\python.exe
  version=3.13.0
  cwd=C:\J.A.R.V.I.S\local_jarvis
  env=yes
  mode=smoke
[2026-05-22T18:48:56.117204+00:00] startup header
  executable=C:\Users\babi2\AppData\Local\Programs\Python\Python313\python.exe
  version=3.13.0
  cwd=C:\J.A.R.V.I.S\local_jarvis
  env=yes
  mode=tray+wakeword(env)+debug-startup
[2026-05-22T18:48:56.119177+00:00] startup header
  executable=C:\Users\babi2\AppData\Local\Programs\Python\Python313\python.exe
  version=3.13.0
  cwd=C:\J.A.R.V.I.S\local_jarvis
  env=yes
  mode=tray+wakeword(env)+debug-startup
[2026-05-22T18:48:56.120293+00:00] startup
  mode=tray
  wake=True
  voice=True
  speak=False
  python=C:\Users\babi2\AppData\Local\Programs\Python\Python313\python.exe
[2026-05-22T18:48:56.122124+00:00] background quiet mode: tray only (no console HUD)
[2026-05-22T18:48:56.123980+00:00] tray: entering main loop
[2026-05-22T18:48:56.130315+00:00] tray: main loop ended
[2026-05-22T18:54:16.188959+00:00] startup header
  executable=C:\Users\babi2\AppData\Local\Programs\Python\Python313\python.exe
  version=3.13.0
  cwd=C:\J.A.R.V.I.S\local_jarvis
  env=yes
  mode=text(default)+wakeword(env)
[2026-05-22T18:54:16.267350+00:00] import pystray: ok
[2026-05-22T18:54:16.269705+00:00] import Pillow: ok
[2026-05-22T18:54:18.019126+00:00] import openwakeword: ok
[2026-05-22T18:54:18.019977+00:00] import onnxruntime: ok
[2026-05-22T18:54:18.208654+00:00] import sounddevice: ok
[2026-05-22T18:54:18.211902+00:00] import pyttsx3: ok
[2026-05-22T18:54:18.253502+00:00] import PySide6: ok
[2026-05-22T18:57:09.274288+00:00] startup header
  executable=C:\Users\babi2\AppData\Local\Programs\Python\Python313\python.exe
  version=3.13.0
  cwd=C:\J.A.R.V.I.S\local_jarvis
  env=yes
  mode=text(default)+wakeword(env)
[2026-05-22T18:57:09.275692+00:00] startup
  mode=other
  wake=True
  voice=True
  speak=True
  python=C:\Users\babi2\AppData\Local\Programs\Python\Python313\python.exe
[2026-05-22T18:57:09.284409+00:00] wakeword-only: detector starting
[2026-05-22T18:57:09.288105+00:00] wakeword-only: keepalive loop
[2026-05-22T19:08:16.896543+00:00] smoke test begin
[2026-05-22T19:08:16.898767+00:00] smoke test PASS
  .env file=PASS (ok)
  config loaded=PASS (ok)
  pystray import=PASS (ok)
  Pillow import=PASS (ok)
  PySide6 import=PASS (ok)
  openwakeword import=PASS (ok)
  onnxruntime import=PASS (ok)
  sounddevice import=PASS (ok)
  pyttsx3 import=PASS (ok)
  wake word model file=PASS (C:\Users\babi2\AppData\Local\Programs\Python\Python313\Lib\site-packages\openwakeword\resources\models\hey_jarvis_v0.1.onnx)
  microphone query=PASS (17 input device(s))
  overlay config=PASS (OVERLAY_ENABLED=True style=premium_ironman_full theme=jarvis_blue opacity=0.92)
[2026-05-22T19:08:16.902280+00:00] startup header
  executable=C:\Users\babi2\AppData\Local\Programs\Python\Python313\python.exe
  version=3.13.0
  cwd=C:\J.A.R.V.I.S\local_jarvis
  env=yes
  mode=tray+wakeword+speak
[2026-05-22T19:08:21.960850+00:00] startup header
  executable=C:\Users\babi2\AppData\Local\Programs\Python\Python313\python.exe
  version=3.13.0
  cwd=C:\J.A.R.V.I.S\local_jarvis
  env=yes
  mode=tray+wakeword+speak
[2026-05-22T19:08:21.962089+00:00] startup
  mode=tray
  wake=True
  voice=True
  speak=True
  python=C:\Users\babi2\AppData\Local\Programs\Python\Python313\python.exe
[2026-05-22T19:08:21.964230+00:00] background quiet mode: tray only (no console HUD)
[2026-05-22T19:08:21.965251+00:00] tray: entering main loop
[2026-05-22T19:08:21.966635+00:00] tray: main loop ended
[2026-05-22T19:08:21.972344+00:00] watchdog started
[2026-05-22T19:08:21.974079+00:00] tray icon run() starting
[2026-05-22T19:08:21.975291+00:00] tray run() ended
[2026-05-22T19:08:21.983928+00:00] watchdog started
[2026-05-22T19:08:21.985451+00:00] tray icon run() starting
[2026-05-22T19:08:21.986609+00:00] tray run() ended
[2026-05-22T19:08:21.989746+00:00] startup header
  executable=C:\Users\babi2\AppData\Local\Programs\Python\Python313\python.exe
  version=3.13.0
  cwd=C:\J.A.R.V.I.S\local_jarvis
  env=yes
  mode=smoke
[2026-05-22T19:08:21.993791+00:00] startup header
  executable=C:\Users\babi2\AppData\Local\Programs\Python\Python313\python.exe
  version=3.13.0
  cwd=C:\J.A.R.V.I.S\local_jarvis
  env=yes
  mode=tray+wakeword(env)+debug-startup
[2026-05-22T19:08:21.995628+00:00] startup header
  executable=C:\Users\babi2\AppData\Local\Programs\Python\Python313\python.exe
  version=3.13.0
  cwd=C:\J.A.R.V.I.S\local_jarvis
  env=yes
  mode=tray+wakeword(env)+debug-startup
[2026-05-22T19:08:21.996611+00:00] startup
  mode=tray
  wake=True
  voice=True
  speak=False
  python=C:\Users\babi2\AppData\Local\Programs\Python\Python313\python.exe
[2026-05-22T19:08:21.998698+00:00] background quiet mode: tray only (no console HUD)
[2026-05-22T19:08:22.000376+00:00] tray: entering main loop
[2026-05-22T19:08:22.006195+00:00] tray: main loop ended
[2026-05-22T19:24:28.198759+00:00] smoke test begin
[2026-05-22T19:24:28.200518+00:00] smoke test PASS
  .env file=PASS (ok)
  config loaded=PASS (ok)
  pystray import=PASS (ok)
  Pillow import=PASS (ok)
  PySide6 import=PASS (ok)
  openwakeword import=PASS (ok)
  onnxruntime import=PASS (ok)
  sounddevice import=PASS (ok)
  pyttsx3 import=PASS (ok)
  wake word model file=PASS (C:\Users\babi2\AppData\Local\Programs\Python\Python313\Lib\site-packages\openwakeword\resources\models\hey_jarvis_v0.1.onnx)
  microphone query=PASS (17 input device(s))
  overlay config=PASS (OVERLAY_ENABLED=True style=premium_ironman_full theme=jarvis_blue opacity=0.92)
[2026-05-22T19:24:28.203353+00:00] startup header
  executable=C:\Users\babi2\AppData\Local\Programs\Python\Python313\python.exe
  version=3.13.0
  cwd=C:\J.A.R.V.I.S\local_jarvis
  env=yes
  mode=tray+wakeword+speak
[2026-05-22T19:24:32.784678+00:00] startup header
  executable=C:\Users\babi2\AppData\Local\Programs\Python\Python313\python.exe
  version=3.13.0
  cwd=C:\J.A.R.V.I.S\local_jarvis
  env=yes
  mode=tray+wakeword+speak
[2026-05-22T19:24:32.785657+00:00] startup
  mode=tray
  wake=True
  voice=True
  speak=True
  python=C:\Users\babi2\AppData\Local\Programs\Python\Python313\python.exe
[2026-05-22T19:24:32.787244+00:00] background quiet mode: tray only (no console HUD)
[2026-05-22T19:24:32.788091+00:00] tray: entering main loop
[2026-05-22T19:24:32.789195+00:00] tray: main loop ended
[2026-05-22T19:24:32.793767+00:00] watchdog started
[2026-05-22T19:24:32.795008+00:00] tray icon run() starting
[2026-05-22T19:24:32.796036+00:00] tray run() ended
[2026-05-22T19:24:32.802481+00:00] watchdog started
[2026-05-22T19:24:32.803668+00:00] tray icon run() starting
[2026-05-22T19:24:32.804690+00:00] tray run() ended
[2026-05-22T19:24:32.807318+00:00] startup header
  executable=C:\Users\babi2\AppData\Local\Programs\Python\Python313\python.exe
  version=3.13.0
  cwd=C:\J.A.R.V.I.S\local_jarvis
  env=yes
  mode=smoke
[2026-05-22T19:24:32.810509+00:00] startup header
  executable=C:\Users\babi2\AppData\Local\Programs\Python\Python313\python.exe
  version=3.13.0
  cwd=C:\J.A.R.V.I.S\local_jarvis
  env=yes
  mode=tray+wakeword(env)+debug-startup
[2026-05-22T19:24:32.811961+00:00] startup header
  executable=C:\Users\babi2\AppData\Local\Programs\Python\Python313\python.exe
  version=3.13.0
  cwd=C:\J.A.R.V.I.S\local_jarvis
  env=yes
  mode=tray+wakeword(env)+debug-startup
[2026-05-22T19:24:32.812807+00:00] startup
  mode=tray
  wake=True
  voice=True
  speak=False
  python=C:\Users\babi2\AppData\Local\Programs\Python\Python313\python.exe
[2026-05-22T19:24:32.814482+00:00] background quiet mode: tray only (no console HUD)
[2026-05-22T19:24:32.815899+00:00] tray: entering main loop
[2026-05-22T19:24:32.821847+00:00] tray: main loop ended
[2026-05-22T19:27:10.168229+00:00] smoke test begin
[2026-05-22T19:27:10.170082+00:00] smoke test PASS
  .env file=PASS (ok)
  config loaded=PASS (ok)
  pystray import=PASS (ok)
  Pillow import=PASS (ok)
  PySide6 import=PASS (ok)
  openwakeword import=PASS (ok)
  onnxruntime import=PASS (ok)
  sounddevice import=PASS (ok)
  pyttsx3 import=PASS (ok)
  wake word model file=PASS (C:\Users\babi2\AppData\Local\Programs\Python\Python313\Lib\site-packages\openwakeword\resources\models\hey_jarvis_v0.1.onnx)
  microphone query=PASS (17 input device(s))
  overlay config=PASS (OVERLAY_ENABLED=True style=premium_ironman_full theme=jarvis_blue opacity=0.92)
[2026-05-22T19:27:10.173117+00:00] startup header
  executable=C:\Users\babi2\AppData\Local\Programs\Python\Python313\python.exe
  version=3.13.0
  cwd=C:\J.A.R.V.I.S\local_jarvis
  env=yes
  mode=tray+wakeword+speak
[2026-05-22T19:27:14.817807+00:00] startup header
  executable=C:\Users\babi2\AppData\Local\Programs\Python\Python313\python.exe
  version=3.13.0
  cwd=C:\J.A.R.V.I.S\local_jarvis
  env=yes
  mode=tray+wakeword+speak
[2026-05-22T19:27:14.818871+00:00] startup
  mode=tray
  wake=True
  voice=True
  speak=True
  python=C:\Users\babi2\AppData\Local\Programs\Python\Python313\python.exe
[2026-05-22T19:27:14.820577+00:00] background quiet mode: tray only (no console HUD)
[2026-05-22T19:27:14.821287+00:00] tray: entering main loop
[2026-05-22T19:27:14.822291+00:00] tray: main loop ended
[2026-05-22T19:27:14.826890+00:00] watchdog started
[2026-05-22T19:27:14.828233+00:00] tray icon run() starting
[2026-05-22T19:27:14.829265+00:00] tray run() ended
[2026-05-22T19:27:14.835731+00:00] watchdog started
[2026-05-22T19:27:14.836997+00:00] tray icon run() starting
[2026-05-22T19:27:14.838112+00:00] tray run() ended
[2026-05-22T19:27:14.840729+00:00] startup header
  executable=C:\Users\babi2\AppData\Local\Programs\Python\Python313\python.exe
  version=3.13.0
  cwd=C:\J.A.R.V.I.S\local_jarvis
  env=yes
  mode=smoke
[2026-05-22T19:27:14.843945+00:00] startup header
  executable=C:\Users\babi2\AppData\Local\Programs\Python\Python313\python.exe
  version=3.13.0
  cwd=C:\J.A.R.V.I.S\local_jarvis
  env=yes
  mode=tray+wakeword(env)+debug-startup
[2026-05-22T19:27:14.845273+00:00] startup header
  executable=C:\Users\babi2\AppData\Local\Programs\Python\Python313\python.exe
  version=3.13.0
  cwd=C:\J.A.R.V.I.S\local_jarvis
  env=yes
  mode=tray+wakeword(env)+debug-startup
[2026-05-22T19:27:14.845860+00:00] startup
  mode=tray
  wake=True
  voice=True
  speak=False
  python=C:\Users\babi2\AppData\Local\Programs\Python\Python313\python.exe
[2026-05-22T19:27:14.846937+00:00] background quiet mode: tray only (no console HUD)
[2026-05-22T19:27:14.848390+00:00] tray: entering main loop
[2026-05-22T19:27:14.853062+00:00] tray: main loop ended
[2026-05-22T20:14:22.716091+00:00] smoke test begin
[2026-05-22T20:14:22.718441+00:00] smoke test PASS
  .env file=PASS (ok)
  config loaded=PASS (ok)
  pystray import=PASS (ok)
  Pillow import=PASS (ok)
  PySide6 import=PASS (ok)
  openwakeword import=PASS (ok)
  onnxruntime import=PASS (ok)
  sounddevice import=PASS (ok)
  pyttsx3 import=PASS (ok)
  wake word model file=PASS (C:\Users\babi2\AppData\Local\Programs\Python\Python313\Lib\site-packages\openwakeword\resources\models\hey_jarvis_v0.1.onnx)
  microphone query=PASS (17 input device(s))
  overlay config=PASS (OVERLAY_ENABLED=True style=premium_ironman_full theme=jarvis_blue opacity=0.92)
[2026-05-22T20:14:22.722102+00:00] startup header
  executable=C:\Users\babi2\AppData\Local\Programs\Python\Python313\python.exe
  version=3.13.0
  cwd=C:\J.A.R.V.I.S\local_jarvis
  env=yes
  mode=tray+wakeword+speak
[2026-05-22T20:14:24.988370+00:00] startup header
  executable=C:\Users\babi2\AppData\Local\Programs\Python\Python313\python.exe
  version=3.13.0
  cwd=C:\J.A.R.V.I.S\local_jarvis
  env=yes
  mode=tray+wakeword+speak
[2026-05-22T20:14:24.989538+00:00] startup
  mode=tray
  wake=True
  voice=True
  speak=True
  python=C:\Users\babi2\AppData\Local\Programs\Python\Python313\python.exe
[2026-05-22T20:14:24.991555+00:00] background quiet mode: tray only (no console HUD)
[2026-05-22T20:14:24.992534+00:00] tray: entering main loop
[2026-05-22T20:14:24.993838+00:00] tray: main loop ended
[2026-05-22T20:14:24.999065+00:00] watchdog started
[2026-05-22T20:14:25.000504+00:00] tray icon run() starting
[2026-05-22T20:14:25.001782+00:00] tray run() ended
[2026-05-22T20:14:25.008774+00:00] watchdog started
[2026-05-22T20:14:25.010212+00:00] tray icon run() starting
[2026-05-22T20:14:25.011374+00:00] tray run() ended
[2026-05-22T20:14:25.014320+00:00] startup header
  executable=C:\Users\babi2\AppData\Local\Programs\Python\Python313\python.exe
  version=3.13.0
  cwd=C:\J.A.R.V.I.S\local_jarvis
  env=yes
  mode=smoke
[2026-05-22T20:14:25.017924+00:00] startup header
  executable=C:\Users\babi2\AppData\Local\Programs\Python\Python313\python.exe
  version=3.13.0
  cwd=C:\J.A.R.V.I.S\local_jarvis
  env=yes
  mode=tray+wakeword(env)+debug-startup
[2026-05-22T20:14:25.019651+00:00] startup header
  executable=C:\Users\babi2\AppData\Local\Programs\Python\Python313\python.exe
  version=3.13.0
  cwd=C:\J.A.R.V.I.S\local_jarvis
  env=yes
  mode=tray+wakeword(env)+debug-startup
[2026-05-22T20:14:25.020672+00:00] startup
  mode=tray
  wake=True
  voice=True
  speak=False
  python=C:\Users\babi2\AppData\Local\Programs\Python\Python313\python.exe
[2026-05-22T20:14:25.022567+00:00] background quiet mode: tray only (no console HUD)
[2026-05-22T20:14:25.024147+00:00] tray: entering main loop
[2026-05-22T20:14:25.029226+00:00] tray: main loop ended
[2026-05-22T20:35:16.292648+00:00] wakeword-only: stopped
[2026-05-22T20:35:20.284731+00:00] startup header
  executable=C:\Users\babi2\AppData\Local\Programs\Python\Python313\python.exe
  version=3.13.0
  cwd=C:\J.A.R.V.I.S\local_jarvis
  env=yes
  mode=text(default)+wakeword(env)
[2026-05-22T20:35:20.359535+00:00] import pystray: ok
[2026-05-22T20:35:20.361956+00:00] import Pillow: ok
[2026-05-22T20:35:22.080701+00:00] import openwakeword: ok
[2026-05-22T20:35:22.081574+00:00] import onnxruntime: ok
[2026-05-22T20:35:22.271665+00:00] import sounddevice: ok
[2026-05-22T20:35:22.274782+00:00] import pyttsx3: ok
[2026-05-22T20:35:22.316565+00:00] import PySide6: ok
[2026-05-22T20:38:13.164088+00:00] startup header
  executable=C:\Users\babi2\AppData\Local\Programs\Python\Python313\python.exe
  version=3.13.0
  cwd=C:\J.A.R.V.I.S\local_jarvis
  env=yes
  mode=text(default)+wakeword(env)
[2026-05-22T20:38:13.165068+00:00] startup
  mode=other
  wake=True
  voice=True
  speak=True
  python=C:\Users\babi2\AppData\Local\Programs\Python\Python313\python.exe
[2026-05-22T20:38:13.172726+00:00] wakeword-only: detector starting
[2026-05-22T20:38:13.175884+00:00] wakeword-only: keepalive loop
[2026-05-22T20:42:08.040298+00:00] wakeword-only: stopped
[2026-05-22T20:43:25.797249+00:00] startup header
  executable=C:\Users\babi2\AppData\Local\Programs\Python\Python313\python.exe
  version=3.13.0
  cwd=C:\J.A.R.V.I.S\local_jarvis
  env=yes
  mode=tray+voice+wakeword+speak
[2026-05-22T20:43:25.881535+00:00] import pystray: ok
[2026-05-22T20:43:25.883935+00:00] import Pillow: ok
[2026-05-22T20:43:27.616901+00:00] import openwakeword: ok
[2026-05-22T20:43:27.617728+00:00] import onnxruntime: ok
[2026-05-22T20:43:27.803566+00:00] import sounddevice: ok
[2026-05-22T20:43:27.806539+00:00] import pyttsx3: ok
[2026-05-22T20:43:27.848460+00:00] import PySide6: ok
[2026-05-22T20:44:18.296077+00:00] startup header
  executable=C:\Users\babi2\AppData\Local\Programs\Python\Python313\python.exe
  version=3.13.0
  cwd=C:\J.A.R.V.I.S\local_jarvis
  env=yes
  mode=tray+voice+wakeword+speak
[2026-05-22T20:44:18.380848+00:00] import pystray: ok
[2026-05-22T20:44:18.383385+00:00] import Pillow: ok
[2026-05-22T20:44:20.062553+00:00] import openwakeword: ok
[2026-05-22T20:44:20.063353+00:00] import onnxruntime: ok
[2026-05-22T20:44:20.262933+00:00] import sounddevice: ok
[2026-05-22T20:44:20.265658+00:00] import pyttsx3: ok
[2026-05-22T20:44:20.307007+00:00] import PySide6: ok
[2026-05-22T20:44:43.272802+00:00] startup header
  executable=C:\Users\babi2\AppData\Local\Programs\Python\Python313\python.exe
  version=3.13.0
  cwd=C:\J.A.R.V.I.S\local_jarvis
  env=yes
  mode=tray+voice+wakeword+speak
[2026-05-22T20:44:43.356242+00:00] import pystray: ok
[2026-05-22T20:44:43.358463+00:00] import Pillow: ok
[2026-05-22T20:44:44.986111+00:00] import openwakeword: ok
[2026-05-22T20:44:44.986956+00:00] import onnxruntime: ok
[2026-05-22T20:44:45.171678+00:00] import sounddevice: ok
[2026-05-22T20:44:45.174427+00:00] import pyttsx3: ok
[2026-05-22T20:44:45.217004+00:00] import PySide6: ok
[2026-05-22T20:45:57.253793+00:00] startup header
  executable=C:\Users\babi2\AppData\Local\Programs\Python\Python313\python.exe
  version=3.13.0
  cwd=C:\J.A.R.V.I.S\local_jarvis
  env=yes
  mode=text(default)+wakeword(env)
[2026-05-22T20:45:57.332791+00:00] import pystray: ok
[2026-05-22T20:45:57.335493+00:00] import Pillow: ok
[2026-05-22T20:45:59.014653+00:00] import openwakeword: ok
[2026-05-22T20:45:59.015475+00:00] import onnxruntime: ok
[2026-05-22T20:45:59.207489+00:00] import sounddevice: ok
[2026-05-22T20:45:59.210496+00:00] import pyttsx3: ok
[2026-05-22T20:45:59.252303+00:00] import PySide6: ok
[2026-05-22T20:46:18.909494+00:00] startup header
  executable=C:\Users\babi2\AppData\Local\Programs\Python\Python313\python.exe
  version=3.13.0
  cwd=C:\J.A.R.V.I.S\local_jarvis
  env=yes
  mode=tray+voice+wakeword+speak
[2026-05-22T20:46:18.911081+00:00] startup
  mode=tray
  wake=True
  voice=True
  speak=True
  python=C:\Users\babi2\AppData\Local\Programs\Python\Python313\python.exe
[2026-05-22T20:46:18.918208+00:00] background quiet mode: tray only (no console HUD)
[2026-05-22T20:46:18.919244+00:00] tray: entering main loop
[2026-05-22T20:46:18.946156+00:00] watchdog started
[2026-05-22T20:46:18.953851+00:00] tray icon run() starting
[2026-05-22T20:46:38.574428+00:00] smoke test begin
[2026-05-22T20:46:38.576565+00:00] smoke test PASS
  .env file=PASS (ok)
  config loaded=PASS (ok)
  pystray import=PASS (ok)
  Pillow import=PASS (ok)
  PySide6 import=PASS (ok)
  openwakeword import=PASS (ok)
  onnxruntime import=PASS (ok)
  sounddevice import=PASS (ok)
  pyttsx3 import=PASS (ok)
  wake word model file=PASS (C:\Users\babi2\AppData\Local\Programs\Python\Python313\Lib\site-packages\openwakeword\resources\models\hey_jarvis_v0.1.onnx)
  microphone query=PASS (17 input device(s))
  overlay config=PASS (OVERLAY_ENABLED=True style=premium_ironman_full theme=jarvis_blue opacity=0.92)
[2026-05-22T20:46:38.580150+00:00] startup header
  executable=C:\Users\babi2\AppData\Local\Programs\Python\Python313\python.exe
  version=3.13.0
  cwd=C:\J.A.R.V.I.S\local_jarvis
  env=yes
  mode=tray+wakeword+speak
[2026-05-22T20:47:11.105683+00:00] startup header
  executable=C:\Users\babi2\AppData\Local\Programs\Python\Python313\python.exe
  version=3.13.0
  cwd=C:\J.A.R.V.I.S\local_jarvis
  env=yes
  mode=tray+voice+wakeword+speak
[2026-05-22T20:47:11.107216+00:00] startup
  mode=tray
  wake=True
  voice=True
  speak=True
  python=C:\Users\babi2\AppData\Local\Programs\Python\Python313\python.exe
[2026-05-22T20:47:11.114243+00:00] background quiet mode: tray only (no console HUD)
[2026-05-22T20:47:11.115176+00:00] tray: entering main loop
[2026-05-22T20:47:11.162955+00:00] watchdog started
[2026-05-22T20:47:11.178105+00:00] tray icon run() starting
[2026-05-22T20:47:36.073862+00:00] startup header
  executable=C:\Users\babi2\AppData\Local\Programs\Python\Python313\python.exe
  version=3.13.0
  cwd=C:\J.A.R.V.I.S\local_jarvis
  env=yes
  mode=tray+voice+wakeword+speak
[2026-05-22T20:47:36.075250+00:00] startup
  mode=tray
  wake=True
  voice=True
  speak=True
  python=C:\Users\babi2\AppData\Local\Programs\Python\Python313\python.exe
[2026-05-22T20:47:36.081537+00:00] background quiet mode: tray only (no console HUD)
[2026-05-22T20:47:36.082288+00:00] tray: entering main loop
[2026-05-22T20:47:36.141880+00:00] watchdog started
[2026-05-22T20:47:36.143951+00:00] tray icon run() starting
[2026-05-22T20:48:50.041470+00:00] startup header
  executable=C:\Users\babi2\AppData\Local\Programs\Python\Python313\python.exe
  version=3.13.0
  cwd=C:\J.A.R.V.I.S\local_jarvis
  env=yes
  mode=text(default)+wakeword(env)
[2026-05-22T20:48:50.042573+00:00] startup
  mode=other
  wake=True
  voice=True
  speak=True
  python=C:\Users\babi2\AppData\Local\Programs\Python\Python313\python.exe
[2026-05-22T20:48:50.052780+00:00] wakeword-only: detector starting
[2026-05-22T20:48:50.055409+00:00] wakeword-only: keepalive loop
[2026-05-22T20:49:29.240024+00:00] startup header
  executable=C:\Users\babi2\AppData\Local\Programs\Python\Python313\python.exe
  version=3.13.0
  cwd=C:\J.A.R.V.I.S\local_jarvis
  env=yes
  mode=tray+wakeword+speak
[2026-05-22T20:49:29.241174+00:00] startup
  mode=tray
  wake=True
  voice=True
  speak=True
  python=C:\Users\babi2\AppData\Local\Programs\Python\Python313\python.exe
[2026-05-22T20:49:29.243260+00:00] background quiet mode: tray only (no console HUD)
[2026-05-22T20:49:29.244169+00:00] tray: entering main loop
[2026-05-22T20:49:29.245301+00:00] tray: main loop ended
[2026-05-22T20:49:29.259382+00:00] watchdog started
[2026-05-22T20:49:29.261207+00:00] tray icon run() starting
[2026-05-22T20:49:29.262575+00:00] tray run() ended
[2026-05-22T20:49:29.271043+00:00] watchdog started
[2026-05-22T20:49:29.272627+00:00] tray icon run() starting
[2026-05-22T20:49:29.273940+00:00] tray run() ended
[2026-05-22T20:49:29.277056+00:00] startup header
  executable=C:\Users\babi2\AppData\Local\Programs\Python\Python313\python.exe
  version=3.13.0
  cwd=C:\J.A.R.V.I.S\local_jarvis
  env=yes
  mode=smoke
[2026-05-22T20:49:29.281085+00:00] startup header
  executable=C:\Users\babi2\AppData\Local\Programs\Python\Python313\python.exe
  version=3.13.0
  cwd=C:\J.A.R.V.I.S\local_jarvis
  env=yes
  mode=tray+wakeword(env)+debug-startup
[2026-05-22T20:49:29.283044+00:00] startup header
  executable=C:\Users\babi2\AppData\Local\Programs\Python\Python313\python.exe
  version=3.13.0
  cwd=C:\J.A.R.V.I.S\local_jarvis
  env=yes
  mode=tray+wakeword(env)+debug-startup
[2026-05-22T20:49:29.284145+00:00] startup
  mode=tray
  wake=True
  voice=True
  speak=False
  python=C:\Users\babi2\AppData\Local\Programs\Python\Python313\python.exe
[2026-05-22T20:49:29.286229+00:00] background quiet mode: tray only (no console HUD)
[2026-05-22T20:49:29.288171+00:00] tray: entering main loop
[2026-05-22T20:49:29.294083+00:00] tray: main loop ended
[2026-05-22T20:58:56.447277+00:00] smoke test begin
[2026-05-22T20:58:56.449533+00:00] smoke test PASS
  .env file=PASS (ok)
  config loaded=PASS (ok)
  pystray import=PASS (ok)
  Pillow import=PASS (ok)
  PySide6 import=PASS (ok)
  openwakeword import=PASS (ok)
  onnxruntime import=PASS (ok)
  sounddevice import=PASS (ok)
  pyttsx3 import=PASS (ok)
  wake word model file=PASS (C:\Users\babi2\AppData\Local\Programs\Python\Python313\Lib\site-packages\openwakeword\resources\models\hey_jarvis_v0.1.onnx)
  microphone query=PASS (17 input device(s))
  overlay config=PASS (OVERLAY_ENABLED=True style=premium_ironman_full theme=jarvis_blue opacity=0.92)
[2026-05-22T20:58:56.453362+00:00] startup header
  executable=C:\Users\babi2\AppData\Local\Programs\Python\Python313\python.exe
  version=3.13.0
  cwd=C:\J.A.R.V.I.S\local_jarvis
  env=yes
  mode=tray+wakeword+speak
